# Blender 5.1.2
# www.blender.org
mtllib cubesfuni.mtl
o mesh
v 0.066413 -0.042647 0.032067
v 0.051998 -0.049737 0.030295
v 0.070084 -0.049737 0.018538
v 0.055669 -0.042647 0.016766
v 0.055669 -0.103851 0.032067
v 0.070084 -0.096761 0.030295
v 0.051998 -0.096761 0.018538
v 0.066413 -0.103851 0.016766
v -0.055670 -0.042647 0.032067
v -0.070084 -0.049737 0.030295
v -0.051998 -0.049737 0.018538
v -0.066413 -0.042647 0.016766
v -0.066413 -0.103851 0.032067
v -0.051998 -0.096761 0.030295
v -0.070084 -0.096761 0.018538
v -0.055669 -0.103851 0.016766
v 0.068396 -0.063812 0.122745
v 0.053796 -0.050442 0.125895
v 0.065899 -0.045180 0.115784
v 0.053663 -0.058843 0.107695
v 0.057787 -0.110126 0.102283
v 0.072346 -0.110992 0.102915
v 0.057979 -0.106146 0.088239
v 0.072260 -0.103833 0.090193
v -0.056107 -0.058076 0.125047
v -0.068945 -0.057584 0.124581
v -0.054060 -0.060831 0.107423
v -0.068645 -0.051977 0.113016
v -0.073168 -0.110801 0.102002
v -0.056747 -0.107525 0.102701
v -0.071114 -0.100536 0.088916
v -0.060528 -0.114420 0.086995
v 0.026858 0.030602 0.131361
v -0.045216 0.023512 0.120726
v 0.045216 0.023512 0.050189
v -0.026858 0.030602 0.039554
v -0.026858 -0.030602 0.131361
v 0.045216 -0.023512 0.120726
v -0.045216 -0.023512 0.050189
v 0.026858 -0.030602 0.039554
v 0.032229 0.045903 0.258001
v -0.054259 0.035268 0.249139
v 0.054258 0.035268 0.190358
v -0.032230 0.045903 0.181496
v -0.032230 -0.045903 0.258001
v 0.054258 -0.035268 0.249139
v -0.054259 -0.035268 0.190358
v 0.032229 -0.045903 0.181496
v 0.016115 0.122897 0.235050
v -0.027130 0.118465 0.231505
v 0.027130 0.118465 0.207992
v -0.016115 0.122897 0.204447
v -0.016115 0.084644 0.235050
v 0.027130 0.089075 0.231505
v -0.027130 0.089075 0.207992
v 0.016115 0.084644 0.204448
v -0.032283 0.022137 0.317151
v -0.038553 0.021251 0.312129
v -0.024634 0.021251 0.291132
v -0.030904 0.022137 0.286111
v -0.038378 0.015373 0.318652
v -0.030184 0.014487 0.312947
v -0.033003 0.014487 0.290314
v -0.024809 0.015373 0.284609
v -0.033763 0.005372 0.323825
v -0.040608 0.002713 0.321400
v -0.030507 0.002713 0.317619
v -0.037351 0.005372 0.315193
v -0.039405 -0.014921 0.323287
v -0.032404 -0.017579 0.322959
v -0.038710 -0.017579 0.316059
v -0.031709 -0.014921 0.315731
v 0.018142 0.005372 0.324595
v 0.010885 0.002713 0.324340
v 0.019381 0.002713 0.317696
v 0.012124 0.005372 0.317441
v 0.012599 -0.014921 0.325779
v 0.019178 -0.017579 0.323360
v 0.011088 -0.017579 0.318676
v 0.017667 -0.014921 0.316257
v 0.017546 0.022137 0.317784
v 0.010057 0.021251 0.314881
v 0.017017 0.021251 0.290670
v 0.009528 0.022137 0.287767
v 0.012185 0.015373 0.321049
v 0.018284 0.014487 0.313144
v 0.008790 0.014487 0.292407
v 0.014889 0.015373 0.284502
v 0.021092 -0.075502 0.106709
v -0.042335 -0.105327 0.107595
v 0.039425 -0.088339 0.100831
v -0.033093 -0.092127 0.099945
v -0.021092 -0.174767 0.106709
v 0.042335 -0.144942 0.107595
v -0.039425 -0.161930 0.100831
v 0.033093 -0.158142 0.099945
v 0.023422 -0.078582 0.119804
v -0.047605 -0.093693 0.118917
v 0.035766 -0.088940 0.112153
v -0.033219 -0.076548 0.113039
v -0.023422 -0.159478 0.119803
v 0.047605 -0.144368 0.118918
v -0.035766 -0.149120 0.112153
v 0.033219 -0.161512 0.113039
v 0.013227 -0.073411 0.132012
v -0.049969 -0.109181 0.131126
v 0.028114 -0.079578 0.124362
v -0.041404 -0.088504 0.125247
v -0.007123 -0.164650 0.132012
v 0.056073 -0.128880 0.131126
v -0.022010 -0.158483 0.124361
v 0.047508 -0.149557 0.125248
v 0.018040 -0.075502 0.143334
v -0.045388 -0.105327 0.144220
v 0.036373 -0.088339 0.137456
v -0.036145 -0.092127 0.136570
v -0.024144 -0.174767 0.143334
v 0.039283 -0.144942 0.144220
v -0.042477 -0.161930 0.137456
v 0.030040 -0.158142 0.136570
v 0.028283 -0.078192 0.155542
v -0.040097 -0.093581 0.156428
v 0.043403 -0.094693 0.149664
v -0.028216 -0.082695 0.148778
v -0.034387 -0.165973 0.155542
v 0.033992 -0.150584 0.156428
v -0.049507 -0.149472 0.149664
v 0.022112 -0.161470 0.148778
v 0.032229 -0.076179 0.095387
v -0.054259 -0.086814 0.094501
v 0.054258 -0.086814 0.088623
v -0.032230 -0.076179 0.087737
v -0.032230 -0.167986 0.095387
v 0.054258 -0.157351 0.094501
v -0.054259 -0.157351 0.088623
v 0.032229 -0.167986 0.087737
v 0.053192 -0.057909 0.015791
v 0.052145 -0.072435 0.015678
v 0.051932 -0.085751 0.016612
v 0.050218 -0.060645 0.027568
v 0.049624 -0.073249 0.024417
v 0.050218 -0.085853 0.021265
v 0.051932 -0.042033 0.027542
v 0.052145 -0.038297 0.024213
v 0.053192 -0.038749 0.020581
v 0.067206 -0.042033 0.016612
v 0.063675 -0.038297 0.015678
v 0.059914 -0.038749 0.015791
v 0.064055 -0.031257 0.028226
v 0.061041 -0.028214 0.024417
v 0.058027 -0.031257 0.020607
v 0.068890 -0.038749 0.028252
v 0.069937 -0.038297 0.024620
v 0.070150 -0.042033 0.021291
v 0.070150 -0.060747 0.016612
v 0.069937 -0.074063 0.015678
v 0.068890 -0.088589 0.015791
v 0.071864 -0.060645 0.021265
v 0.072458 -0.073249 0.024417
v 0.071864 -0.085853 0.027568
v 0.070150 -0.104465 0.027542
v 0.069937 -0.108201 0.024213
v 0.068890 -0.107749 0.020581
v 0.054876 -0.104465 0.016612
v 0.058407 -0.108201 0.015678
v 0.062168 -0.107749 0.015791
v 0.058027 -0.115241 0.028226
v 0.061041 -0.118284 0.024417
v 0.064055 -0.115241 0.020607
v 0.053192 -0.107749 0.028252
v 0.052145 -0.108201 0.024620
v 0.051932 -0.104465 0.021291
v 0.068890 -0.057909 0.033042
v 0.069937 -0.072435 0.033155
v 0.070150 -0.085751 0.032221
v 0.064055 -0.058011 0.034915
v 0.061041 -0.073249 0.035675
v 0.058027 -0.088487 0.034915
v 0.059914 -0.107749 0.033042
v 0.063675 -0.108201 0.033155
v 0.067206 -0.104465 0.032221
v 0.058027 -0.058011 0.013918
v 0.061041 -0.073249 0.013158
v 0.064055 -0.088487 0.013918
v -0.068890 -0.057909 0.015791
v -0.069937 -0.072435 0.015678
v -0.070151 -0.085751 0.016612
v -0.071865 -0.060645 0.027568
v -0.072458 -0.073249 0.024417
v -0.071865 -0.085853 0.021265
v -0.070151 -0.042033 0.027542
v -0.069937 -0.038297 0.024213
v -0.068890 -0.038749 0.020581
v -0.054876 -0.042033 0.016612
v -0.058407 -0.038297 0.015678
v -0.062168 -0.038749 0.015791
v -0.058027 -0.031257 0.028226
v -0.061041 -0.028214 0.024417
v -0.064055 -0.031257 0.020607
v -0.053192 -0.038749 0.028252
v -0.052145 -0.038297 0.024620
v -0.051932 -0.042033 0.021291
v -0.051932 -0.060747 0.016612
v -0.052145 -0.074063 0.015678
v -0.053192 -0.088589 0.015791
v -0.050218 -0.060645 0.021265
v -0.049624 -0.073249 0.024417
v -0.050218 -0.085853 0.027568
v -0.051932 -0.104465 0.027542
v -0.052145 -0.108201 0.024213
v -0.053192 -0.107749 0.020581
v -0.067206 -0.104465 0.016612
v -0.063675 -0.108201 0.015678
v -0.059914 -0.107749 0.015791
v -0.064055 -0.115241 0.028226
v -0.061041 -0.118284 0.024417
v -0.058027 -0.115241 0.020607
v -0.068890 -0.107749 0.028252
v -0.069937 -0.108201 0.024620
v -0.070151 -0.104465 0.021291
v -0.053192 -0.057909 0.033042
v -0.052145 -0.072435 0.033155
v -0.051932 -0.085751 0.032221
v -0.058027 -0.058011 0.034915
v -0.061041 -0.073249 0.035675
v -0.064055 -0.088487 0.034915
v -0.062168 -0.107749 0.033042
v -0.058407 -0.108201 0.033155
v -0.054876 -0.104465 0.032221
v -0.064055 -0.058011 0.013918
v -0.061041 -0.073249 0.013158
v -0.058027 -0.088487 0.013918
v 0.051947 -0.049253 0.123340
v 0.051197 -0.048810 0.119887
v 0.051767 -0.051256 0.114944
v 0.051467 -0.069254 0.107410
v 0.051615 -0.082376 0.105983
v 0.053415 -0.096335 0.104140
v 0.052748 -0.061976 0.123112
v 0.052984 -0.075922 0.118277
v 0.054509 -0.091185 0.111745
v 0.068696 -0.053158 0.123080
v 0.068592 -0.047894 0.121342
v 0.067704 -0.045880 0.118542
v 0.056030 -0.042667 0.126275
v 0.059083 -0.039072 0.124473
v 0.062518 -0.039846 0.120855
v 0.063764 -0.055302 0.127200
v 0.059806 -0.051714 0.128682
v 0.056452 -0.050772 0.127942
v 0.073483 -0.113148 0.099862
v 0.074341 -0.113980 0.096081
v 0.074102 -0.111425 0.092831
v 0.072124 -0.070914 0.115747
v 0.074012 -0.081050 0.107504
v 0.074417 -0.092304 0.098864
v 0.070707 -0.079660 0.117262
v 0.072065 -0.092866 0.112014
v 0.072485 -0.103897 0.106775
v 0.060279 -0.108695 0.086374
v 0.063663 -0.110378 0.085173
v 0.067523 -0.109205 0.086109
v 0.062441 -0.121062 0.094117
v 0.066376 -0.122440 0.089809
v 0.069791 -0.117866 0.087977
v 0.056932 -0.113810 0.094957
v 0.056874 -0.113330 0.090844
v 0.057365 -0.109962 0.088809
v 0.065250 -0.073903 0.121490
v 0.062509 -0.086051 0.117112
v 0.060022 -0.098563 0.110889
v 0.063511 -0.116030 0.101678
v 0.067552 -0.116932 0.101752
v 0.070568 -0.114415 0.102297
v 0.054069 -0.074048 0.100266
v 0.055009 -0.087113 0.094590
v 0.056553 -0.098523 0.090499
v 0.058342 -0.066265 0.101667
v 0.063117 -0.077375 0.096374
v 0.067811 -0.090076 0.092115
v -0.069427 -0.053758 0.123979
v -0.069718 -0.050397 0.122057
v -0.069453 -0.049856 0.118427
v -0.072794 -0.066743 0.109348
v -0.074851 -0.081676 0.106531
v -0.075316 -0.096424 0.104135
v -0.070431 -0.065258 0.122239
v -0.072046 -0.077180 0.117879
v -0.073037 -0.091732 0.111533
v -0.057062 -0.051066 0.110286
v -0.060553 -0.047265 0.111585
v -0.064422 -0.047775 0.112239
v -0.057441 -0.045932 0.125885
v -0.060285 -0.041477 0.123722
v -0.064011 -0.042736 0.119581
v -0.053213 -0.053228 0.122995
v -0.052118 -0.051368 0.119678
v -0.052422 -0.053322 0.114738
v -0.054424 -0.076172 0.100025
v -0.055519 -0.089983 0.094164
v -0.057618 -0.103257 0.089622
v -0.052102 -0.071231 0.107332
v -0.052376 -0.083892 0.106028
v -0.054015 -0.096606 0.104326
v -0.057219 -0.113644 0.097207
v -0.057685 -0.116298 0.092685
v -0.058704 -0.115863 0.089417
v -0.069021 -0.107902 0.085883
v -0.066229 -0.112141 0.084487
v -0.063200 -0.113676 0.085103
v -0.070719 -0.122315 0.093613
v -0.067450 -0.124580 0.089058
v -0.063922 -0.121738 0.086822
v -0.074989 -0.114219 0.094757
v -0.075084 -0.113268 0.090636
v -0.073748 -0.108557 0.088649
v -0.054900 -0.072710 0.120107
v -0.055030 -0.086214 0.114652
v -0.055859 -0.098132 0.108694
v -0.059805 -0.073061 0.121810
v -0.064184 -0.086865 0.116765
v -0.068738 -0.099624 0.110447
v -0.068397 -0.117426 0.101082
v -0.064309 -0.118510 0.100974
v -0.060319 -0.115089 0.101533
v -0.058527 -0.068105 0.101167
v -0.063097 -0.078677 0.095742
v -0.067436 -0.090077 0.091448
v -0.039245 0.015340 0.033707
v -0.044481 0.000814 0.033030
v -0.045548 -0.012502 0.038634
v -0.054117 0.012604 0.104363
v -0.057085 0.000000 0.085458
v -0.054117 -0.012604 0.066552
v -0.045548 0.031216 0.104211
v -0.044481 0.034952 0.084237
v -0.039245 0.034500 0.062447
v 0.030824 0.031216 0.038634
v 0.013169 0.034952 0.033030
v -0.005634 0.034500 0.033707
v 0.015069 0.041992 0.108315
v 0.000000 0.045035 0.085458
v -0.015069 0.041992 0.062600
v 0.039245 0.034500 0.108468
v 0.044481 0.034952 0.086678
v 0.045548 0.031216 0.066704
v 0.045548 0.012502 0.038634
v 0.044481 -0.000814 0.033030
v 0.039245 -0.015340 0.033707
v 0.054117 0.012604 0.066552
v 0.057085 0.000000 0.085458
v 0.054117 -0.012604 0.104363
v 0.045548 -0.031216 0.104211
v 0.044481 -0.034952 0.084237
v 0.039245 -0.034500 0.062448
v -0.030824 -0.031216 0.038634
v -0.013169 -0.034952 0.033030
v 0.005634 -0.034500 0.033707
v -0.015069 -0.041992 0.108315
v -0.000000 -0.045035 0.085458
v 0.015069 -0.041992 0.062600
v -0.039245 -0.034500 0.108468
v -0.044481 -0.034952 0.086678
v -0.045548 -0.031216 0.066704
v 0.039245 0.015340 0.137208
v 0.044481 0.000814 0.137885
v 0.045548 -0.012502 0.132281
v 0.015069 0.015238 0.148445
v 0.000000 0.000000 0.153010
v -0.015069 -0.015238 0.148445
v -0.005634 -0.034500 0.137208
v 0.013169 -0.034952 0.137885
v 0.030824 -0.031216 0.132281
v -0.015069 0.015238 0.022470
v -0.000000 0.000000 0.017905
v 0.015069 -0.015238 0.022470
v -0.047095 0.023010 0.176623
v -0.053378 0.001221 0.176059
v -0.054658 -0.018753 0.180729
v -0.064942 0.018906 0.235503
v -0.068502 0.000000 0.219749
v -0.064942 -0.018906 0.203994
v -0.054658 0.046823 0.235376
v -0.053378 0.052427 0.218731
v -0.047095 0.051750 0.200573
v 0.036989 0.046823 0.180729
v 0.015802 0.052427 0.176059
v -0.006761 0.051750 0.176623
v 0.018082 0.062987 0.238796
v -0.000001 0.067552 0.219749
v -0.018083 0.062987 0.200701
v 0.047094 0.051750 0.238924
v 0.053377 0.052427 0.220766
v 0.054657 0.046823 0.204121
v 0.054657 0.018753 0.180729
v 0.053377 -0.001221 0.176059
v 0.047094 -0.023010 0.176623
v 0.064941 0.018906 0.203994
v 0.068501 0.000000 0.219749
v 0.064941 -0.018906 0.235503
v 0.054657 -0.046823 0.235376
v 0.053377 -0.052427 0.218731
v 0.047094 -0.051750 0.200573
v -0.036990 -0.046823 0.180729
v -0.015803 -0.052427 0.176059
v 0.006760 -0.051750 0.176623
v -0.018083 -0.062987 0.238796
v -0.000001 -0.067552 0.219749
v 0.018082 -0.062987 0.200701
v -0.047095 -0.051750 0.238924
v -0.053378 -0.052427 0.220766
v -0.054658 -0.046823 0.204121
v 0.047094 0.023010 0.262874
v 0.053377 0.001221 0.263438
v 0.054657 -0.018753 0.258768
v 0.018082 0.022857 0.272239
v -0.000001 0.000000 0.276042
v -0.018083 -0.022857 0.272239
v -0.006761 -0.051750 0.262874
v 0.015802 -0.052427 0.263438
v 0.036989 -0.046823 0.258768
v -0.018083 0.022857 0.167258
v -0.000001 0.000000 0.163455
v 0.018082 -0.022857 0.167258
v -0.023547 0.113358 0.202498
v -0.026689 0.104279 0.202273
v -0.027329 0.095956 0.204141
v -0.032471 0.111648 0.226050
v -0.034251 0.103770 0.219749
v -0.032471 0.095892 0.213447
v -0.027329 0.123280 0.226000
v -0.026689 0.125615 0.219342
v -0.023547 0.125333 0.212079
v 0.018495 0.123280 0.204141
v 0.007902 0.125615 0.202273
v -0.003380 0.125333 0.202498
v 0.009041 0.130015 0.227368
v 0.000000 0.131917 0.219749
v -0.009041 0.130015 0.212129
v 0.023547 0.125333 0.227419
v 0.026689 0.125615 0.220155
v 0.027329 0.123280 0.213497
v 0.027329 0.111584 0.204141
v 0.026689 0.103261 0.202273
v 0.023547 0.094182 0.202498
v 0.032471 0.111648 0.213447
v 0.034251 0.103770 0.219749
v 0.032471 0.095892 0.226050
v 0.027329 0.084260 0.226000
v 0.026689 0.081925 0.219342
v 0.023547 0.082207 0.212079
v -0.018495 0.084260 0.204141
v -0.007902 0.081925 0.202273
v 0.003380 0.082207 0.202498
v -0.009041 0.077525 0.227368
v -0.000000 0.075623 0.219749
v 0.009041 0.077525 0.212129
v -0.023547 0.082207 0.227419
v -0.026689 0.081925 0.220155
v -0.027329 0.084260 0.213497
v 0.023547 0.113358 0.236999
v 0.026689 0.104279 0.237224
v 0.027329 0.095956 0.235356
v 0.009041 0.113294 0.240744
v 0.000000 0.103770 0.242266
v -0.009041 0.094246 0.240744
v -0.003380 0.082207 0.236999
v 0.007902 0.081925 0.237224
v 0.018495 0.084260 0.235356
v -0.009041 0.113294 0.198753
v -0.000000 0.103770 0.197231
v 0.009041 0.094246 0.198753
v -0.031682 0.020217 0.283937
v -0.032078 0.018312 0.283577
v -0.032415 0.016407 0.285404
v -0.038238 0.019875 0.306621
v -0.037143 0.018210 0.300470
v -0.035420 0.016395 0.294617
v -0.037393 0.022214 0.306748
v -0.035848 0.022681 0.300271
v -0.033765 0.022624 0.293293
v -0.025206 0.022214 0.287060
v -0.026525 0.022681 0.284854
v -0.028410 0.022624 0.284668
v -0.031771 0.023561 0.309396
v -0.031594 0.023941 0.301631
v -0.031416 0.023561 0.293866
v -0.029422 0.022624 0.309969
v -0.027339 0.022681 0.302991
v -0.025794 0.022214 0.296514
v -0.023762 0.019887 0.287345
v -0.023420 0.018312 0.285264
v -0.023833 0.016737 0.284695
v -0.024949 0.019875 0.296640
v -0.026044 0.018210 0.302792
v -0.027767 0.016395 0.308644
v -0.027871 0.014000 0.304764
v -0.026188 0.013943 0.297434
v -0.025115 0.014410 0.290438
v -0.038072 0.014410 0.312824
v -0.036999 0.013943 0.305828
v -0.035316 0.014000 0.298497
v -0.031039 0.013063 0.307928
v -0.031594 0.012683 0.301631
v -0.032148 0.013063 0.295334
v -0.037063 0.014410 0.319080
v -0.035345 0.013943 0.319024
v -0.033119 0.014000 0.317372
v -0.031505 0.020217 0.319325
v -0.031109 0.018312 0.319685
v -0.030772 0.016407 0.317857
v -0.034673 0.020229 0.322474
v -0.036518 0.018414 0.323765
v -0.037815 0.016749 0.322404
v -0.028514 0.020229 0.280788
v -0.026669 0.018414 0.279496
v -0.025372 0.016749 0.280858
v -0.030068 0.014000 0.285890
v -0.027842 0.013943 0.284238
v -0.026124 0.014410 0.284182
v -0.038446 -0.000390 0.314449
v -0.038885 -0.006104 0.314284
v -0.038921 -0.011818 0.314752
v -0.041177 -0.001416 0.319879
v -0.041095 -0.006409 0.318298
v -0.040361 -0.011856 0.316902
v -0.040342 0.005602 0.320049
v -0.039878 0.007003 0.318447
v -0.038973 0.006833 0.316787
v -0.031703 0.005602 0.316367
v -0.033326 0.007003 0.315529
v -0.035174 0.006833 0.315177
v -0.034498 0.009643 0.321695
v -0.035557 0.010784 0.319509
v -0.036616 0.009643 0.317323
v -0.032141 0.006833 0.322231
v -0.031237 0.007003 0.320571
v -0.030772 0.005602 0.318969
v -0.030266 -0.001378 0.316677
v -0.030266 -0.006104 0.316138
v -0.030754 -0.010830 0.315910
v -0.029937 -0.001416 0.319139
v -0.030019 -0.006409 0.320720
v -0.030754 -0.011856 0.322116
v -0.031469 -0.019041 0.320993
v -0.031007 -0.019211 0.319169
v -0.031081 -0.017810 0.317344
v -0.040034 -0.017810 0.321674
v -0.040108 -0.019211 0.319849
v -0.039645 -0.019041 0.318025
v -0.034024 -0.021851 0.321393
v -0.035557 -0.022992 0.319509
v -0.037091 -0.021851 0.317625
v -0.038069 -0.017810 0.323618
v -0.036421 -0.019211 0.323874
v -0.034535 -0.019041 0.323756
v -0.032668 -0.000390 0.324569
v -0.032229 -0.006104 0.324734
v -0.032193 -0.011818 0.324266
v -0.035225 -0.000352 0.324964
v -0.036801 -0.005799 0.325040
v -0.038268 -0.010792 0.324446
v -0.035889 -0.000352 0.314054
v -0.034314 -0.005799 0.313978
v -0.032847 -0.010792 0.314572
v -0.036580 -0.019041 0.315262
v -0.034694 -0.019211 0.315144
v -0.033046 -0.017810 0.315401
v 0.010856 -0.000390 0.317062
v 0.010388 -0.006104 0.317036
v 0.010494 -0.011818 0.317493
v 0.009884 -0.001416 0.323061
v 0.009487 -0.006409 0.321529
v 0.009768 -0.011856 0.319977
v 0.010732 0.005602 0.322972
v 0.010693 0.007003 0.321304
v 0.011056 0.006833 0.319450
v 0.017864 0.005602 0.316862
v 0.016064 0.007003 0.316551
v 0.014196 0.006833 0.316771
v 0.016800 0.009643 0.322784
v 0.015133 0.010784 0.321018
v 0.013466 0.009643 0.319252
v 0.019210 0.006833 0.322586
v 0.019573 0.007003 0.320732
v 0.019534 0.005602 0.319064
v 0.019328 -0.001378 0.316726
v 0.019166 -0.006104 0.316211
v 0.018632 -0.010830 0.316141
v 0.020382 -0.001416 0.318975
v 0.020779 -0.006409 0.320507
v 0.020498 -0.011856 0.322059
v 0.019478 -0.019041 0.321203
v 0.019371 -0.019211 0.319325
v 0.018752 -0.017810 0.317607
v 0.011514 -0.017810 0.324429
v 0.010895 -0.019211 0.322711
v 0.010788 -0.019041 0.320833
v 0.017162 -0.021851 0.322353
v 0.015133 -0.022992 0.321018
v 0.013104 -0.021851 0.319683
v 0.013973 -0.017810 0.325692
v 0.015622 -0.019211 0.325440
v 0.017385 -0.019041 0.324761
v 0.019410 -0.000390 0.324974
v 0.019878 -0.006104 0.325000
v 0.019772 -0.011818 0.324543
v 0.017090 -0.000352 0.326121
v 0.015610 -0.005799 0.326667
v 0.014033 -0.010792 0.326542
v 0.013176 -0.000352 0.315915
v 0.014656 -0.005799 0.315369
v 0.016233 -0.010792 0.315494
v 0.012881 -0.019041 0.317275
v 0.014644 -0.019211 0.316596
v 0.016293 -0.017810 0.316344
v 0.008132 0.020217 0.285927
v 0.007646 0.018312 0.285703
v 0.007874 0.016407 0.287547
v 0.008701 0.019875 0.309533
v 0.007895 0.018210 0.303337
v 0.007778 0.016395 0.297237
v 0.009544 0.022214 0.309400
v 0.009070 0.022681 0.302758
v 0.008959 0.022624 0.295477
v 0.015247 0.022214 0.286958
v 0.013326 0.022681 0.285251
v 0.011472 0.022624 0.285640
v 0.015702 0.023561 0.310234
v 0.013537 0.023941 0.302776
v 0.011372 0.023561 0.295317
v 0.018115 0.022624 0.310074
v 0.018004 0.022681 0.302793
v 0.017530 0.022214 0.296151
v 0.016710 0.019887 0.286796
v 0.016410 0.018312 0.284709
v 0.015845 0.016737 0.284291
v 0.018373 0.019875 0.296018
v 0.019179 0.018210 0.302214
v 0.019296 0.016395 0.308314
v 0.018030 0.014000 0.304645
v 0.017430 0.013943 0.297147
v 0.016350 0.014410 0.290153
v 0.010724 0.014410 0.315398
v 0.009644 0.013943 0.308404
v 0.009044 0.014000 0.300907
v 0.015960 0.013063 0.308614
v 0.013537 0.012683 0.302776
v 0.011114 0.013063 0.296937
v 0.013568 0.014410 0.321061
v 0.015189 0.013943 0.320491
v 0.016815 0.014000 0.318247
v 0.018942 0.020217 0.319624
v 0.019428 0.018312 0.319848
v 0.019200 0.016407 0.318004
v 0.016868 0.020229 0.323580
v 0.015496 0.018414 0.325366
v 0.013850 0.016749 0.324458
v 0.010206 0.020229 0.281971
v 0.011578 0.018414 0.280185
v 0.013224 0.016749 0.281093
v 0.010259 0.014000 0.287304
v 0.011885 0.013943 0.285060
v 0.013506 0.014410 0.284490
v -0.041979 -0.113066 0.099458
v -0.043982 -0.131857 0.099401
v -0.042142 -0.148434 0.099868
v -0.054354 -0.119439 0.105687
v -0.055799 -0.135145 0.103872
v -0.050507 -0.150060 0.102207
v -0.049284 -0.094060 0.105675
v -0.050744 -0.089603 0.103770
v -0.046057 -0.089450 0.101865
v 0.023580 -0.081355 0.099868
v 0.005382 -0.079822 0.099401
v -0.013037 -0.083643 0.099458
v 0.006147 -0.069148 0.105333
v -0.009677 -0.069277 0.103668
v -0.023943 -0.076006 0.101853
v 0.030603 -0.073502 0.105345
v 0.035989 -0.073736 0.103770
v 0.038051 -0.078717 0.102195
v 0.042142 -0.101835 0.099868
v 0.043982 -0.118413 0.099401
v 0.041979 -0.137204 0.099458
v 0.050507 -0.100209 0.102207
v 0.055799 -0.115124 0.103872
v 0.054354 -0.130830 0.105687
v 0.049284 -0.156209 0.105675
v 0.050744 -0.160666 0.103770
v 0.046057 -0.160819 0.101865
v -0.023580 -0.168914 0.099868
v -0.005382 -0.170447 0.099401
v 0.013037 -0.166626 0.099458
v -0.006147 -0.181121 0.105333
v 0.009677 -0.180992 0.103668
v 0.023943 -0.174263 0.101853
v -0.030603 -0.176767 0.105345
v -0.035989 -0.176533 0.103770
v -0.038051 -0.171552 0.102195
v -0.007481 -0.172704 0.107672
v 0.008726 -0.168763 0.108139
v 0.025699 -0.160454 0.108082
v -0.021375 -0.113602 0.109019
v 0.000000 -0.125134 0.109399
v 0.021375 -0.136667 0.109019
v -0.043448 -0.127075 0.108082
v -0.040739 -0.145690 0.108139
v -0.033074 -0.162266 0.107672
v -0.018148 -0.108993 0.098521
v 0.000000 -0.125135 0.098141
v 0.018148 -0.141276 0.098521
v -0.041558 -0.091724 0.112076
v -0.044671 -0.109719 0.111609
v -0.042470 -0.128401 0.111666
v -0.055237 -0.108027 0.117541
v -0.056488 -0.123802 0.115876
v -0.051028 -0.138600 0.114061
v -0.048769 -0.084043 0.117554
v -0.048066 -0.078698 0.115978
v -0.042924 -0.077078 0.114403
v 0.015682 -0.078263 0.111666
v -0.002863 -0.074630 0.111609
v -0.019538 -0.075018 0.112076
v 0.010411 -0.065380 0.117896
v -0.005110 -0.062572 0.116080
v -0.020428 -0.066543 0.114416
v 0.035252 -0.072642 0.117883
v 0.039818 -0.071576 0.115979
v 0.039562 -0.076259 0.114074
v 0.042470 -0.109659 0.111666
v 0.044671 -0.128341 0.111609
v 0.041558 -0.146336 0.112076
v 0.051028 -0.099461 0.114061
v 0.056488 -0.114258 0.115877
v 0.055237 -0.130034 0.117541
v 0.048769 -0.154017 0.117554
v 0.048066 -0.159362 0.115978
v 0.042924 -0.160982 0.114403
v -0.015682 -0.159797 0.111666
v 0.002863 -0.163430 0.111609
v 0.019538 -0.163042 0.112076
v -0.010411 -0.172681 0.117896
v 0.005110 -0.175489 0.116080
v 0.020428 -0.171517 0.114415
v -0.035252 -0.165418 0.117883
v -0.039818 -0.166484 0.115978
v -0.039562 -0.161801 0.114073
v 0.037425 -0.096508 0.120291
v 0.044223 -0.114140 0.120348
v 0.046737 -0.130629 0.119881
v 0.013351 -0.098741 0.121227
v 0.000000 -0.119030 0.121608
v -0.013351 -0.139319 0.121227
v -0.001854 -0.162482 0.120291
v 0.016927 -0.161406 0.120347
v 0.034108 -0.155215 0.119880
v 0.017662 -0.102358 0.110729
v -0.000000 -0.119030 0.110349
v -0.017662 -0.135702 0.110729
v -0.044793 -0.105485 0.124284
v -0.042351 -0.123583 0.123817
v -0.034634 -0.140739 0.123874
v -0.052937 -0.125146 0.129749
v -0.049387 -0.140568 0.128085
v -0.039729 -0.153039 0.126269
v -0.053980 -0.100327 0.129762
v -0.054917 -0.095019 0.128187
v -0.050501 -0.091927 0.126611
v 0.005749 -0.075435 0.123874
v -0.013030 -0.077546 0.123818
v -0.028816 -0.082930 0.124285
v -0.003152 -0.064732 0.130104
v -0.018799 -0.066721 0.128288
v -0.032214 -0.075115 0.126624
v 0.022723 -0.064189 0.130092
v 0.026758 -0.061799 0.128187
v 0.027921 -0.066342 0.126282
v 0.040738 -0.097322 0.123874
v 0.048455 -0.114478 0.123818
v 0.050897 -0.132576 0.124285
v 0.045833 -0.085022 0.126269
v 0.055491 -0.097493 0.128085
v 0.059041 -0.112915 0.129750
v 0.060084 -0.137734 0.129762
v 0.061021 -0.143042 0.128187
v 0.056605 -0.146134 0.126612
v 0.000355 -0.162626 0.123874
v 0.019134 -0.160515 0.123818
v 0.034920 -0.155131 0.124285
v 0.009256 -0.173329 0.130104
v 0.024903 -0.171340 0.128289
v 0.038318 -0.162946 0.126624
v -0.016619 -0.173872 0.130092
v -0.020654 -0.176262 0.128187
v -0.021817 -0.171719 0.126282
v 0.031972 -0.086297 0.132499
v 0.043758 -0.101068 0.132556
v 0.051113 -0.116038 0.132089
v 0.009684 -0.095666 0.133436
v 0.003052 -0.119031 0.133816
v -0.003580 -0.142395 0.133436
v 0.014351 -0.161029 0.132499
v 0.031938 -0.154355 0.132556
v 0.046462 -0.143284 0.132089
v 0.014883 -0.097819 0.122938
v 0.003052 -0.119031 0.122557
v -0.008779 -0.140242 0.122938
v -0.045031 -0.113066 0.136083
v -0.047034 -0.131857 0.136026
v -0.045194 -0.148434 0.136493
v -0.057406 -0.119439 0.142312
v -0.058851 -0.135145 0.140497
v -0.053559 -0.150060 0.138832
v -0.052336 -0.094060 0.142300
v -0.053796 -0.089603 0.140395
v -0.049109 -0.089450 0.138490
v 0.020528 -0.081355 0.136493
v 0.002330 -0.079822 0.136026
v -0.016089 -0.083643 0.136083
v 0.003095 -0.069148 0.141958
v -0.012729 -0.069277 0.140293
v -0.026995 -0.076006 0.138478
v 0.027551 -0.073502 0.141970
v 0.032937 -0.073736 0.140395
v 0.034999 -0.078717 0.138820
v 0.039090 -0.101835 0.136493
v 0.040929 -0.118413 0.136026
v 0.038926 -0.137204 0.136083
v 0.047455 -0.100209 0.138832
v 0.052746 -0.115124 0.140497
v 0.051302 -0.130830 0.142312
v 0.046232 -0.156209 0.142300
v 0.047691 -0.160666 0.140395
v 0.043004 -0.160819 0.138490
v -0.026633 -0.168914 0.136493
v -0.008435 -0.170447 0.136026
v 0.009984 -0.166626 0.136083
v -0.009200 -0.181121 0.141958
v 0.006625 -0.180992 0.140293
v 0.020890 -0.174263 0.138478
v -0.033656 -0.176767 0.141970
v -0.039041 -0.176533 0.140395
v -0.041103 -0.171552 0.138820
v -0.010533 -0.172704 0.144297
v 0.005674 -0.168763 0.144764
v 0.022646 -0.160454 0.144707
v -0.024427 -0.113602 0.145644
v -0.003052 -0.125134 0.146024
v 0.018323 -0.136667 0.145644
v -0.046501 -0.127075 0.144707
v -0.043791 -0.145690 0.144764
v -0.036126 -0.162266 0.144297
v -0.021200 -0.108993 0.135146
v -0.003052 -0.125134 0.134766
v 0.015095 -0.141276 0.135146
v -0.041424 -0.101214 0.148291
v -0.047447 -0.119126 0.148234
v -0.049238 -0.135709 0.148701
v -0.054885 -0.104758 0.154520
v -0.059695 -0.119779 0.152705
v -0.057757 -0.135485 0.151040
v -0.044442 -0.081078 0.154508
v -0.044903 -0.076411 0.152603
v -0.040294 -0.077276 0.150698
v 0.029445 -0.084444 0.148701
v 0.012010 -0.079009 0.148234
v -0.006799 -0.078753 0.148291
v 0.015067 -0.068754 0.154166
v -0.000410 -0.065455 0.152501
v -0.015794 -0.068937 0.150686
v 0.038002 -0.078298 0.154178
v 0.043209 -0.079692 0.152603
v 0.044144 -0.085001 0.151028
v 0.043134 -0.108456 0.148701
v 0.041342 -0.125039 0.148234
v 0.035319 -0.142951 0.148291
v 0.051653 -0.108680 0.151040
v 0.053591 -0.124386 0.152705
v 0.048781 -0.139407 0.154520
v 0.038338 -0.163087 0.154508
v 0.038798 -0.167754 0.152603
v 0.034189 -0.166889 0.150698
v -0.035549 -0.159721 0.148701
v -0.018115 -0.165156 0.148234
v 0.000695 -0.165412 0.148291
v -0.021172 -0.175411 0.154166
v -0.005695 -0.178710 0.152501
v 0.009689 -0.175228 0.150686
v -0.044106 -0.165867 0.154178
v -0.049313 -0.164473 0.152603
v -0.050248 -0.159164 0.151028
v -0.020652 -0.166905 0.156505
v -0.003976 -0.166565 0.156972
v 0.014392 -0.162127 0.156915
v -0.021425 -0.106197 0.157852
v -0.003052 -0.122082 0.158232
v 0.015320 -0.137968 0.157852
v -0.045891 -0.114573 0.156915
v -0.047275 -0.133333 0.156972
v -0.043380 -0.151176 0.156505
v -0.017276 -0.102396 0.147354
v -0.003052 -0.122082 0.146974
v 0.011171 -0.141769 0.147354
v -0.047095 -0.099073 0.087250
v -0.053378 -0.120862 0.087193
v -0.054658 -0.140836 0.087660
v -0.064942 -0.103177 0.093137
v -0.068502 -0.122083 0.091562
v -0.064942 -0.140988 0.089987
v -0.054658 -0.075259 0.093125
v -0.053378 -0.069655 0.091460
v -0.047095 -0.070332 0.089645
v 0.036989 -0.075259 0.087660
v 0.015802 -0.069655 0.087193
v -0.006761 -0.070332 0.087250
v 0.018082 -0.059095 0.093467
v -0.000001 -0.054530 0.091562
v -0.018083 -0.059095 0.089657
v 0.047094 -0.070332 0.093479
v 0.053377 -0.069655 0.091664
v 0.054657 -0.075259 0.089999
v 0.054657 -0.103329 0.087660
v 0.053377 -0.123303 0.087193
v 0.047094 -0.145093 0.087250
v 0.064941 -0.103177 0.089987
v 0.068501 -0.122083 0.091562
v 0.064941 -0.140988 0.093137
v 0.054657 -0.168906 0.093125
v 0.053377 -0.174510 0.091460
v 0.047094 -0.173833 0.089645
v -0.036990 -0.168906 0.087660
v -0.015803 -0.174510 0.087193
v 0.006760 -0.173833 0.087250
v -0.018083 -0.185070 0.093467
v -0.000001 -0.189635 0.091562
v 0.018082 -0.185070 0.089657
v -0.047095 -0.173833 0.093479
v -0.053378 -0.174510 0.091664
v -0.054658 -0.168906 0.089999
v 0.047094 -0.099073 0.095874
v 0.053377 -0.120862 0.095931
v 0.054657 -0.140836 0.095464
v 0.018082 -0.099225 0.096811
v -0.000001 -0.122083 0.097191
v -0.018083 -0.144940 0.096811
v -0.006761 -0.173833 0.095874
v 0.015802 -0.174510 0.095931
v 0.036989 -0.168906 0.095464
v -0.018083 -0.099225 0.086313
v -0.000001 -0.122083 0.085933
v 0.018082 -0.144940 0.086313
v 0.051932 -0.060747 0.032221
v 0.052145 -0.074063 0.033155
v 0.053192 -0.088589 0.033042
v 0.062168 -0.038749 0.033042
v 0.058407 -0.038297 0.033155
v 0.054876 -0.042033 0.032221
v -0.070151 -0.060747 0.032221
v -0.069937 -0.074063 0.033155
v -0.068890 -0.088589 0.033042
v -0.059915 -0.038749 0.033042
v -0.063675 -0.038297 0.033155
v -0.067206 -0.042033 0.032221
v 0.063200 -0.044361 0.113941
v 0.059983 -0.044990 0.112548
v 0.056699 -0.049112 0.110824
v 0.068814 -0.054991 0.109692
v 0.070946 -0.068112 0.103273
v 0.072105 -0.083534 0.097046
v -0.070763 -0.064994 0.104887
v -0.072010 -0.077954 0.098361
v -0.072144 -0.090210 0.093068
v -0.060022 -0.054443 0.127476
v -0.063514 -0.053415 0.128009
v -0.066719 -0.055075 0.126577
v -0.045548 0.012502 0.132281
v -0.044481 -0.000814 0.137885
v -0.039245 -0.015340 0.137208
v 0.005634 0.034500 0.137208
v -0.013169 0.034952 0.137885
v -0.030824 0.031216 0.132281
v -0.054658 0.018753 0.258768
v -0.053378 -0.001221 0.263438
v -0.047095 -0.023010 0.262874
v 0.006760 0.051750 0.262874
v -0.015803 0.052427 0.263438
v -0.036990 0.046823 0.258768
v -0.027329 0.111584 0.235356
v -0.026689 0.103261 0.237224
v -0.023547 0.094182 0.236999
v 0.003380 0.125333 0.236999
v -0.007902 0.125615 0.237224
v -0.018495 0.123280 0.235356
v -0.039425 0.019887 0.315916
v -0.039767 0.018312 0.317997
v -0.039354 0.016737 0.318566
v -0.034777 0.022624 0.318594
v -0.036662 0.022681 0.318407
v -0.037981 0.022214 0.316201
v -0.040849 -0.001378 0.322341
v -0.040849 -0.006104 0.322880
v -0.040361 -0.010830 0.323108
v -0.035941 0.006833 0.323841
v -0.037789 0.007003 0.323489
v -0.039411 0.005602 0.322651
v 0.010938 -0.001378 0.325310
v 0.011100 -0.006104 0.325825
v 0.011634 -0.010830 0.325895
v 0.016070 0.006833 0.325265
v 0.014202 0.007003 0.325485
v 0.012402 0.005602 0.325174
v 0.010364 0.019887 0.318755
v 0.010664 0.018312 0.320842
v 0.011229 0.016737 0.321260
v 0.015602 0.022624 0.319911
v 0.013748 0.022681 0.320300
v 0.011827 0.022214 0.318593
v 0.007481 -0.077565 0.107672
v -0.008726 -0.081506 0.108139
v -0.025699 -0.089815 0.108082
v 0.033074 -0.088003 0.107672
v 0.040739 -0.104579 0.108139
v 0.043448 -0.123194 0.108082
v -0.046737 -0.107432 0.119880
v -0.044223 -0.123921 0.120347
v -0.037425 -0.141553 0.120291
v 0.001854 -0.075578 0.120291
v -0.016927 -0.076655 0.120347
v -0.034108 -0.082846 0.119880
v -0.045009 -0.122023 0.132089
v -0.037654 -0.136993 0.132556
v -0.025868 -0.151764 0.132499
v -0.008247 -0.077032 0.132499
v -0.025834 -0.083706 0.132556
v -0.040358 -0.094777 0.132089
v 0.004429 -0.077565 0.144297
v -0.011778 -0.081506 0.144764
v -0.028751 -0.089815 0.144707
v 0.030022 -0.088003 0.144297
v 0.037687 -0.104579 0.144764
v 0.040396 -0.123194 0.144707
v 0.014547 -0.077260 0.156505
v -0.002128 -0.077600 0.156972
v -0.020497 -0.082038 0.156915
v 0.037275 -0.092989 0.156505
v 0.041170 -0.110832 0.156972
v 0.039786 -0.129592 0.156915
v -0.054658 -0.103329 0.095464
v -0.053378 -0.123303 0.095931
v -0.047095 -0.145093 0.095874
v 0.006760 -0.070332 0.095874
v -0.015803 -0.069655 0.095931
v -0.036990 -0.075259 0.095464
v 0.049927 -0.058870 0.020822
v 0.050218 -0.075834 0.019300
v 0.049657 -0.064795 0.022303
v 0.050218 -0.052784 0.025063
v 0.050493 -0.048960 0.022166
v 0.051381 -0.051024 0.018860
v 0.050493 -0.064248 0.018344
v 0.065004 -0.029062 0.020898
v 0.060988 -0.030790 0.018879
v 0.063335 -0.028181 0.022315
v 0.066225 -0.030790 0.025508
v 0.067369 -0.031399 0.022452
v 0.067404 -0.034829 0.019319
v 0.064184 -0.031399 0.018356
v 0.072155 -0.087628 0.020822
v 0.071864 -0.070664 0.019300
v 0.072425 -0.081703 0.022303
v 0.071864 -0.093714 0.025063
v 0.071590 -0.097538 0.022166
v 0.070701 -0.095474 0.018860
v 0.071589 -0.082250 0.018344
v 0.057078 -0.117436 0.020898
v 0.061094 -0.115708 0.018879
v 0.058747 -0.118317 0.022315
v 0.055857 -0.115708 0.025508
v 0.054713 -0.115099 0.022452
v 0.054678 -0.111669 0.019319
v 0.057898 -0.115099 0.018356
v 0.065004 -0.087322 0.035464
v 0.066225 -0.068884 0.035031
v 0.063335 -0.081655 0.035684
v 0.060988 -0.095399 0.035031
v 0.064184 -0.097490 0.034879
v 0.067404 -0.093638 0.034022
v 0.067369 -0.081108 0.034879
v 0.057078 -0.087322 0.013370
v 0.055857 -0.068884 0.013802
v 0.058747 -0.081655 0.013149
v 0.061094 -0.095399 0.013802
v 0.057898 -0.097490 0.013954
v 0.054678 -0.093638 0.014811
v 0.054713 -0.081108 0.013954
v -0.072156 -0.058870 0.020822
v -0.071864 -0.075834 0.019300
v -0.072425 -0.064795 0.022303
v -0.071864 -0.052784 0.025063
v -0.071590 -0.048960 0.022166
v -0.070701 -0.051024 0.018860
v -0.071590 -0.064248 0.018344
v -0.057078 -0.029062 0.020898
v -0.061094 -0.030790 0.018879
v -0.058748 -0.028181 0.022315
v -0.055857 -0.030790 0.025508
v -0.054713 -0.031399 0.022452
v -0.054678 -0.034829 0.019319
v -0.057898 -0.031399 0.018356
v -0.049927 -0.087628 0.020822
v -0.050218 -0.070664 0.019300
v -0.049657 -0.081703 0.022303
v -0.050218 -0.093714 0.025063
v -0.050493 -0.097538 0.022166
v -0.051381 -0.095474 0.018860
v -0.050493 -0.082250 0.018344
v -0.065004 -0.117436 0.020898
v -0.060988 -0.115708 0.018879
v -0.063335 -0.118317 0.022315
v -0.066225 -0.115708 0.025508
v -0.067369 -0.115099 0.022452
v -0.067404 -0.111669 0.019319
v -0.064184 -0.115099 0.018356
v -0.057078 -0.087322 0.035464
v -0.055857 -0.068884 0.035031
v -0.058748 -0.081655 0.035684
v -0.061094 -0.095399 0.035031
v -0.057898 -0.097490 0.034879
v -0.054678 -0.093638 0.034022
v -0.054713 -0.081108 0.034879
v -0.065004 -0.087322 0.013370
v -0.066225 -0.068884 0.013802
v -0.063335 -0.081655 0.013149
v -0.060988 -0.095399 0.013802
v -0.064184 -0.097490 0.013954
v -0.067404 -0.093638 0.014811
v -0.067369 -0.081108 0.013954
v 0.050387 -0.068776 0.115525
v 0.050559 -0.062304 0.113246
v 0.050778 -0.074602 0.111548
v 0.052177 -0.085417 0.110755
v 0.051173 -0.072957 0.116553
v 0.050978 -0.060291 0.120819
v 0.050238 -0.059245 0.117832
v 0.062641 -0.041352 0.127546
v 0.064392 -0.040694 0.123285
v 0.061128 -0.039880 0.126502
v 0.058460 -0.043273 0.128241
v 0.061401 -0.044475 0.128881
v 0.064998 -0.047345 0.127249
v 0.065336 -0.042764 0.125594
v 0.074923 -0.096441 0.105228
v 0.075102 -0.100704 0.098773
v 0.074673 -0.090141 0.106135
v 0.073134 -0.082394 0.112890
v 0.073988 -0.093901 0.108865
v 0.074216 -0.104470 0.104000
v 0.075154 -0.104717 0.100668
v 0.062585 -0.120556 0.086251
v 0.066776 -0.117893 0.085730
v 0.064187 -0.121774 0.087535
v 0.060645 -0.120559 0.090851
v 0.059984 -0.119049 0.087885
v 0.060253 -0.115236 0.086229
v 0.063492 -0.117523 0.084954
v 0.067532 -0.099654 0.111401
v 0.067950 -0.084648 0.117221
v 0.065448 -0.094152 0.113842
v 0.063772 -0.105630 0.108238
v 0.067295 -0.108134 0.107232
v 0.070189 -0.106221 0.107365
v 0.069638 -0.095792 0.112498
v 0.060527 -0.091585 0.090522
v 0.057532 -0.077131 0.096951
v 0.061619 -0.085738 0.092800
v 0.065320 -0.097404 0.088781
v 0.062275 -0.100373 0.087511
v 0.059127 -0.099381 0.088586
v 0.057808 -0.088444 0.092336
v -0.073569 -0.069087 0.115861
v -0.072446 -0.061351 0.114763
v -0.074224 -0.074328 0.112006
v -0.074530 -0.085604 0.110744
v -0.073416 -0.073766 0.116474
v -0.071724 -0.062603 0.120714
v -0.072216 -0.059926 0.118660
v -0.056475 -0.041120 0.119933
v -0.061163 -0.041724 0.117789
v -0.058005 -0.040792 0.121693
v -0.055183 -0.044633 0.123527
v -0.054168 -0.044006 0.120366
v -0.054858 -0.045726 0.115912
v -0.057995 -0.042144 0.116695
v -0.053786 -0.097012 0.096893
v -0.052883 -0.081465 0.101218
v -0.053046 -0.091395 0.100693
v -0.054578 -0.103045 0.098965
v -0.055142 -0.106203 0.094655
v -0.055969 -0.105164 0.091804
v -0.054049 -0.093020 0.095849
v -0.070678 -0.121816 0.085725
v -0.066332 -0.120757 0.084964
v -0.069462 -0.123489 0.086952
v -0.072571 -0.121497 0.090458
v -0.072972 -0.119671 0.087472
v -0.071647 -0.115377 0.085692
v -0.068952 -0.119023 0.084333
v -0.061280 -0.100338 0.111092
v -0.058519 -0.083328 0.117747
v -0.062549 -0.095007 0.113478
v -0.066204 -0.107037 0.107645
v -0.062953 -0.109374 0.106664
v -0.059304 -0.105831 0.107340
v -0.058354 -0.094625 0.112927
v -0.060991 -0.093507 0.089981
v -0.065612 -0.097677 0.088378
v -0.061783 -0.087144 0.092309
v -0.057760 -0.079092 0.096538
v -0.058281 -0.090961 0.091789
v -0.060299 -0.103057 0.087649
v -0.063243 -0.102262 0.086881
v -0.055573 0.014379 0.063890
v -0.054116 -0.002585 0.054760
v -0.056920 0.008454 0.072777
v -0.054116 0.020465 0.089335
v -0.052743 0.024289 0.071957
v -0.048299 0.022225 0.052119
v -0.052743 0.009001 0.049024
v 0.019817 0.044187 0.064347
v -0.000264 0.042459 0.052233
v 0.011468 0.045068 0.072849
v 0.025921 0.042459 0.092004
v 0.031639 0.041850 0.073669
v 0.031818 0.038420 0.054874
v 0.015715 0.041850 0.049096
v 0.055573 -0.014379 0.063890
v 0.054116 0.002585 0.054760
v 0.056920 -0.008454 0.072777
v 0.054116 -0.020465 0.089335
v 0.052743 -0.024289 0.071957
v 0.048299 -0.022225 0.052119
v 0.052743 -0.009001 0.049024
v -0.019817 -0.044187 0.064347
v 0.000264 -0.042459 0.052233
v -0.011468 -0.045068 0.072849
v -0.025921 -0.042459 0.092004
v -0.031639 -0.041850 0.073669
v -0.031818 -0.038420 0.054874
v -0.015715 -0.041850 0.049096
v 0.019817 -0.014073 0.151738
v 0.025921 0.004365 0.149146
v 0.011468 -0.008406 0.153059
v -0.000264 -0.022150 0.149146
v 0.015715 -0.024241 0.148233
v 0.031818 -0.020389 0.143087
v 0.031639 -0.007859 0.148233
v -0.019817 -0.014073 0.019177
v -0.025921 0.004365 0.021769
v -0.011468 -0.008406 0.017856
v 0.000264 -0.022150 0.021769
v -0.015715 -0.024241 0.022682
v -0.031818 -0.020389 0.027828
v -0.031639 -0.007859 0.022682
v -0.066688 0.021568 0.201775
v -0.064940 -0.003877 0.194168
v -0.068304 0.012681 0.209181
v -0.064940 0.030697 0.222979
v -0.063293 0.036434 0.208498
v -0.057960 0.033338 0.191967
v -0.063293 0.013501 0.189387
v 0.023780 0.066280 0.202157
v -0.000318 0.063688 0.192061
v 0.013761 0.067601 0.209241
v 0.031105 0.063688 0.225204
v 0.037966 0.062775 0.209925
v 0.038181 0.057629 0.194262
v 0.018857 0.062775 0.189447
v 0.066687 -0.021568 0.201775
v 0.064939 0.003877 0.194168
v 0.068303 -0.012681 0.209181
v 0.064939 -0.030697 0.222979
v 0.063292 -0.036433 0.208498
v 0.057959 -0.033338 0.191967
v 0.063292 -0.013501 0.189387
v -0.023781 -0.066280 0.202157
v 0.000317 -0.063688 0.192061
v -0.013762 -0.067601 0.209241
v -0.031106 -0.063688 0.225204
v -0.037967 -0.062775 0.209925
v -0.038182 -0.057629 0.194262
v -0.018858 -0.062775 0.189447
v 0.023780 -0.021110 0.274983
v 0.031105 0.006547 0.272822
v 0.013761 -0.012608 0.276084
v -0.000318 -0.033224 0.272822
v 0.018857 -0.036361 0.272062
v 0.038181 -0.030583 0.267773
v 0.037966 -0.011788 0.272062
v -0.023781 -0.021110 0.164514
v -0.031106 0.006547 0.166675
v -0.013762 -0.012609 0.163413
v 0.000317 -0.033224 0.166675
v -0.018858 -0.036361 0.167435
v -0.038182 -0.030583 0.171724
v -0.037967 -0.011788 0.167435
v -0.033344 0.112757 0.212559
v -0.032470 0.102155 0.209516
v -0.034152 0.109054 0.215522
v -0.032470 0.116561 0.221041
v -0.031646 0.118951 0.215248
v -0.028980 0.117661 0.208636
v -0.031646 0.109395 0.207604
v 0.011890 0.131387 0.212712
v -0.000159 0.130307 0.208674
v 0.006881 0.131938 0.215546
v 0.015553 0.130307 0.221931
v 0.018984 0.129927 0.215819
v 0.019091 0.127783 0.209554
v 0.009429 0.129927 0.207628
v 0.033344 0.094783 0.212559
v 0.032470 0.105386 0.209516
v 0.034152 0.098486 0.215522
v 0.032470 0.090979 0.221041
v 0.031646 0.088589 0.215248
v 0.028980 0.089879 0.208636
v 0.031646 0.098145 0.207604
v -0.011890 0.076153 0.212712
v 0.000159 0.077233 0.208674
v -0.006881 0.075602 0.215546
v -0.015553 0.077233 0.221931
v -0.018984 0.077613 0.215819
v -0.019091 0.079757 0.209554
v -0.009429 0.077613 0.207628
v 0.011890 0.094974 0.241842
v 0.015553 0.106498 0.240978
v 0.006881 0.098516 0.242282
v -0.000159 0.089926 0.240978
v 0.009429 0.088619 0.240674
v 0.019091 0.091027 0.238958
v 0.018984 0.098858 0.240674
v -0.011890 0.094974 0.197655
v -0.015553 0.106498 0.198519
v -0.006881 0.098516 0.197215
v 0.000159 0.089926 0.198519
v -0.009429 0.088619 0.198823
v -0.019091 0.091027 0.200539
v -0.018984 0.098858 0.198823
v -0.035445 0.020071 0.293396
v -0.034555 0.017766 0.290445
v -0.036203 0.019294 0.296260
v -0.037153 0.020861 0.301720
v -0.035766 0.021342 0.296093
v -0.033899 0.021081 0.289733
v -0.034075 0.019363 0.288607
v -0.028136 0.023835 0.295190
v -0.029222 0.023619 0.290813
v -0.029564 0.023945 0.297776
v -0.029535 0.023619 0.304323
v -0.027654 0.023543 0.298479
v -0.026280 0.023114 0.292367
v -0.027436 0.023543 0.290138
v -0.024474 0.016515 0.295107
v -0.024081 0.018635 0.292724
v -0.025076 0.017187 0.298396
v -0.026432 0.015534 0.302886
v -0.025124 0.015276 0.296629
v -0.024147 0.015754 0.290250
v -0.023722 0.017255 0.290447
v -0.035027 0.012789 0.308989
v -0.034274 0.013005 0.300928
v -0.033612 0.012679 0.305882
v -0.033305 0.013005 0.311872
v -0.035292 0.013081 0.313774
v -0.036837 0.013510 0.313505
v -0.035912 0.013081 0.307112
v -0.034633 0.016553 0.323665
v -0.033684 0.018858 0.322932
v -0.035460 0.017330 0.323976
v -0.036591 0.015763 0.322680
v -0.035059 0.015282 0.322463
v -0.033058 0.015543 0.321078
v -0.033160 0.017261 0.322760
v -0.028554 0.016553 0.279597
v -0.029503 0.018858 0.280330
v -0.027727 0.017330 0.279286
v -0.026596 0.015763 0.280582
v -0.028128 0.015282 0.280799
v -0.030129 0.015543 0.282184
v -0.030027 0.017261 0.280501
v -0.040578 -0.000827 0.316550
v -0.040187 -0.007741 0.315850
v -0.040856 -0.003157 0.317247
v -0.040907 0.001542 0.318653
v -0.040460 0.002986 0.317269
v -0.039667 0.002202 0.315751
v -0.040016 -0.002952 0.315402
v -0.033242 0.010466 0.318221
v -0.034984 0.009818 0.316800
v -0.034210 0.010796 0.318732
v -0.033145 0.009818 0.320603
v -0.032256 0.009590 0.319235
v -0.031899 0.008303 0.317710
v -0.033367 0.009590 0.316891
v -0.029723 -0.011496 0.318777
v -0.029720 -0.005135 0.318160
v -0.029782 -0.009479 0.319620
v -0.030378 -0.014438 0.320685
v -0.030108 -0.015212 0.319109
v -0.030176 -0.013778 0.317444
v -0.029735 -0.009274 0.317568
v -0.037704 -0.022674 0.321063
v -0.038254 -0.022026 0.318884
v -0.036831 -0.023004 0.320401
v -0.035586 -0.022026 0.322158
v -0.037201 -0.021798 0.322385
v -0.038734 -0.020511 0.322064
v -0.038856 -0.021798 0.320387
v -0.034998 -0.011381 0.325310
v -0.034198 -0.004467 0.325252
v -0.035747 -0.009051 0.325268
v -0.037043 -0.013750 0.324719
v -0.035599 -0.015194 0.324900
v -0.033888 -0.014410 0.324822
v -0.033720 -0.009256 0.325286
v -0.036116 -0.011381 0.313708
v -0.036916 -0.004467 0.313766
v -0.035368 -0.009051 0.313750
v -0.034072 -0.013750 0.314299
v -0.035515 -0.015194 0.314118
v -0.037226 -0.014410 0.314196
v -0.037395 -0.009256 0.313732
v 0.009455 -0.000827 0.319706
v 0.009617 -0.007741 0.318921
v 0.009399 -0.003157 0.320454
v 0.009774 0.001542 0.321811
v 0.009783 0.002986 0.320356
v 0.010083 0.002202 0.318670
v 0.009646 -0.002952 0.318442
v 0.016954 0.010466 0.319093
v 0.014865 0.009818 0.318262
v 0.016184 0.010796 0.319871
v 0.017763 0.009818 0.321336
v 0.018199 0.009590 0.319764
v 0.018081 0.008303 0.318202
v 0.016434 0.009590 0.317862
v 0.020478 -0.011496 0.318565
v 0.020295 -0.005135 0.317976
v 0.020674 -0.009479 0.319387
v 0.020426 -0.014438 0.320582
v 0.020210 -0.015212 0.318997
v 0.019644 -0.013778 0.317430
v 0.020102 -0.009274 0.317416
v 0.013553 -0.022674 0.323146
v 0.012372 -0.022026 0.321233
v 0.014186 -0.023004 0.322252
v 0.015902 -0.022026 0.323553
v 0.014430 -0.021798 0.324256
v 0.012871 -0.020511 0.324410
v 0.012251 -0.021798 0.322848
v 0.017411 -0.011381 0.326382
v 0.018156 -0.004467 0.326086
v 0.016684 -0.009051 0.326567
v 0.015283 -0.013750 0.326434
v 0.016714 -0.015194 0.326172
v 0.018322 -0.014410 0.325583
v 0.018623 -0.009256 0.325975
v 0.012855 -0.011381 0.315654
v 0.012110 -0.004467 0.315950
v 0.013582 -0.009051 0.315469
v 0.014983 -0.013750 0.315603
v 0.013552 -0.015194 0.315864
v 0.011944 -0.014410 0.316453
v 0.011643 -0.009256 0.316061
v 0.007387 0.020071 0.296080
v 0.007349 0.017766 0.292998
v 0.007525 0.019294 0.299039
v 0.008262 0.020861 0.304532
v 0.007893 0.021342 0.298749
v 0.007761 0.021081 0.292122
v 0.007254 0.019363 0.291101
v 0.014898 0.023835 0.295593
v 0.012545 0.023619 0.291745
v 0.014313 0.023945 0.298489
v 0.016310 0.023619 0.304724
v 0.016346 0.023543 0.298585
v 0.015818 0.023114 0.292343
v 0.014046 0.023543 0.290564
v 0.018365 0.016515 0.294413
v 0.018024 0.018635 0.292022
v 0.018780 0.017187 0.297731
v 0.018837 0.015534 0.302420
v 0.018203 0.015276 0.296060
v 0.017217 0.015754 0.289682
v 0.017681 0.017255 0.289742
v 0.012475 0.012789 0.310826
v 0.010770 0.013005 0.302911
v 0.012890 0.012679 0.307437
v 0.014984 0.013005 0.313057
v 0.013661 0.013081 0.315469
v 0.012107 0.013510 0.315676
v 0.011066 0.013081 0.309302
v 0.017264 0.016553 0.324704
v 0.017949 0.018858 0.323719
v 0.016569 0.017330 0.325249
v 0.015101 0.015763 0.324353
v 0.016496 0.015282 0.323685
v 0.017988 0.015543 0.321763
v 0.018397 0.017261 0.323398
v 0.009810 0.016553 0.280847
v 0.009125 0.018858 0.281832
v 0.010505 0.017330 0.280302
v 0.011973 0.015763 0.281198
v 0.010578 0.015282 0.281866
v 0.009086 0.015543 0.283788
v 0.008677 0.017261 0.282153
v -0.057711 -0.117017 0.102011
v -0.052698 -0.137701 0.101221
v -0.057614 -0.124515 0.102788
v -0.056776 -0.109051 0.104316
v -0.056909 -0.104255 0.102719
v -0.052351 -0.106144 0.101001
v -0.053874 -0.123203 0.100740
v 0.009857 -0.067160 0.101973
v -0.009489 -0.072878 0.100992
v 0.001414 -0.067388 0.102645
v 0.016023 -0.067406 0.104093
v 0.021936 -0.067817 0.102713
v 0.022977 -0.072276 0.101212
v 0.006381 -0.070865 0.100734
v 0.057711 -0.133252 0.102011
v 0.052698 -0.112568 0.101221
v 0.057614 -0.125754 0.102788
v 0.056776 -0.141218 0.104316
v 0.056909 -0.146014 0.102719
v 0.052351 -0.144125 0.101001
v 0.053874 -0.127066 0.100740
v -0.009857 -0.183109 0.101973
v 0.009489 -0.177391 0.100992
v -0.001414 -0.182881 0.102645
v -0.016023 -0.182863 0.104093
v -0.021936 -0.182452 0.102713
v -0.022977 -0.177993 0.101212
v -0.006381 -0.179404 0.100734
v -0.013883 -0.147705 0.109293
v 0.009874 -0.149715 0.109077
v -0.008356 -0.138253 0.109403
v -0.027313 -0.129682 0.109077
v -0.027112 -0.145872 0.109001
v -0.019574 -0.160895 0.108572
v -0.004180 -0.157999 0.109001
v -0.016461 -0.145900 0.098247
v -0.026475 -0.124263 0.098463
v -0.009469 -0.137473 0.098137
v 0.005068 -0.152355 0.098463
v -0.010214 -0.157704 0.098539
v -0.026909 -0.155759 0.098968
v -0.029453 -0.140303 0.098539
v -0.056895 -0.104158 0.114181
v -0.052885 -0.123929 0.113200
v -0.057404 -0.112589 0.114853
v -0.056112 -0.098037 0.116301
v -0.055188 -0.092182 0.114921
v -0.050655 -0.091533 0.113420
v -0.053506 -0.107944 0.112942
v 0.013117 -0.062246 0.114219
v -0.007926 -0.065438 0.113430
v 0.005639 -0.061690 0.114996
v 0.020971 -0.063872 0.116524
v 0.025760 -0.064157 0.114928
v 0.023481 -0.068534 0.113210
v 0.006620 -0.065530 0.112948
v 0.056895 -0.133903 0.114181
v 0.052885 -0.114132 0.113200
v 0.057404 -0.125472 0.114853
v 0.056112 -0.140024 0.116302
v 0.055188 -0.145879 0.114922
v 0.050655 -0.146527 0.113420
v 0.053506 -0.130117 0.112942
v -0.013117 -0.175814 0.114219
v 0.007926 -0.172623 0.113429
v -0.005639 -0.176370 0.114996
v -0.020971 -0.174188 0.116524
v -0.025760 -0.173903 0.114927
v -0.023481 -0.169527 0.113209
v -0.006620 -0.172531 0.112948
v 0.021275 -0.134828 0.121502
v 0.025347 -0.111336 0.121286
v 0.012340 -0.128498 0.121612
v 0.002150 -0.146635 0.121286
v 0.018296 -0.147847 0.121210
v 0.033918 -0.141646 0.120781
v 0.032375 -0.126059 0.121210
v 0.019252 -0.137239 0.110455
v -0.003176 -0.145328 0.110671
v 0.011467 -0.129538 0.110345
v 0.027559 -0.116354 0.110671
v 0.031556 -0.132044 0.110747
v 0.028162 -0.148506 0.111176
v 0.012544 -0.149693 0.110747
v -0.055682 -0.121955 0.126389
v -0.045912 -0.139605 0.125408
v -0.053632 -0.130148 0.127061
v -0.056776 -0.115882 0.128510
v -0.057655 -0.110020 0.127130
v -0.053527 -0.108038 0.125628
v -0.051312 -0.124546 0.125150
v -0.001514 -0.060930 0.126428
v -0.020623 -0.070302 0.125638
v -0.008813 -0.062648 0.127204
v 0.006465 -0.060119 0.128732
v 0.011119 -0.058951 0.127136
v 0.010261 -0.063810 0.125418
v -0.006723 -0.066015 0.125157
v 0.061786 -0.116106 0.126390
v 0.052016 -0.098456 0.125409
v 0.059736 -0.107913 0.127062
v 0.062880 -0.122179 0.128510
v 0.063759 -0.128042 0.127130
v 0.059631 -0.130023 0.125629
v 0.057416 -0.113515 0.125151
v 0.007618 -0.177131 0.126428
v 0.026727 -0.167759 0.125638
v 0.014917 -0.175413 0.127204
v -0.000361 -0.177942 0.128732
v -0.005015 -0.179110 0.127136
v -0.004157 -0.174251 0.125418
v 0.012827 -0.172046 0.125157
v 0.028093 -0.127699 0.133710
v 0.024912 -0.104070 0.133494
v 0.017668 -0.124349 0.133820
v 0.013403 -0.144711 0.133494
v 0.029166 -0.141012 0.133418
v 0.042201 -0.130401 0.132989
v 0.036042 -0.115999 0.133418
v 0.026888 -0.130607 0.122663
v 0.007931 -0.145067 0.122879
v 0.017148 -0.125604 0.122553
v 0.028530 -0.108191 0.122880
v 0.037061 -0.121953 0.122956
v 0.038774 -0.138673 0.123384
v 0.024236 -0.144502 0.122955
v -0.060763 -0.117017 0.138636
v -0.055750 -0.137701 0.137846
v -0.060666 -0.124515 0.139413
v -0.059829 -0.109051 0.140941
v -0.059962 -0.104255 0.139344
v -0.055403 -0.106144 0.137626
v -0.056926 -0.123203 0.137365
v 0.006805 -0.067160 0.138598
v -0.012541 -0.072878 0.137617
v -0.001638 -0.067388 0.139270
v 0.012971 -0.067406 0.140718
v 0.018884 -0.067817 0.139338
v 0.019925 -0.072276 0.137837
v 0.003329 -0.070865 0.137359
v 0.054659 -0.133252 0.138636
v 0.049645 -0.112568 0.137846
v 0.054561 -0.125754 0.139413
v 0.053724 -0.141218 0.140941
v 0.053857 -0.146014 0.139344
v 0.049299 -0.144125 0.137626
v 0.050822 -0.127066 0.137365
v -0.012909 -0.183109 0.138598
v 0.006437 -0.177391 0.137617
v -0.004466 -0.182881 0.139270
v -0.019075 -0.182863 0.140718
v -0.024989 -0.182452 0.139338
v -0.026030 -0.177993 0.137837
v -0.009433 -0.179404 0.137359
v -0.016936 -0.147705 0.145918
v 0.006822 -0.149715 0.145702
v -0.011409 -0.138253 0.146028
v -0.030365 -0.129682 0.145702
v -0.030164 -0.145872 0.145626
v -0.022626 -0.160895 0.145197
v -0.007233 -0.157999 0.145626
v -0.019514 -0.145900 0.134872
v -0.029527 -0.124263 0.135088
v -0.012521 -0.137473 0.134762
v 0.002016 -0.152355 0.135088
v -0.013266 -0.157704 0.135164
v -0.029961 -0.155759 0.135593
v -0.032505 -0.140303 0.135164
v -0.057638 -0.101667 0.150844
v -0.057221 -0.122945 0.150054
v -0.059166 -0.109008 0.151621
v -0.055002 -0.094092 0.153149
v -0.054094 -0.089381 0.151552
v -0.050052 -0.092212 0.149834
v -0.055231 -0.108536 0.149573
v 0.019120 -0.067616 0.150806
v -0.001006 -0.069011 0.149825
v 0.010828 -0.066011 0.151478
v 0.025086 -0.069191 0.152926
v 0.030771 -0.070872 0.151546
v 0.030822 -0.075450 0.150045
v 0.014924 -0.070481 0.149567
v 0.051534 -0.142498 0.150844
v 0.051116 -0.121220 0.150054
v 0.053062 -0.135157 0.151621
v 0.048897 -0.150073 0.153149
v 0.047989 -0.154784 0.151552
v 0.043948 -0.151953 0.149834
v 0.049127 -0.135629 0.149573
v -0.025224 -0.176549 0.150806
v -0.005099 -0.175154 0.149825
v -0.016932 -0.178154 0.151478
v -0.031191 -0.174974 0.152926
v -0.036875 -0.173293 0.151546
v -0.036926 -0.168715 0.150045
v -0.021028 -0.173684 0.149567
v -0.021492 -0.141113 0.158126
v 0.001267 -0.148217 0.157910
v -0.014050 -0.133081 0.158236
v -0.030702 -0.120611 0.157910
v -0.034010 -0.136461 0.157834
v -0.029902 -0.152758 0.157405
v -0.014247 -0.153263 0.157834
v -0.023618 -0.138793 0.147080
v -0.028711 -0.115501 0.147296
v -0.014968 -0.132079 0.146970
v -0.003996 -0.149755 0.147296
v -0.020074 -0.151670 0.147372
v -0.035952 -0.146157 0.147801
v -0.035090 -0.130517 0.147372
v -0.066688 -0.100515 0.089765
v -0.064940 -0.125960 0.089004
v -0.068304 -0.109402 0.090505
v -0.064940 -0.091385 0.091885
v -0.063293 -0.085649 0.090437
v -0.057960 -0.088744 0.088784
v -0.063293 -0.108582 0.088526
v 0.023780 -0.055802 0.089803
v -0.000318 -0.058394 0.088793
v 0.013761 -0.054481 0.090511
v 0.031105 -0.058394 0.092108
v 0.037966 -0.059307 0.090580
v 0.038181 -0.064453 0.089013
v 0.018857 -0.059307 0.088532
v 0.066687 -0.143650 0.089765
v 0.064939 -0.118205 0.089004
v 0.068303 -0.134763 0.090505
v 0.064939 -0.152780 0.091885
v 0.063292 -0.158516 0.090437
v 0.057959 -0.155421 0.088784
v 0.063292 -0.135583 0.088526
v -0.023781 -0.188363 0.089803
v 0.000317 -0.185771 0.088793
v -0.013762 -0.189684 0.090511
v -0.031106 -0.185771 0.092108
v -0.037967 -0.184858 0.090580
v -0.038182 -0.179712 0.089013
v -0.018858 -0.184858 0.088532
v 0.023780 -0.143193 0.097085
v 0.031105 -0.115536 0.096869
v 0.013761 -0.134691 0.097195
v -0.000318 -0.155307 0.096869
v 0.018857 -0.158444 0.096793
v 0.038181 -0.152666 0.096364
v 0.037966 -0.133871 0.096793
v -0.023781 -0.143193 0.086039
v -0.031106 -0.115536 0.086255
v -0.013762 -0.134691 0.085929
v 0.000317 -0.155307 0.086255
v -0.018858 -0.158444 0.086331
v -0.038182 -0.152666 0.086760
v -0.037967 -0.133871 0.086331
v 0.049927 -0.087628 0.028011
v 0.050218 -0.093714 0.023770
v 0.050493 -0.097538 0.026667
v 0.051381 -0.095474 0.029973
v 0.050493 -0.082250 0.030489
v 0.050218 -0.070664 0.029533
v 0.049657 -0.081703 0.026530
v 0.057078 -0.029062 0.027935
v 0.055857 -0.030790 0.023325
v 0.054713 -0.031399 0.026381
v 0.054678 -0.034829 0.029514
v 0.057898 -0.031399 0.030477
v 0.061094 -0.030790 0.029954
v 0.058747 -0.028181 0.026518
v 0.072155 -0.058870 0.028011
v 0.071864 -0.052784 0.023770
v 0.071590 -0.048960 0.026667
v 0.070701 -0.051024 0.029973
v 0.071589 -0.064248 0.030489
v 0.071864 -0.075834 0.029533
v 0.072425 -0.064795 0.026530
v 0.065004 -0.117436 0.027935
v 0.066225 -0.115708 0.023325
v 0.067369 -0.115099 0.026381
v 0.067404 -0.111669 0.029514
v 0.064184 -0.115099 0.030477
v 0.060988 -0.115708 0.029954
v 0.063335 -0.118317 0.026518
v 0.057078 -0.059176 0.035464
v 0.061094 -0.051099 0.035031
v 0.057898 -0.049008 0.034879
v 0.054678 -0.052860 0.034022
v 0.054713 -0.065390 0.034879
v 0.055857 -0.077614 0.035031
v 0.058747 -0.064843 0.035684
v 0.065004 -0.059176 0.013370
v 0.060988 -0.051099 0.013802
v 0.064184 -0.049008 0.013954
v 0.067404 -0.052860 0.014811
v 0.067369 -0.065390 0.013954
v 0.066225 -0.077614 0.013802
v 0.063335 -0.064843 0.013149
v -0.072156 -0.087628 0.028011
v -0.071864 -0.093714 0.023770
v -0.071590 -0.097538 0.026667
v -0.070701 -0.095474 0.029973
v -0.071590 -0.082250 0.030489
v -0.071864 -0.070664 0.029533
v -0.072425 -0.081703 0.026530
v -0.065005 -0.029062 0.027935
v -0.066225 -0.030790 0.023325
v -0.067369 -0.031399 0.026381
v -0.067405 -0.034829 0.029514
v -0.064184 -0.031399 0.030477
v -0.060988 -0.030790 0.029954
v -0.063335 -0.028181 0.026518
v -0.049927 -0.058870 0.028011
v -0.050218 -0.052784 0.023770
v -0.050493 -0.048960 0.026667
v -0.051381 -0.051024 0.029973
v -0.050493 -0.064248 0.030489
v -0.050218 -0.075834 0.029533
v -0.049657 -0.064795 0.026530
v -0.057078 -0.117436 0.027935
v -0.055857 -0.115708 0.023325
v -0.054713 -0.115099 0.026381
v -0.054678 -0.111669 0.029514
v -0.057898 -0.115099 0.030477
v -0.061094 -0.115708 0.029954
v -0.058748 -0.118317 0.026518
v -0.065005 -0.059176 0.035464
v -0.060988 -0.051099 0.035031
v -0.064184 -0.049008 0.034879
v -0.067405 -0.052860 0.034022
v -0.067369 -0.065390 0.034879
v -0.066225 -0.077614 0.035031
v -0.063335 -0.064843 0.035684
v -0.057078 -0.059176 0.013370
v -0.061094 -0.051099 0.013802
v -0.057898 -0.049008 0.013954
v -0.054678 -0.052860 0.014811
v -0.054713 -0.065390 0.013954
v -0.055857 -0.077614 0.013802
v -0.058748 -0.064843 0.013149
v 0.053137 -0.094798 0.096695
v 0.052348 -0.079386 0.101282
v 0.053459 -0.090335 0.095970
v 0.055100 -0.101132 0.091950
v 0.054416 -0.103789 0.094075
v 0.053990 -0.102331 0.098245
v 0.052393 -0.089749 0.100506
v 0.055719 -0.039018 0.120475
v 0.060088 -0.039242 0.118888
v 0.057323 -0.040062 0.117408
v 0.054299 -0.043736 0.116319
v 0.053388 -0.041772 0.120695
v 0.054156 -0.041822 0.123844
v 0.057058 -0.038507 0.122344
v 0.072620 -0.064705 0.110413
v 0.073613 -0.079882 0.101953
v 0.072400 -0.067000 0.106692
v 0.070452 -0.055174 0.112610
v 0.071212 -0.056442 0.115504
v 0.071631 -0.061844 0.116573
v 0.073343 -0.071609 0.109097
v 0.070058 -0.123077 0.093886
v 0.071691 -0.119551 0.090751
v 0.072302 -0.120495 0.093953
v 0.071573 -0.119054 0.097793
v 0.068793 -0.122020 0.096884
v 0.065560 -0.122217 0.095872
v 0.068579 -0.123255 0.092022
v 0.057636 -0.071220 0.122930
v 0.061830 -0.066105 0.124761
v 0.058420 -0.062004 0.126191
v 0.055318 -0.061754 0.125252
v 0.055412 -0.074386 0.120883
v 0.057080 -0.087070 0.115764
v 0.059609 -0.077580 0.120570
v 0.065371 -0.062261 0.103008
v 0.060360 -0.058042 0.105058
v 0.063030 -0.053682 0.107146
v 0.066112 -0.053710 0.108177
v 0.068162 -0.065570 0.102362
v 0.068710 -0.078228 0.096944
v 0.064511 -0.068630 0.100075
v -0.075668 -0.093339 0.097287
v -0.073716 -0.075935 0.103167
v -0.074511 -0.086766 0.097425
v -0.074664 -0.098359 0.092603
v -0.075927 -0.103064 0.094217
v -0.075982 -0.102281 0.098263
v -0.075479 -0.088717 0.101072
v -0.064167 -0.043262 0.126862
v -0.065823 -0.043245 0.122476
v -0.066655 -0.044735 0.125130
v -0.066582 -0.048537 0.126705
v -0.063472 -0.046284 0.128185
v -0.060377 -0.045893 0.127700
v -0.062528 -0.042075 0.125756
v -0.051581 -0.071899 0.115034
v -0.051391 -0.064445 0.113128
v -0.051332 -0.062155 0.117530
v -0.052446 -0.065345 0.119893
v -0.052640 -0.077797 0.115314
v -0.053270 -0.088117 0.109990
v -0.051766 -0.076777 0.111333
v -0.063474 -0.125321 0.092637
v -0.062002 -0.122863 0.089118
v -0.060850 -0.122965 0.092106
v -0.060611 -0.120745 0.096280
v -0.064228 -0.123925 0.095862
v -0.067679 -0.123877 0.095152
v -0.065231 -0.125547 0.091012
v -0.066712 -0.072422 0.122440
v -0.062165 -0.066352 0.124628
v -0.064973 -0.063449 0.125610
v -0.067971 -0.064429 0.124315
v -0.069357 -0.075741 0.120369
v -0.069680 -0.087964 0.115398
v -0.065695 -0.078477 0.120189
v -0.065642 -0.065059 0.101543
v -0.068592 -0.080663 0.095289
v -0.068628 -0.070020 0.099973
v -0.067071 -0.058231 0.105860
v -0.063450 -0.056261 0.105903
v -0.060570 -0.059980 0.104320
v -0.064563 -0.070552 0.099054
v -0.055573 -0.014379 0.107025
v -0.054116 -0.020465 0.081580
v -0.052743 -0.024289 0.098958
v -0.048299 -0.022225 0.118796
v -0.052743 -0.009001 0.121891
v -0.054116 0.002585 0.116155
v -0.056920 -0.008454 0.098138
v -0.019817 0.044187 0.106568
v -0.025921 0.042459 0.078911
v -0.031639 0.041850 0.097246
v -0.031818 0.038420 0.116041
v -0.015715 0.041850 0.121819
v 0.000264 0.042459 0.118682
v -0.011468 0.045068 0.098066
v 0.055573 0.014379 0.107025
v 0.054116 0.020465 0.081580
v 0.052743 0.024289 0.098958
v 0.048299 0.022225 0.118796
v 0.052743 0.009001 0.121891
v 0.054116 -0.002585 0.116155
v 0.056920 0.008454 0.098138
v 0.019817 -0.044187 0.106568
v 0.025921 -0.042459 0.078911
v 0.031639 -0.041850 0.097246
v 0.031818 -0.038420 0.116041
v 0.015715 -0.041850 0.121819
v -0.000264 -0.042459 0.118682
v 0.011468 -0.045068 0.098066
v -0.019817 0.014073 0.151738
v 0.000264 0.022150 0.149146
v -0.015715 0.024241 0.148233
v -0.031818 0.020389 0.143087
v -0.031639 0.007859 0.148233
v -0.025921 -0.004365 0.149146
v -0.011468 0.008406 0.153059
v 0.019817 0.014073 0.019177
v -0.000264 0.022150 0.021769
v 0.015715 0.024241 0.022682
v 0.031818 0.020389 0.027828
v 0.031639 0.007859 0.022682
v 0.025921 -0.004365 0.021769
v 0.011468 0.008406 0.017856
v -0.066688 -0.021568 0.237722
v -0.064940 -0.030697 0.216518
v -0.063293 -0.036433 0.230999
v -0.057960 -0.033338 0.247530
v -0.063293 -0.013501 0.250110
v -0.064940 0.003877 0.245329
v -0.068304 -0.012681 0.230316
v -0.023781 0.066280 0.237340
v -0.031106 0.063688 0.214293
v -0.037967 0.062775 0.229572
v -0.038182 0.057629 0.245235
v -0.018858 0.062775 0.250050
v 0.000317 0.063688 0.247436
v -0.013762 0.067601 0.230256
v 0.066687 0.021568 0.237722
v 0.064939 0.030697 0.216518
v 0.063292 0.036434 0.230999
v 0.057959 0.033338 0.247530
v 0.063292 0.013501 0.250110
v 0.064939 -0.003877 0.245329
v 0.068303 0.012681 0.230316
v 0.023780 -0.066280 0.237340
v 0.031105 -0.063688 0.214293
v 0.037966 -0.062775 0.229572
v 0.038181 -0.057629 0.245235
v 0.018857 -0.062775 0.250050
v -0.000318 -0.063688 0.247436
v 0.013761 -0.067601 0.230256
v -0.023781 0.021110 0.274983
v 0.000317 0.033225 0.272822
v -0.018858 0.036361 0.272062
v -0.038182 0.030583 0.267773
v -0.037967 0.011788 0.272062
v -0.031106 -0.006547 0.272822
v -0.013762 0.012609 0.276084
v 0.023780 0.021110 0.164514
v -0.000318 0.033225 0.166675
v 0.018857 0.036361 0.167435
v 0.038181 0.030583 0.171724
v 0.037966 0.011788 0.167435
v 0.031105 -0.006547 0.166675
v 0.013761 0.012609 0.163413
v -0.033344 0.094783 0.226938
v -0.032470 0.090979 0.218456
v -0.031646 0.088589 0.224249
v -0.028980 0.089879 0.230861
v -0.031646 0.098145 0.231893
v -0.032470 0.105386 0.229981
v -0.034152 0.098486 0.223975
v -0.011890 0.131387 0.226785
v -0.015553 0.130307 0.217566
v -0.018984 0.129927 0.223678
v -0.019091 0.127783 0.229943
v -0.009429 0.129927 0.231869
v 0.000159 0.130307 0.230823
v -0.006881 0.131938 0.223951
v 0.033344 0.112757 0.226938
v 0.032470 0.116561 0.218456
v 0.031646 0.118951 0.224249
v 0.028980 0.117661 0.230861
v 0.031646 0.109395 0.231893
v 0.032470 0.102155 0.229981
v 0.034152 0.109054 0.223975
v 0.011890 0.076153 0.226785
v 0.015553 0.077233 0.217566
v 0.018984 0.077613 0.223678
v 0.019091 0.079757 0.229943
v 0.009429 0.077613 0.231869
v -0.000159 0.077233 0.230823
v 0.006881 0.075602 0.223951
v -0.011890 0.112566 0.241842
v 0.000159 0.117614 0.240978
v -0.009429 0.118921 0.240674
v -0.019091 0.116513 0.238958
v -0.018984 0.108682 0.240674
v -0.015553 0.101042 0.240978
v -0.006881 0.109024 0.242282
v 0.011890 0.112566 0.197655
v -0.000159 0.117614 0.198519
v 0.009429 0.118921 0.198823
v 0.019091 0.116513 0.200539
v 0.018984 0.108682 0.198823
v 0.015553 0.101042 0.198519
v 0.006881 0.109024 0.197215
v -0.038713 0.016515 0.308154
v -0.036755 0.015534 0.300376
v -0.038063 0.015276 0.306632
v -0.039040 0.015754 0.313012
v -0.039465 0.017255 0.312815
v -0.039106 0.018635 0.310537
v -0.038111 0.017187 0.304865
v -0.035051 0.023835 0.308072
v -0.033652 0.023619 0.298939
v -0.035533 0.023543 0.304782
v -0.036907 0.023114 0.310895
v -0.035751 0.023543 0.313124
v -0.033965 0.023619 0.312449
v -0.033623 0.023945 0.305486
v -0.027742 0.020071 0.309866
v -0.026034 0.020861 0.301542
v -0.027421 0.021342 0.307168
v -0.029288 0.021081 0.313529
v -0.029112 0.019363 0.314654
v -0.028632 0.017766 0.312816
v -0.026984 0.019294 0.307002
v -0.028160 0.012789 0.294273
v -0.029882 0.013005 0.291390
v -0.027895 0.013081 0.289488
v -0.026350 0.013510 0.289757
v -0.027275 0.013081 0.296150
v -0.028913 0.013005 0.302333
v -0.029575 0.012679 0.297380
v -0.038319 0.020109 0.322830
v -0.036165 0.021090 0.322377
v -0.037658 0.021348 0.321729
v -0.038860 0.020870 0.319713
v -0.039232 0.019369 0.321504
v -0.038794 0.017989 0.322187
v -0.037611 0.019437 0.323496
v -0.024868 0.020109 0.280431
v -0.027022 0.021090 0.280884
v -0.025529 0.021348 0.281532
v -0.024327 0.020870 0.283549
v -0.023955 0.019369 0.281758
v -0.024393 0.017989 0.281074
v -0.025576 0.019437 0.279765
v -0.041392 -0.011496 0.320241
v -0.040736 -0.014438 0.318333
v -0.041007 -0.015212 0.319910
v -0.040938 -0.013778 0.321574
v -0.041379 -0.009274 0.321450
v -0.041394 -0.005135 0.320858
v -0.041332 -0.009479 0.319398
v -0.037873 0.010466 0.320797
v -0.037970 0.009818 0.318415
v -0.038859 0.009590 0.319783
v -0.039215 0.008303 0.321308
v -0.037747 0.009590 0.322127
v -0.036131 0.009818 0.322218
v -0.036904 0.010796 0.320287
v -0.030536 -0.000827 0.322468
v -0.030208 0.001542 0.320365
v -0.030654 0.002986 0.321749
v -0.031447 0.002202 0.323267
v -0.031099 -0.002952 0.323616
v -0.030927 -0.007741 0.323168
v -0.030258 -0.003157 0.321771
v -0.033411 -0.022674 0.317955
v -0.035529 -0.022026 0.316860
v -0.033913 -0.021798 0.316633
v -0.032380 -0.020511 0.316954
v -0.032259 -0.021798 0.318631
v -0.032860 -0.022026 0.320134
v -0.034283 -0.023004 0.318617
v -0.038687 -0.000712 0.324488
v -0.036680 0.002230 0.324700
v -0.038224 0.003004 0.324279
v -0.039703 0.001570 0.323513
v -0.039777 -0.002934 0.323965
v -0.039247 -0.007073 0.324229
v -0.037898 -0.002729 0.324790
v -0.032428 -0.000712 0.314530
v -0.034434 0.002230 0.314318
v -0.032891 0.003004 0.314739
v -0.031412 0.001570 0.315505
v -0.031337 -0.002934 0.315053
v -0.031868 -0.007073 0.314789
v -0.033217 -0.002729 0.314228
v 0.009788 -0.011496 0.323471
v 0.009840 -0.014438 0.321454
v 0.010056 -0.015212 0.323039
v 0.010622 -0.013778 0.324606
v 0.010164 -0.009274 0.324620
v 0.009971 -0.005135 0.324060
v 0.009592 -0.009479 0.322649
v 0.013312 0.010466 0.322943
v 0.012503 0.009818 0.320700
v 0.012067 0.009590 0.322272
v 0.012185 0.008303 0.323834
v 0.013832 0.009590 0.324174
v 0.015401 0.009818 0.323774
v 0.014082 0.010796 0.322165
v 0.020811 -0.000827 0.322330
v 0.020492 0.001542 0.320225
v 0.020483 0.002986 0.321680
v 0.020183 0.002202 0.323366
v 0.020620 -0.002952 0.323594
v 0.020649 -0.007741 0.323115
v 0.020867 -0.003157 0.321582
v 0.016713 -0.022674 0.318890
v 0.014364 -0.022026 0.318483
v 0.015836 -0.021798 0.317780
v 0.017395 -0.020511 0.317626
v 0.018015 -0.021798 0.319188
v 0.017894 -0.022026 0.320803
v 0.016080 -0.023004 0.319784
v 0.013646 -0.000712 0.326708
v 0.015623 0.002230 0.326307
v 0.014024 0.003004 0.326369
v 0.012383 0.001570 0.326084
v 0.012448 -0.002934 0.326537
v 0.013034 -0.007073 0.326629
v 0.014489 -0.002729 0.326759
v 0.016620 -0.000712 0.315328
v 0.014643 0.002230 0.315729
v 0.016242 0.003004 0.315667
v 0.017883 0.001570 0.315952
v 0.017818 -0.002934 0.315499
v 0.017232 -0.007073 0.315407
v 0.015777 -0.002729 0.315278
v 0.008709 0.016515 0.311138
v 0.008237 0.015534 0.303131
v 0.008871 0.015276 0.309491
v 0.009857 0.015754 0.315869
v 0.009393 0.017255 0.315809
v 0.009050 0.018635 0.313529
v 0.008294 0.017187 0.307820
v 0.012176 0.023835 0.309958
v 0.010764 0.023619 0.300827
v 0.010728 0.023543 0.306966
v 0.011256 0.023114 0.313209
v 0.013028 0.023543 0.314987
v 0.014529 0.023619 0.313806
v 0.012761 0.023945 0.307062
v 0.019687 0.020071 0.309471
v 0.018812 0.020861 0.301019
v 0.019182 0.021342 0.306802
v 0.019313 0.021081 0.313429
v 0.019820 0.019363 0.314450
v 0.019725 0.017766 0.312553
v 0.019549 0.019294 0.306512
v 0.014599 0.012789 0.294726
v 0.012090 0.013005 0.292494
v 0.013413 0.013081 0.290082
v 0.014967 0.013510 0.289875
v 0.016008 0.013081 0.296250
v 0.016304 0.013005 0.302640
v 0.014184 0.012679 0.298114
v 0.013498 0.020109 0.325016
v 0.015415 0.021090 0.323936
v 0.013797 0.021348 0.323767
v 0.012044 0.020870 0.322206
v 0.012228 0.019369 0.324025
v 0.012851 0.017989 0.324546
v 0.014373 0.019437 0.325438
v 0.013576 0.020109 0.280535
v 0.011659 0.021090 0.281615
v 0.013277 0.021348 0.281784
v 0.015030 0.020870 0.283345
v 0.014846 0.019369 0.281526
v 0.014223 0.017989 0.281006
v 0.012701 0.019437 0.280113
v -0.051107 -0.154226 0.105567
v -0.048766 -0.159936 0.103447
v -0.046358 -0.165352 0.104827
v -0.041812 -0.164805 0.106328
v -0.048814 -0.149692 0.106806
v -0.052351 -0.134090 0.106548
v -0.053781 -0.146214 0.104895
v -0.027367 -0.073680 0.105529
v -0.034532 -0.077283 0.103224
v -0.039084 -0.078798 0.104821
v -0.035750 -0.082435 0.106539
v -0.020241 -0.075170 0.106800
v -0.006215 -0.071317 0.106319
v -0.020287 -0.071207 0.104752
v 0.051107 -0.096043 0.105567
v 0.048766 -0.090333 0.103447
v 0.046358 -0.084917 0.104827
v 0.041812 -0.085464 0.106328
v 0.048814 -0.100577 0.106806
v 0.052351 -0.116179 0.106548
v 0.053781 -0.104055 0.104895
v 0.027367 -0.176589 0.105529
v 0.034532 -0.172986 0.103224
v 0.039084 -0.171471 0.104821
v 0.035750 -0.167834 0.106539
v 0.020241 -0.175099 0.106800
v 0.006215 -0.178952 0.106319
v 0.020287 -0.179062 0.104752
v 0.013883 -0.102564 0.109293
v 0.027313 -0.120587 0.109077
v 0.027112 -0.104397 0.109001
v 0.019574 -0.089374 0.108572
v 0.004180 -0.092270 0.109001
v -0.009874 -0.100554 0.109077
v 0.008356 -0.112016 0.109403
v 0.016461 -0.104369 0.098247
v -0.005068 -0.097914 0.098463
v 0.010214 -0.092565 0.098539
v 0.026909 -0.094510 0.098968
v 0.029453 -0.109966 0.098539
v 0.026475 -0.126006 0.098463
v 0.009469 -0.112796 0.098137
v -0.053644 -0.141808 0.117737
v -0.050679 -0.149260 0.115432
v -0.049566 -0.153927 0.117029
v -0.045652 -0.150923 0.118747
v -0.051538 -0.134840 0.119008
v -0.054155 -0.120531 0.118527
v -0.055490 -0.134540 0.116960
v -0.024526 -0.065583 0.117776
v -0.030418 -0.067417 0.115655
v -0.036024 -0.069344 0.117035
v -0.035875 -0.073920 0.118536
v -0.020210 -0.068262 0.119014
v -0.004359 -0.066099 0.118757
v -0.016312 -0.063617 0.117103
v 0.053644 -0.096252 0.117738
v 0.050679 -0.088800 0.115433
v 0.049566 -0.084133 0.117029
v 0.045652 -0.087138 0.118747
v 0.051538 -0.103221 0.119009
v 0.054155 -0.117529 0.118527
v 0.055490 -0.103520 0.116961
v 0.024526 -0.172478 0.117776
v 0.030418 -0.170644 0.115655
v 0.036024 -0.168717 0.117035
v 0.035875 -0.164141 0.118537
v 0.020210 -0.169798 0.119015
v 0.004359 -0.171962 0.118756
v 0.016312 -0.174443 0.117103
v -0.021275 -0.103233 0.121502
v -0.002150 -0.091425 0.121286
v -0.018296 -0.090214 0.121210
v -0.033918 -0.096414 0.120781
v -0.032375 -0.112002 0.121209
v -0.025347 -0.126724 0.121286
v -0.012340 -0.109563 0.121612
v -0.019252 -0.100822 0.110455
v -0.027559 -0.121707 0.110671
v -0.031556 -0.106016 0.110747
v -0.028162 -0.089555 0.111176
v -0.012544 -0.088368 0.110747
v 0.003176 -0.092732 0.110671
v -0.011467 -0.108522 0.110345
v -0.041259 -0.156885 0.129946
v -0.036191 -0.163101 0.127641
v -0.033726 -0.167217 0.129237
v -0.030897 -0.163175 0.130955
v -0.041347 -0.149606 0.131217
v -0.048145 -0.136746 0.130735
v -0.045206 -0.150509 0.129169
v -0.036411 -0.075431 0.129984
v -0.041479 -0.078952 0.127863
v -0.046246 -0.082476 0.129243
v -0.044728 -0.086795 0.130745
v -0.031489 -0.076689 0.131223
v -0.017023 -0.069859 0.130965
v -0.029168 -0.071087 0.129312
v 0.047363 -0.081176 0.129946
v 0.042295 -0.074960 0.127641
v 0.039830 -0.070844 0.129238
v 0.037001 -0.074886 0.130956
v 0.047451 -0.088455 0.131217
v 0.054249 -0.101315 0.130736
v 0.051310 -0.087552 0.129169
v 0.042515 -0.162630 0.129984
v 0.047583 -0.159109 0.127864
v 0.052350 -0.155585 0.129244
v 0.050832 -0.151266 0.130745
v 0.037593 -0.161372 0.131223
v 0.023127 -0.168202 0.130965
v 0.035272 -0.166974 0.129312
v -0.021989 -0.110361 0.133710
v -0.007299 -0.093350 0.133494
v -0.023062 -0.097049 0.133418
v -0.036097 -0.107660 0.132989
v -0.029938 -0.122062 0.133418
v -0.018808 -0.133991 0.133494
v -0.011564 -0.113712 0.133820
v -0.020784 -0.107454 0.122663
v -0.022426 -0.129870 0.122879
v -0.030957 -0.116108 0.122955
v -0.032670 -0.099388 0.123384
v -0.018132 -0.093559 0.122955
v -0.001827 -0.092994 0.122879
v -0.011044 -0.112457 0.122553
v -0.054159 -0.154226 0.142192
v -0.051819 -0.159936 0.140072
v -0.049410 -0.165352 0.141452
v -0.044864 -0.164805 0.142953
v -0.051866 -0.149692 0.143431
v -0.055403 -0.134090 0.143173
v -0.056833 -0.146214 0.141520
v -0.030419 -0.073680 0.142154
v -0.037584 -0.077283 0.139849
v -0.042136 -0.078798 0.141446
v -0.038802 -0.082435 0.143164
v -0.023293 -0.075170 0.143425
v -0.009267 -0.071317 0.142944
v -0.023339 -0.071207 0.141377
v 0.048055 -0.096043 0.142192
v 0.045714 -0.090333 0.140072
v 0.043306 -0.084917 0.141452
v 0.038760 -0.085464 0.142953
v 0.045761 -0.100577 0.143431
v 0.049298 -0.116179 0.143173
v 0.050728 -0.104055 0.141520
v 0.024314 -0.176589 0.142154
v 0.031480 -0.172986 0.139849
v 0.036032 -0.171471 0.141446
v 0.032698 -0.167834 0.143164
v 0.017189 -0.175099 0.143425
v 0.003163 -0.178952 0.142944
v 0.017235 -0.179062 0.141377
v 0.010831 -0.102564 0.145918
v 0.024260 -0.120587 0.145702
v 0.024060 -0.104397 0.145626
v 0.016522 -0.089374 0.145197
v 0.001128 -0.092270 0.145626
v -0.012926 -0.100554 0.145702
v 0.005304 -0.112016 0.146028
v 0.013409 -0.104369 0.134872
v -0.008121 -0.097914 0.135088
v 0.007162 -0.092565 0.135164
v 0.023856 -0.094510 0.135593
v 0.026400 -0.109966 0.135164
v 0.023423 -0.126006 0.135088
v 0.006417 -0.112796 0.134762
v -0.059244 -0.139423 0.154400
v -0.058195 -0.145504 0.152280
v -0.057016 -0.151313 0.153660
v -0.052460 -0.151763 0.155161
v -0.056024 -0.135493 0.155639
v -0.056100 -0.119496 0.155381
v -0.060121 -0.131022 0.153728
v -0.018633 -0.065925 0.154362
v -0.026409 -0.067891 0.152057
v -0.031181 -0.068386 0.153654
v -0.028713 -0.072658 0.155372
v -0.011999 -0.068922 0.155633
v 0.002529 -0.068195 0.155152
v -0.011186 -0.065043 0.153585
v 0.053140 -0.104742 0.154400
v 0.052091 -0.098661 0.152280
v 0.050912 -0.092852 0.153660
v 0.046355 -0.092402 0.155161
v 0.049920 -0.108672 0.155639
v 0.049996 -0.124669 0.155381
v 0.054016 -0.113143 0.153728
v 0.012528 -0.178240 0.154362
v 0.020304 -0.176274 0.152057
v 0.025076 -0.175779 0.153654
v 0.022608 -0.171507 0.155372
v 0.005895 -0.175243 0.155633
v -0.008633 -0.175970 0.155152
v 0.005082 -0.179122 0.153585
v 0.015387 -0.103052 0.158126
v 0.024597 -0.123554 0.157910
v 0.027906 -0.107704 0.157834
v 0.023798 -0.091407 0.157405
v 0.008142 -0.090902 0.157834
v -0.007372 -0.095948 0.157910
v 0.007945 -0.111084 0.158236
v 0.017513 -0.105372 0.147080
v -0.002109 -0.094410 0.147296
v 0.013969 -0.092495 0.147372
v 0.029847 -0.098008 0.147801
v 0.028985 -0.113648 0.147372
v 0.022607 -0.128664 0.147296
v 0.008863 -0.112086 0.146970
v -0.066688 -0.143650 0.093359
v -0.064940 -0.152780 0.091239
v -0.063293 -0.158516 0.092687
v -0.057960 -0.155421 0.094340
v -0.063293 -0.135583 0.094598
v -0.064940 -0.118205 0.094120
v -0.068304 -0.134763 0.092619
v -0.023781 -0.055802 0.093321
v -0.031106 -0.058394 0.091016
v -0.037967 -0.059307 0.092544
v -0.038182 -0.064453 0.094111
v -0.018858 -0.059307 0.094592
v 0.000317 -0.058394 0.094331
v -0.013762 -0.054481 0.092613
v 0.066687 -0.100515 0.093359
v 0.064939 -0.091385 0.091239
v 0.063292 -0.085649 0.092687
v 0.057959 -0.088744 0.094340
v 0.063292 -0.108582 0.094598
v 0.064939 -0.125960 0.094120
v 0.068303 -0.109402 0.092619
v 0.023780 -0.188363 0.093321
v 0.031105 -0.185771 0.091016
v 0.037966 -0.184858 0.092544
v 0.038181 -0.179712 0.094111
v 0.018857 -0.184858 0.094592
v -0.000318 -0.185771 0.094331
v 0.013761 -0.189684 0.092613
v -0.023781 -0.100972 0.097085
v 0.000317 -0.088858 0.096869
v -0.018858 -0.085721 0.096793
v -0.038182 -0.091499 0.096364
v -0.037967 -0.110294 0.096793
v -0.031106 -0.128629 0.096869
v -0.013762 -0.109474 0.097195
v 0.023780 -0.100972 0.086039
v -0.000318 -0.088858 0.086255
v 0.018857 -0.085721 0.086331
v 0.038181 -0.091499 0.086760
v 0.037966 -0.110294 0.086331
v 0.031105 -0.128629 0.086255
v 0.013761 -0.109474 0.085929
vn -0.9534 -0.0232 -0.3007
vn -0.9981 0.0142 -0.0595
vn -0.9810 0.0631 -0.1837
vn -0.8976 0.0362 -0.4394
vn -0.9883 0.0776 0.1315
vn -0.9799 0.1423 -0.1400
vn -0.8341 0.1431 -0.5327
vn -0.9547 -0.0854 -0.2850
vn -0.9749 -0.0494 -0.2170
vn -0.9295 -0.0612 -0.3637
vn -1.0000 -0.0000 -0.0000
vn -0.8629 -0.0083 -0.5054
vn -0.9547 0.0854 0.2850
vn -0.9836 0.1266 0.1283
vn -0.9749 0.0494 0.2170
vn -0.9716 0.1739 -0.1605
vn -0.6878 0.1761 -0.7042
vn -0.7532 0.0862 -0.6521
vn -0.8674 0.1921 -0.4590
vn -0.2744 0.6363 -0.7210
vn 0.1480 0.9795 -0.1370
vn 0.4725 0.7887 -0.3933
vn 0.2921 0.5304 -0.7958
vn 0.6407 0.6527 0.4044
vn 0.8365 0.5369 -0.1092
vn 0.7647 0.3098 -0.5650
vn -0.5597 0.3812 -0.7358
vn -0.4944 0.6128 -0.6165
vn -0.3604 0.3778 -0.8528
vn -0.0000 1.0000 -0.0000
vn 0.2690 0.3359 -0.9027
vn 0.5597 0.3812 0.7358
vn 0.7201 0.4066 0.5623
vn 0.4944 0.6128 0.6165
vn 0.9385 0.3451 -0.0103
vn 0.8329 0.1772 -0.5242
vn 0.7612 0.2099 -0.6136
vn 0.8678 0.2066 -0.4520
vn 0.9534 0.0232 -0.3007
vn 0.9981 -0.0142 -0.0595
vn 0.9810 -0.0631 -0.1837
vn 0.8976 -0.0362 -0.4394
vn 0.9883 -0.0776 0.1315
vn 0.9799 -0.1423 -0.1400
vn 0.8341 -0.1431 -0.5327
vn 0.9547 0.0854 -0.2850
vn 0.9749 0.0494 -0.2170
vn 0.9295 0.0612 -0.3637
vn 1.0000 -0.0000 -0.0000
vn 0.8629 0.0083 -0.5054
vn 0.9547 -0.0854 0.2850
vn 0.9836 -0.1266 0.1283
vn 0.9749 -0.0494 0.2170
vn 0.9716 -0.1739 -0.1605
vn 0.6878 -0.1761 -0.7042
vn 0.7532 -0.0862 -0.6521
vn 0.8674 -0.1921 -0.4590
vn 0.2744 -0.6363 -0.7210
vn -0.1480 -0.9795 -0.1370
vn -0.4725 -0.7887 -0.3933
vn -0.2921 -0.5304 -0.7958
vn -0.6407 -0.6527 0.4044
vn -0.8365 -0.5369 -0.1092
vn -0.7647 -0.3098 -0.5650
vn 0.5597 -0.3812 -0.7358
vn 0.4944 -0.6128 -0.6165
vn 0.3604 -0.3778 -0.8528
vn -0.0000 -1.0000 -0.0000
vn -0.2690 -0.3359 -0.9027
vn -0.5597 -0.3812 0.7358
vn -0.7201 -0.4066 0.5623
vn -0.4944 -0.6128 0.6165
vn -0.9385 -0.3451 -0.0103
vn -0.8329 -0.1772 -0.5242
vn -0.7612 -0.2099 -0.6136
vn -0.8678 -0.2066 -0.4520
vn 0.2961 0.0383 0.9544
vn 0.0429 -0.0096 0.9990
vn 0.1877 -0.0547 0.9807
vn 0.4376 -0.0186 0.8990
vn -0.1590 -0.0983 0.9824
vn 0.1871 -0.1342 0.9731
vn 0.5737 -0.1034 0.8125
vn 0.3309 0.1203 0.9360
vn 0.2392 0.0705 0.9684
vn 0.3718 0.0951 0.9234
vn -0.0000 -0.0000 1.0000
vn 0.5024 0.0274 0.8642
vn -0.3309 -0.1203 0.9360
vn -0.1565 -0.1446 0.9770
vn -0.2392 -0.0705 0.9684
vn 0.1121 -0.1612 0.9805
vn 0.7562 -0.1190 0.6434
vn 0.6670 -0.0580 0.7428
vn 0.4856 -0.1547 0.8603
vn -0.2961 0.0383 -0.9544
vn -0.0429 -0.0096 -0.9990
vn -0.1877 -0.0547 -0.9807
vn -0.4376 -0.0186 -0.8990
vn 0.1590 -0.0983 -0.9824
vn -0.1871 -0.1342 -0.9731
vn -0.5737 -0.1034 -0.8125
vn -0.3309 0.1203 -0.9360
vn -0.2392 0.0705 -0.9684
vn -0.3718 0.0951 -0.9234
vn -0.0000 -0.0000 -1.0000
vn -0.5024 0.0274 -0.8642
vn 0.3309 -0.1203 -0.9360
vn 0.1565 -0.1446 -0.9770
vn 0.2392 -0.0705 -0.9684
vn -0.1121 -0.1612 -0.9805
vn -0.7562 -0.1190 -0.6434
vn -0.6670 -0.0580 -0.7428
vn -0.4856 -0.1547 -0.8604
vn -0.8975 0.0362 -0.4394
vn -0.9295 -0.0612 -0.3638
vn -0.8628 -0.0083 -0.5054
vn -0.8329 -0.1772 -0.5243
vn 0.3308 0.1203 0.9360
vn 0.3717 0.0951 0.9234
vn 0.4856 -0.1547 0.8604
vn -0.3717 0.0951 -0.9234
vn -0.9689 0.0915 -0.2298
vn -0.9974 -0.0690 -0.0184
vn -0.9944 -0.0583 0.0876
vn -0.9980 0.0376 0.0518
vn -0.9467 -0.2148 0.2400
vn -0.9263 -0.1785 0.3319
vn -0.9106 -0.0735 0.4067
vn -0.8971 0.1823 -0.4025
vn -0.9455 0.1050 -0.3083
vn -0.9652 0.1406 -0.2203
vn -0.9962 -0.0637 -0.0588
vn -0.9933 0.0714 0.0914
vn -0.9111 -0.3164 0.2641
vn -0.8796 -0.3092 0.3616
vn -0.9522 -0.2356 0.1943
vn -0.8516 -0.2479 0.4618
vn -0.8171 -0.0617 0.5732
vn -0.9119 -0.0121 0.4103
vn -0.8280 -0.1383 0.5434
vn 0.6391 0.7671 0.0558
vn 0.1100 0.8216 0.5593
vn 0.3930 0.5341 0.7485
vn 0.7733 0.4353 0.4611
vn -0.3425 0.3403 0.8757
vn 0.1612 0.1692 0.9723
vn 0.6260 0.0547 0.7779
vn 0.6027 0.7152 -0.3539
vn 0.4666 0.8679 -0.1702
vn 0.7886 0.6053 -0.1082
vn -0.0805 0.9204 0.3827
vn 0.8912 0.3053 0.3353
vn -0.6791 0.1578 0.7169
vn -0.4221 0.0788 0.9031
vn -0.5787 0.4134 0.7030
vn 0.1028 -0.0375 0.9940
vn 0.6572 -0.0697 0.7505
vn 0.7261 -0.0034 0.6876
vn 0.5668 -0.0726 0.8206
vn 0.9850 0.0519 -0.1646
vn 0.9953 0.0394 0.0882
vn 0.9851 -0.0429 0.1663
vn 0.9893 -0.1012 0.1047
vn 0.9281 -0.0385 0.3703
vn 0.9033 -0.1199 0.4120
vn 0.8784 -0.2256 0.4213
vn 0.9299 0.1015 -0.3535
vn 0.9628 0.1145 -0.2447
vn 0.9825 0.0078 -0.1860
vn 0.9964 0.0620 0.0581
vn 0.9927 -0.1099 0.0496
vn 0.8832 -0.0240 0.4684
vn 0.8529 -0.0687 0.5175
vn 0.9367 -0.0042 0.3502
vn 0.8205 -0.1612 0.5485
vn 0.7853 -0.3140 0.5336
vn 0.9134 -0.2368 0.3311
vn 0.7939 -0.2611 0.5491
vn 0.4233 -0.2926 -0.8574
vn -0.0365 -0.8679 -0.4954
vn -0.3219 -0.6254 -0.7108
vn -0.1072 -0.2110 -0.9716
vn -0.6498 -0.7591 0.0389
vn -0.7566 -0.4934 -0.4291
vn -0.6095 -0.1075 -0.7855
vn 0.7101 -0.0260 -0.7037
vn 0.6376 -0.2816 -0.7171
vn 0.5102 0.0072 -0.8600
vn 0.0805 -0.9204 -0.3827
vn -0.0623 0.0278 -0.9977
vn -0.6537 -0.6189 0.4355
vn -0.7954 -0.5605 0.2306
vn -0.5434 -0.7951 0.2694
vn -0.8925 -0.3331 -0.3042
vn -0.6432 0.0084 -0.7656
vn -0.5491 0.0157 -0.8356
vn -0.7142 -0.0561 -0.6977
vn 0.2899 -0.3160 0.9034
vn 0.0003 -0.3933 0.9194
vn 0.1079 -0.4243 0.8991
vn 0.3659 -0.3536 0.8609
vn -0.2288 -0.4758 0.8493
vn 0.0800 -0.4966 0.8643
vn 0.4243 -0.4230 0.8006
vn 0.3728 -0.2460 0.8947
vn 0.2558 -0.3002 0.9189
vn 0.4388 -0.2488 0.8635
vn -0.0369 -0.3873 0.9212
vn 0.5107 -0.2959 0.8072
vn -0.4155 -0.4835 0.7704
vn -0.2273 -0.5182 0.8245
vn -0.3272 -0.4464 0.8328
vn 0.0350 -0.5263 0.8496
vn 0.5701 -0.4076 0.7134
vn 0.5589 -0.3633 0.7454
vn 0.3475 -0.4829 0.8038
vn -0.2950 0.3740 -0.8792
vn 0.0013 0.3746 -0.9272
vn -0.0991 0.3228 -0.9413
vn -0.3618 0.3067 -0.8804
vn 0.2440 0.3019 -0.9216
vn -0.0587 0.2522 -0.9659
vn -0.4055 0.2074 -0.8903
vn -0.3867 0.4043 -0.8289
vn -0.2647 0.4010 -0.8770
vn -0.4494 0.3705 -0.8129
vn 0.0370 0.3856 -0.9219
vn -0.5100 0.2875 -0.8107
vn 0.4343 0.2686 -0.8598
vn 0.2503 0.2548 -0.9340
vn 0.3378 0.3253 -0.8832
vn -0.0089 0.2280 -0.9736
vn -0.5462 0.1351 -0.8267
vn -0.5438 0.1900 -0.8174
vn -0.3210 0.1795 -0.9299
vn -0.9627 0.2386 -0.1280
vn -0.9960 0.0790 0.0420
vn -0.9846 0.0789 0.1559
vn -0.9740 0.1625 0.1577
vn -0.9536 -0.0755 0.2915
vn -0.9238 -0.0525 0.3793
vn -0.8860 0.0084 0.4637
vn -0.9098 0.3192 -0.2652
vn -0.9510 0.2398 -0.1951
vn -0.9510 0.2860 -0.1175
vn -0.9965 0.0835 0.0068
vn -0.9704 0.2089 0.1212
vn -0.9319 -0.1780 0.3160
vn -0.8937 -0.1788 0.4116
vn -0.9638 -0.0926 0.2499
vn -0.8547 -0.1335 0.5017
vn -0.7986 -0.0213 0.6015
vn -0.9070 0.0846 0.4124
vn -0.8161 -0.0689 0.5738
vn -0.3053 0.8845 -0.3528
vn 0.2132 0.9429 0.2558
vn 0.5059 0.8576 -0.0924
vn 0.2423 0.7999 -0.5490
vn 0.6905 0.4001 0.6026
vn 0.8668 0.4962 0.0502
vn 0.7169 0.4840 -0.5018
vn -0.6772 0.6306 -0.3792
vn -0.5406 0.8085 -0.2325
vn -0.4893 0.7018 -0.5178
vn 0.0670 0.9164 0.3947
vn 0.1272 0.6721 -0.7294
vn 0.5723 0.0227 0.8197
vn 0.7414 0.1031 0.6631
vn 0.5320 0.2867 0.7967
vn 0.9612 0.2664 0.0709
vn 0.7310 0.3632 -0.5777
vn 0.6384 0.4339 -0.6357
vn 0.8077 0.3515 -0.4733
vn 0.9490 0.0737 -0.3065
vn 0.9953 -0.0701 -0.0673
vn 0.9817 -0.0813 -0.1723
vn 0.9160 0.0418 -0.3989
vn 0.9734 -0.2065 0.0996
vn 0.9740 -0.1714 -0.1480
vn 0.8783 -0.0573 -0.4747
vn 0.9241 0.1585 -0.3477
vn 0.9629 0.0839 -0.2566
vn 0.8910 0.1653 -0.4229
vn 0.9970 -0.0746 -0.0182
vn 0.8470 0.1172 -0.5185
vn 0.9345 -0.2697 0.2322
vn 0.9627 -0.2558 0.0880
vn 0.9614 -0.2094 0.1782
vn 0.9591 -0.1999 -0.2003
vn 0.7767 -0.0567 -0.6273
vn 0.8014 0.0146 -0.5979
vn 0.8676 -0.1142 -0.4840
vn 0.2478 -0.4195 -0.8733
vn -0.2971 -0.8270 -0.4772
vn -0.5011 -0.4983 -0.7075
vn -0.1960 -0.1564 -0.9680
vn -0.7865 -0.6152 0.0536
vn -0.8445 -0.3027 -0.4417
vn -0.5856 0.0547 -0.8088
vn 0.6011 -0.2569 -0.7568
vn 0.4476 -0.5178 -0.7291
vn 0.3687 -0.1444 -0.9182
vn -0.1590 -0.9375 -0.3096
vn -0.0997 0.0562 -0.9934
vn -0.7104 -0.5156 0.4790
vn -0.8728 -0.4206 0.2479
vn -0.6458 -0.6923 0.3220
vn -0.9268 -0.1373 -0.3496
vn -0.5154 0.1995 -0.8334
vn -0.4557 0.1816 -0.8714
vn -0.6139 0.1472 -0.7755
vn 0.2636 -0.3548 0.8970
vn 0.0014 -0.3931 0.9195
vn 0.1406 -0.4410 0.8864
vn 0.4002 -0.3987 0.8251
vn -0.2277 -0.4470 0.8651
vn 0.1280 -0.5113 0.8498
vn 0.5295 -0.4572 0.7146
vn 0.3135 -0.2759 0.9086
vn 0.2124 -0.3262 0.9212
vn 0.3461 -0.2972 0.8899
vn -0.0411 -0.3813 0.9236
vn 0.4721 -0.3484 0.8098
vn -0.4293 -0.4225 0.7982
vn -0.2233 -0.4893 0.8430
vn -0.3343 -0.3988 0.8539
vn 0.0548 -0.5325 0.8447
vn 0.7200 -0.4220 0.5510
vn 0.6332 -0.3955 0.6654
vn 0.4296 -0.5158 0.7412
vn -0.1108 0.3208 -0.9406
vn 0.1008 0.3650 -0.9255
vn 0.1882 0.3047 -0.9337
vn 0.1254 0.2414 -0.9623
vn 0.3751 0.3529 -0.8572
vn 0.4405 0.2731 -0.8552
vn 0.4604 0.1460 -0.8756
vn -0.2600 0.3114 -0.9140
vn -0.1829 0.3472 -0.9198
vn -0.1234 0.2725 -0.9542
vn 0.0552 0.3835 -0.9219
vn 0.1579 0.1898 -0.9690
vn 0.4481 0.3901 -0.8044
vn 0.5157 0.3479 -0.7830
vn 0.3363 0.3887 -0.8578
vn 0.5759 0.2491 -0.7787
vn 0.5890 0.0346 -0.8074
vn 0.4423 0.0927 -0.8921
vn 0.5969 0.1141 -0.7942
vn -0.9563 -0.1445 -0.2543
vn -0.9963 0.0715 -0.0476
vn -0.9570 0.2317 -0.1748
vn -0.9070 0.1658 -0.3871
vn -0.9290 0.3603 0.0848
vn -0.8531 0.5109 -0.1062
vn -0.7314 0.5601 -0.3890
vn -0.8990 -0.3568 -0.2538
vn -0.9517 -0.2578 -0.1671
vn -0.9117 -0.2095 -0.3535
vn -0.8694 0.0984 -0.4841
vn -0.8990 0.3568 0.2538
vn -0.8713 0.4620 0.1656
vn -0.9517 0.2578 0.1671
vn -0.7850 0.6192 -0.0212
vn -0.5451 0.6976 -0.4651
vn -0.6889 0.5070 -0.5181
vn -0.6342 0.7117 -0.3021
vn -0.1087 0.9632 -0.2459
vn 0.0338 0.9991 -0.0262
vn 0.1593 0.9805 -0.1150
vn 0.1406 0.9428 -0.3023
vn 0.2435 0.9624 0.1204
vn 0.3728 0.9265 -0.0507
vn 0.4694 0.8367 -0.2820
vn -0.2668 0.9162 -0.2991
vn -0.1903 0.9614 -0.1988
vn -0.1588 0.9224 -0.3520
vn 0.1146 0.9082 -0.4025
vn 0.2668 0.9162 0.2991
vn 0.3222 0.9212 0.2178
vn 0.1903 0.9614 0.1988
vn 0.4544 0.8903 0.0294
vn 0.6447 0.6856 -0.3381
vn 0.4527 0.8030 -0.3876
vn 0.5941 0.7771 -0.2079
vn 0.9563 0.1445 -0.2543
vn 0.9963 -0.0715 -0.0476
vn 0.9570 -0.2317 -0.1748
vn 0.9070 -0.1658 -0.3871
vn 0.9290 -0.3603 0.0848
vn 0.8531 -0.5109 -0.1062
vn 0.7314 -0.5601 -0.3890
vn 0.8990 0.3568 -0.2538
vn 0.9517 0.2578 -0.1671
vn 0.9117 0.2095 -0.3535
vn 0.8694 -0.0984 -0.4841
vn 0.8990 -0.3568 0.2538
vn 0.8713 -0.4620 0.1656
vn 0.9517 -0.2578 0.1671
vn 0.7850 -0.6192 -0.0212
vn 0.5451 -0.6976 -0.4651
vn 0.6889 -0.5070 -0.5181
vn 0.6342 -0.7117 -0.3021
vn 0.1087 -0.9632 -0.2459
vn -0.0338 -0.9991 -0.0262
vn -0.1593 -0.9805 -0.1150
vn -0.1406 -0.9428 -0.3023
vn -0.2435 -0.9624 0.1204
vn -0.3728 -0.9265 -0.0507
vn -0.4694 -0.8367 -0.2820
vn 0.2668 -0.9162 -0.2991
vn 0.1903 -0.9614 -0.1988
vn 0.1588 -0.9224 -0.3520
vn -0.1146 -0.9082 -0.4025
vn -0.2668 -0.9162 0.2991
vn -0.3222 -0.9212 0.2178
vn -0.1903 -0.9614 0.1988
vn -0.4544 -0.8903 0.0294
vn -0.6447 -0.6856 -0.3381
vn -0.4527 -0.8030 -0.3876
vn -0.5941 -0.7771 -0.2079
vn 0.3326 0.2580 0.9071
vn 0.0510 -0.0577 0.9970
vn 0.2299 -0.2150 0.9492
vn 0.4983 -0.0890 0.8624
vn -0.1357 -0.4591 0.8780
vn 0.1647 -0.5399 0.8254
vn 0.5445 -0.4843 0.6848
vn 0.3379 0.5494 0.7642
vn 0.2474 0.3944 0.8850
vn 0.4407 0.3935 0.8068
vn 0.6252 0.0108 0.7804
vn -0.3379 -0.5494 0.7642
vn -0.2082 -0.6332 0.7454
vn -0.2474 -0.3944 0.8850
vn 0.1417 -0.7000 0.7000
vn 0.6865 -0.5401 0.4868
vn 0.7006 -0.4003 0.5907
vn 0.5368 -0.6217 0.5704
vn -0.3326 0.2580 -0.9071
vn -0.0510 -0.0577 -0.9970
vn -0.2299 -0.2150 -0.9492
vn -0.4983 -0.0890 -0.8624
vn 0.1357 -0.4591 -0.8780
vn -0.1647 -0.5399 -0.8254
vn -0.5445 -0.4843 -0.6848
vn -0.3379 0.5494 -0.7642
vn -0.2474 0.3944 -0.8850
vn -0.4407 0.3935 -0.8068
vn -0.6252 0.0108 -0.7804
vn 0.3379 -0.5494 -0.7642
vn 0.2082 -0.6332 -0.7454
vn 0.2474 -0.3944 -0.8850
vn -0.1417 -0.7000 -0.7000
vn -0.6865 -0.5401 -0.4868
vn -0.7006 -0.4003 -0.5907
vn -0.5368 -0.6217 -0.5704
vn -0.9314 -0.1048 -0.3486
vn -0.9960 0.0570 -0.0684
vn -0.9530 0.2005 -0.2271
vn -0.8580 0.1269 -0.4977
vn -0.9449 0.2991 0.1334
vn -0.8840 0.4408 -0.1555
vn -0.7184 0.4505 -0.5300
vn -0.8904 -0.2965 -0.3454
vn -0.9484 -0.2015 -0.2449
vn -0.8708 -0.1890 -0.4539
vn -0.7915 0.0394 -0.6099
vn -0.8904 0.2965 0.3454
vn -0.8905 0.4034 0.2106
vn -0.9484 0.2015 0.2449
vn -0.8327 0.5485 -0.0756
vn -0.5302 0.5428 -0.6514
vn -0.6304 0.3701 -0.6823
vn -0.6558 0.5928 -0.4675
vn -0.1199 0.9115 -0.3935
vn 0.0425 0.9980 -0.0468
vn 0.1978 0.9634 -0.1808
vn 0.1507 0.8701 -0.4693
vn 0.2899 0.9324 0.2157
vn 0.4410 0.8941 -0.0786
vn 0.5052 0.7471 -0.4321
vn -0.3039 0.8255 -0.4756
vn -0.2182 0.9169 -0.3341
vn -0.1873 0.8121 -0.5526
vn 0.1271 0.7749 -0.6192
vn 0.3039 0.8255 0.4756
vn 0.3889 0.8574 0.3372
vn 0.2182 0.9169 0.3341
vn 0.5525 0.8333 0.0154
vn 0.6602 0.5617 -0.4986
vn 0.4988 0.6535 -0.5693
vn 0.6551 0.6684 -0.3522
vn 0.9314 0.1048 -0.3486
vn 0.9960 -0.0570 -0.0684
vn 0.9530 -0.2005 -0.2271
vn 0.8580 -0.1269 -0.4977
vn 0.9449 -0.2991 0.1334
vn 0.8840 -0.4408 -0.1555
vn 0.7184 -0.4505 -0.5300
vn 0.8904 0.2965 -0.3454
vn 0.9484 0.2015 -0.2449
vn 0.8708 0.1890 -0.4539
vn 0.7915 -0.0394 -0.6099
vn 0.8904 -0.2965 0.3454
vn 0.8905 -0.4034 0.2106
vn 0.9484 -0.2015 0.2449
vn 0.8327 -0.5485 -0.0756
vn 0.5302 -0.5428 -0.6514
vn 0.6304 -0.3701 -0.6823
vn 0.6558 -0.5928 -0.4675
vn 0.1199 -0.9115 -0.3935
vn -0.0425 -0.9980 -0.0468
vn -0.1978 -0.9634 -0.1808
vn -0.1507 -0.8701 -0.4693
vn -0.2899 -0.9324 0.2157
vn -0.4410 -0.8941 -0.0786
vn -0.5052 -0.7471 -0.4321
vn 0.3039 -0.8255 -0.4756
vn 0.2182 -0.9169 -0.3341
vn 0.1873 -0.8121 -0.5526
vn -0.1271 -0.7749 -0.6192
vn -0.3039 -0.8255 0.4756
vn -0.3889 -0.8574 0.3372
vn -0.2182 -0.9169 0.3341
vn -0.5525 -0.8333 0.0154
vn -0.6602 -0.5617 -0.4986
vn -0.4988 -0.6535 -0.5693
vn -0.6551 -0.6684 -0.3522
vn 0.2512 0.1528 0.9558
vn 0.0353 -0.0327 0.9988
vn 0.1671 -0.1360 0.9765
vn 0.3853 -0.0608 0.9208
vn -0.1082 -0.2965 0.9489
vn 0.1401 -0.3606 0.9221
vn 0.4711 -0.3379 0.8148
vn 0.2722 0.3604 0.8922
vn 0.1935 0.2450 0.9500
vn 0.3361 0.2578 0.9059
vn 0.4760 0.0245 0.8791
vn -0.2722 -0.3604 0.8922
vn -0.1654 -0.4230 0.8909
vn -0.1935 -0.2450 0.9500
vn 0.1157 -0.4816 0.8687
vn 0.6404 -0.4031 0.6538
vn 0.6053 -0.2616 0.7518
vn 0.4613 -0.4587 0.7594
vn -0.2512 0.1528 -0.9558
vn -0.0353 -0.0327 -0.9988
vn -0.1671 -0.1360 -0.9765
vn -0.3853 -0.0608 -0.9208
vn 0.1082 -0.2965 -0.9489
vn -0.1401 -0.3606 -0.9221
vn -0.4711 -0.3379 -0.8148
vn -0.2722 0.3604 -0.8922
vn -0.1935 0.2450 -0.9500
vn -0.3361 0.2578 -0.9059
vn -0.4760 0.0245 -0.8791
vn 0.2722 -0.3604 -0.8922
vn 0.1654 -0.4230 -0.8909
vn 0.1935 -0.2450 -0.9500
vn -0.1157 -0.4816 -0.8687
vn -0.6404 -0.4031 -0.6538
vn -0.6053 -0.2616 -0.7518
vn -0.4613 -0.4587 -0.7594
vn -0.9031 -0.1205 -0.4122
vn -0.9941 0.0681 -0.0845
vn -0.9344 0.2325 -0.2699
vn -0.8115 0.1370 -0.5681
vn -0.9242 0.3459 0.1616
vn -0.8496 0.4966 -0.1778
vn -0.6527 0.4811 -0.5852
vn -0.8468 -0.3393 -0.4096
vn -0.9267 -0.2329 -0.2951
vn -0.8189 -0.2142 -0.5325
vn -0.7183 0.0459 -0.6942
vn -0.8468 0.3393 0.4096
vn -0.8501 0.4647 0.2478
vn -0.9267 0.2329 0.2951
vn -0.7788 0.6198 -0.0967
vn -0.4532 0.5568 -0.6961
vn -0.5440 0.3951 -0.7402
vn -0.5748 0.6266 -0.5263
vn -0.0977 0.9098 -0.4033
vn 0.0359 0.9982 -0.0487
vn 0.1716 0.9684 -0.1809
vn 0.1249 0.8675 -0.4815
vn 0.2457 0.9409 0.2332
vn 0.3867 0.9184 -0.0838
vn 0.4404 0.7700 -0.4617
vn -0.2565 0.8311 -0.4934
vn -0.1806 0.9193 -0.3497
vn -0.1604 0.8066 -0.5689
vn 0.1022 0.7648 -0.6360
vn 0.2565 0.8311 0.4934
vn 0.3394 0.8771 0.3398
vn 0.1806 0.9193 0.3497
vn 0.4907 0.8714 -0.0020
vn 0.5838 0.5961 -0.5512
vn 0.4308 0.6681 -0.6066
vn 0.5825 0.7104 -0.3951
vn 0.9031 0.1205 -0.4122
vn 0.9941 -0.0681 -0.0845
vn 0.9344 -0.2325 -0.2699
vn 0.8115 -0.1370 -0.5681
vn 0.9242 -0.3459 0.1616
vn 0.8496 -0.4966 -0.1778
vn 0.6527 -0.4811 -0.5852
vn 0.8468 0.3393 -0.4096
vn 0.9267 0.2329 -0.2951
vn 0.8189 0.2142 -0.5325
vn 0.7183 -0.0459 -0.6942
vn 0.8468 -0.3393 0.4096
vn 0.8501 -0.4647 0.2478
vn 0.9267 -0.2329 0.2951
vn 0.7788 -0.6198 -0.0967
vn 0.4532 -0.5568 -0.6961
vn 0.5440 -0.3951 -0.7402
vn 0.5748 -0.6266 -0.5263
vn 0.0977 -0.9098 -0.4033
vn -0.0359 -0.9982 -0.0487
vn -0.1716 -0.9684 -0.1809
vn -0.1249 -0.8675 -0.4815
vn -0.2457 -0.9409 0.2332
vn -0.3867 -0.9184 -0.0838
vn -0.4404 -0.7700 -0.4617
vn 0.2565 -0.8311 -0.4934
vn 0.1806 -0.9193 -0.3497
vn 0.1604 -0.8066 -0.5689
vn -0.1022 -0.7648 -0.6360
vn -0.2565 -0.8311 0.4934
vn -0.3394 -0.8771 0.3398
vn -0.1806 -0.9193 0.3497
vn -0.4907 -0.8714 -0.0020
vn -0.5838 -0.5961 -0.5512
vn -0.4308 -0.6681 -0.6066
vn -0.5825 -0.7104 -0.3951
vn 0.2052 0.1530 0.9667
vn 0.0284 -0.0316 0.9991
vn 0.1383 -0.1267 0.9822
vn 0.3231 -0.0606 0.9444
vn -0.0856 -0.2848 0.9548
vn 0.1142 -0.3476 0.9307
vn 0.4006 -0.3402 0.8508
vn 0.2233 0.3495 0.9099
vn 0.1558 0.2393 0.9583
vn 0.2809 0.2432 0.9284
vn 0.4027 0.0143 0.9152
vn -0.2233 -0.3495 0.9099
vn -0.1381 -0.4094 0.9019
vn -0.1558 -0.2393 0.9583
vn 0.0921 -0.4675 0.8792
vn 0.5591 -0.4223 0.7135
vn 0.5223 -0.2737 0.8076
vn 0.3914 -0.4618 0.7960
vn -0.2052 0.1530 -0.9667
vn -0.0284 -0.0316 -0.9991
vn -0.1383 -0.1267 -0.9822
vn -0.3231 -0.0606 -0.9444
vn 0.0856 -0.2848 -0.9548
vn -0.1142 -0.3476 -0.9307
vn -0.4006 -0.3402 -0.8508
vn -0.2233 0.3495 -0.9099
vn -0.1558 0.2393 -0.9583
vn -0.2809 0.2432 -0.9284
vn -0.4027 0.0143 -0.9152
vn 0.2233 -0.3495 -0.9099
vn 0.1381 -0.4094 -0.9019
vn 0.1558 -0.2393 -0.9583
vn -0.0921 -0.4675 -0.8792
vn -0.5591 -0.4223 -0.7135
vn -0.5223 -0.2737 -0.8076
vn -0.3914 -0.4618 -0.7960
vn -0.9341 -0.2098 -0.2888
vn -0.9723 0.0317 -0.2318
vn -0.9482 0.1576 -0.2758
vn -0.9304 0.1012 -0.3523
vn -0.9384 0.2916 -0.1853
vn -0.8730 0.4294 -0.2311
vn -0.7903 0.5207 -0.3230
vn -0.8664 -0.4125 -0.2815
vn -0.9171 -0.3012 -0.2613
vn -0.9193 -0.2096 -0.3331
vn -0.9751 -0.0216 -0.2209
vn -0.9184 0.1063 -0.3812
vn -0.9500 0.2862 -0.1245
vn -0.9218 0.3606 -0.1421
vn -0.9631 0.2125 -0.1652
vn -0.8460 0.5021 -0.1792
vn -0.6366 0.7007 -0.3220
vn -0.8159 0.4369 -0.3787
vn -0.7190 0.6493 -0.2481
vn -0.1339 0.9824 -0.1304
vn 0.0440 0.9990 -0.0001
vn 0.1950 0.9807 -0.0128
vn 0.2117 0.9731 -0.0905
vn 0.2807 0.9544 0.1014
vn 0.4313 0.8990 0.0766
vn 0.5824 0.8125 0.0233
vn -0.2970 0.9360 -0.1890
vn -0.2182 0.9684 -0.1206
vn -0.1215 0.9770 -0.1750
vn 0.1444 0.9805 -0.1331
vn 0.2970 0.9360 0.1890
vn 0.3423 0.9235 0.1733
vn 0.2182 0.9684 0.1206
vn 0.4846 0.8642 0.1355
vn 0.7640 0.6434 0.0475
vn 0.5076 0.8604 -0.0459
vn 0.6637 0.7428 0.0877
vn 0.9802 0.1383 0.1419
vn 0.9761 -0.0686 0.2060
vn 0.9750 -0.1609 0.1530
vn 0.9913 -0.1039 0.0805
vn 0.9109 -0.3429 0.2296
vn 0.8961 -0.4150 0.1573
vn 0.8945 -0.4460 0.0307
vn 0.9500 0.2862 0.1245
vn 0.9631 0.2125 0.1652
vn 0.9850 0.1467 0.0911
vn 0.9751 -0.0216 0.2209
vn 0.9895 -0.1408 0.0315
vn 0.8664 -0.4125 0.2815
vn 0.8390 -0.4834 0.2496
vn 0.9171 -0.3012 0.2613
vn 0.8186 -0.5520 0.1586
vn 0.8100 -0.5838 -0.0557
vn 0.9012 -0.4325 -0.0260
vn 0.8109 -0.5847 0.0253
vn -0.3198 -0.9424 -0.0979
vn -0.0421 -0.9991 0.0023
vn -0.1444 -0.9890 0.0314
vn -0.4034 -0.9138 -0.0479
vn 0.1945 -0.9735 0.1202
vn -0.0930 -0.9886 0.1187
vn -0.4570 -0.8870 0.0663
vn -0.3844 -0.9068 -0.1732
vn -0.2775 -0.9535 -0.1172
vn -0.4552 -0.8751 -0.1644
vn -0.5404 -0.8358 -0.0970
vn 0.3844 -0.9068 0.1732
vn 0.1938 -0.9663 0.1693
vn 0.2775 -0.9535 0.1172
vn -0.1261 -0.9794 0.1579
vn -0.6148 -0.7824 0.0992
vn -0.5995 -0.8001 0.0216
vn -0.4503 -0.8839 0.1260
vn 0.5167 0.3833 0.7656
vn -0.0023 -0.1134 0.9935
vn 0.3075 -0.4155 0.8561
vn 0.6992 -0.1661 0.6954
vn -0.4056 -0.6689 0.6230
vn 0.1177 -0.8128 0.5705
vn 0.6027 -0.6622 0.4452
vn 0.4677 0.7343 0.4920
vn 0.3659 0.6229 0.6914
vn 0.6264 0.5479 0.5544
vn -0.1647 0.0703 0.9838
vn 0.8381 -0.0673 0.5414
vn -0.7071 -0.6244 0.3318
vn -0.4499 -0.8143 0.3668
vn -0.6340 -0.4982 0.5915
vn 0.0855 -0.9262 0.3672
vn 0.6459 -0.6938 0.3185
vn 0.7133 -0.5956 0.3693
vn 0.5551 -0.7632 0.3308
vn -0.5167 0.3833 -0.7656
vn 0.0022 -0.1134 -0.9935
vn -0.3075 -0.4155 -0.8560
vn -0.6992 -0.1661 -0.6954
vn 0.4056 -0.6689 -0.6230
vn -0.1177 -0.8128 -0.5705
vn -0.6027 -0.6622 -0.4452
vn -0.4677 0.7343 -0.4920
vn -0.3659 0.6229 -0.6914
vn -0.6264 0.5479 -0.5544
vn 0.1647 0.0703 -0.9838
vn -0.8381 -0.0673 -0.5414
vn 0.7071 -0.6245 -0.3318
vn 0.4498 -0.8143 -0.3668
vn 0.6339 -0.4982 -0.5915
vn -0.0856 -0.9262 -0.3672
vn -0.6459 -0.6938 -0.3185
vn -0.7133 -0.5956 -0.3693
vn -0.5551 -0.7632 -0.3308
vn -0.8601 -0.0497 -0.5076
vn -0.9600 0.0102 -0.2798
vn -0.9159 0.0740 -0.3946
vn -0.7812 0.0371 -0.6231
vn -0.9908 0.1011 -0.0895
vn -0.9191 0.1795 -0.3506
vn -0.6953 0.1838 -0.6948
vn -0.8356 -0.1592 -0.5258
vn -0.8881 -0.0974 -0.4492
vn -0.8123 -0.1217 -0.5704
vn -0.9727 -0.0074 -0.2318
vn -0.7261 -0.0231 -0.6872
vn -0.9911 0.1114 0.0725
vn -0.9839 0.1622 -0.0755
vn -0.9979 0.0646 -0.0069
vn -0.9124 0.2237 -0.3429
vn -0.5139 0.2300 -0.8264
vn -0.5921 0.1132 -0.7979
vn -0.7278 0.2501 -0.6386
vn -0.0987 0.7152 -0.6919
vn 0.1380 0.9871 -0.0807
vn 0.4784 0.8433 -0.2450
vn 0.4195 0.6247 -0.6586
vn 0.4848 0.7326 0.4779
vn 0.7735 0.6301 0.0689
vn 0.8386 0.3979 -0.3720
vn -0.3665 0.4817 -0.7960
vn -0.3134 0.7023 -0.6392
vn -0.1517 0.4781 -0.8651
vn 0.4298 0.4313 -0.7933
vn 0.3665 0.4817 0.7960
vn 0.5503 0.5106 0.6607
vn 0.3134 0.7023 0.6392
vn 0.8744 0.4438 0.1962
vn 0.9156 0.2334 -0.3276
vn 0.8496 0.2827 -0.4453
vn 0.9317 0.2780 -0.2339
vn 0.9966 0.0347 -0.0746
vn 0.9836 -0.0218 0.1791
vn 0.9966 -0.0772 0.0273
vn 0.9711 -0.0355 -0.2360
vn 0.9219 -0.1343 0.3633
vn 0.9842 -0.1749 0.0287
vn 0.9134 -0.1424 -0.3813
vn 0.9911 0.1114 -0.0725
vn 0.9979 0.0646 0.0068
vn 0.9847 0.0807 -0.1546
vn 0.9727 -0.0074 0.2318
vn 0.9505 0.0157 -0.3104
vn 0.8356 -0.1592 0.5258
vn 0.9072 -0.1908 0.3748
vn 0.8881 -0.0974 0.4491
vn 0.9728 -0.2150 0.0857
vn 0.7862 -0.1595 -0.5970
vn 0.8614 -0.0889 -0.5001
vn 0.9294 -0.2038 -0.3077
vn -0.5853 -0.7152 -0.3819
vn -0.1315 -0.9871 0.0910
vn -0.4242 -0.8433 0.3299
vn -0.7742 -0.6247 0.1017
vn 0.2282 -0.7326 0.6413
vn -0.2644 -0.6301 0.7301
vn -0.6916 -0.3980 0.6027
vn -0.5665 -0.4817 -0.6686
vn -0.4469 -0.7023 -0.5542
vn -0.7199 -0.4781 -0.5032
vn -0.9006 -0.4313 0.0542
vn 0.5665 -0.4817 0.6686
vn 0.3662 -0.5106 0.7780
vn 0.4469 -0.7023 0.5542
vn -0.1918 -0.4438 0.8754
vn -0.6839 -0.2334 0.6913
vn -0.7627 -0.2827 0.5817
vn -0.6058 -0.2780 0.7455
vn 0.0965 0.0497 0.9941
vn -0.1522 -0.0102 0.9883
vn -0.0295 -0.0740 0.9968
vn 0.2345 -0.0371 0.9714
vn -0.3377 -0.1011 0.9358
vn -0.0708 -0.1795 0.9812
vn 0.3357 -0.1838 0.9238
vn 0.1234 0.1592 0.9795
vn 0.0317 0.0974 0.9947
vn 0.1736 0.1217 0.9773
vn -0.2011 0.0074 0.9795
vn 0.3159 0.0231 0.9485
vn -0.4846 -0.1114 0.8676
vn -0.3474 -0.1622 0.9236
vn -0.4156 -0.0646 0.9073
vn -0.0749 -0.2236 0.9718
vn 0.5318 -0.2300 0.8151
vn 0.4728 -0.1132 0.8739
vn 0.2711 -0.2501 0.9295
vn -0.0965 0.0497 -0.9941
vn 0.1522 -0.0102 -0.9883
vn 0.0295 -0.0740 -0.9968
vn -0.2345 -0.0371 -0.9714
vn 0.3377 -0.1011 -0.9358
vn 0.0708 -0.1795 -0.9812
vn -0.3358 -0.1838 -0.9238
vn -0.1234 0.1592 -0.9795
vn -0.0316 0.0974 -0.9947
vn -0.1736 0.1217 -0.9773
vn 0.2011 0.0074 -0.9795
vn -0.3159 0.0231 -0.9485
vn 0.4847 -0.1114 -0.8676
vn 0.3475 -0.1622 -0.9236
vn 0.4156 -0.0646 -0.9073
vn 0.0749 -0.2237 -0.9718
vn -0.5318 -0.2300 -0.8151
vn -0.4728 -0.1132 -0.8739
vn -0.2711 -0.2501 -0.9295
vn -0.9730 -0.0497 -0.2255
vn -0.9997 0.0102 0.0219
vn -0.9921 0.0740 -0.1009
vn -0.9325 0.0371 -0.3593
vn -0.9719 0.1011 0.2126
vn -0.9820 0.1795 -0.0580
vn -0.8721 0.1838 -0.4535
vn -0.9550 -0.1592 -0.2502
vn -0.9821 -0.0974 -0.1613
vn -0.9462 -0.1217 -0.2997
vn -0.9974 -0.0074 0.0714
vn -0.8992 -0.0231 -0.4370
vn -0.9234 0.1114 0.3672
vn -0.9610 0.1622 0.2238
vn -0.9538 0.0646 0.2935
vn -0.9732 0.2237 -0.0526
vn -0.7387 0.2300 -0.6336
vn -0.8046 0.1133 -0.5829
vn -0.8861 0.2501 -0.3902
vn -0.3022 0.7152 -0.6301
vn 0.1073 0.9871 -0.1185
vn 0.3825 0.8433 -0.3775
vn 0.2019 0.6247 -0.7543
vn 0.6060 0.7326 0.3100
vn 0.7584 0.6301 -0.1668
vn 0.6879 0.3980 -0.6070
vn -0.5890 0.4817 -0.6489
vn -0.4911 0.7023 -0.5154
vn -0.4049 0.4781 -0.7794
vn 0.1713 0.4313 -0.8858
vn 0.5889 0.4817 0.6490
vn 0.7235 0.5106 0.4646
vn 0.4911 0.7023 0.5154
vn 0.8929 0.4438 -0.0759
vn 0.7747 0.2334 -0.5877
vn 0.6763 0.2827 -0.6802
vn 0.8182 0.2780 -0.5033
vn 0.9280 0.0347 -0.3709
vn 0.9919 -0.0218 -0.1249
vn 0.9587 -0.0772 -0.2737
vn 0.8552 -0.0355 -0.5171
vn 0.9885 -0.1343 0.0693
vn 0.9473 -0.1749 -0.2685
vn 0.7565 -0.1424 -0.6383
vn 0.9234 0.1114 -0.3672
vn 0.9538 0.0646 -0.2935
vn 0.8926 0.0807 -0.4436
vn 0.9974 -0.0074 -0.0714
vn 0.8132 0.0157 -0.5818
vn 0.9550 -0.1592 0.2502
vn 0.9780 -0.1908 0.0847
vn 0.9821 -0.0974 0.1613
vn 0.9536 -0.2150 -0.2107
vn 0.5702 -0.1595 -0.8058
vn 0.6711 -0.0889 -0.7360
vn 0.7938 -0.2039 -0.5730
vn -0.6731 -0.7152 -0.1882
vn -0.0980 -0.9871 0.1263
vn -0.3054 -0.8433 0.4422
vn -0.7078 -0.6247 0.3299
vn 0.4105 -0.7326 0.5430
vn -0.0326 -0.6301 0.7758
vn -0.4783 -0.3980 0.7828
vn -0.7414 -0.4817 -0.4673
vn -0.5928 -0.7023 -0.3941
vn -0.8379 -0.4781 -0.2634
vn -0.8426 -0.4313 0.3225
vn 0.7414 -0.4817 0.4673
vn 0.5832 -0.5106 0.6318
vn 0.5928 -0.7023 0.3941
vn 0.0803 -0.4438 0.8925
vn -0.4443 -0.2334 0.8649
vn -0.5524 -0.2828 0.7841
vn -0.3536 -0.2780 0.8931
vn 0.3910 0.0497 0.9191
vn 0.1521 -0.0102 0.9883
vn 0.2716 -0.0740 0.9595
vn 0.5158 -0.0371 0.8559
vn -0.0406 -0.1011 0.9940
vn 0.2276 -0.1795 0.9571
vn 0.5980 -0.1838 0.7801
vn 0.4123 0.1592 0.8971
vn 0.3294 0.0974 0.9392
vn 0.4595 0.1217 0.8798
vn 0.1028 0.0074 0.9947
vn 0.5865 0.0231 0.8096
vn -0.2013 -0.1114 0.9732
vn -0.0536 -0.1622 0.9853
vn -0.1235 -0.0646 0.9902
vn 0.2208 -0.2236 0.9493
vn 0.7523 -0.2300 0.6174
vn 0.7137 -0.1133 0.6912
vn 0.5381 -0.2501 0.8049
vn -0.3910 0.0497 -0.9191
vn -0.1521 -0.0102 -0.9883
vn -0.2716 -0.0740 -0.9595
vn -0.5158 -0.0371 -0.8559
vn 0.0406 -0.1011 -0.9940
vn -0.2276 -0.1795 -0.9571
vn -0.5980 -0.1838 -0.7801
vn -0.4123 0.1592 -0.8971
vn -0.3294 0.0974 -0.9392
vn -0.4595 0.1217 -0.8798
vn -0.1028 0.0074 -0.9947
vn -0.5865 0.0231 -0.8096
vn 0.2013 -0.1114 -0.9732
vn 0.0536 -0.1622 -0.9853
vn 0.1235 -0.0646 -0.9902
vn -0.2208 -0.2236 -0.9493
vn -0.7523 -0.2300 -0.6174
vn -0.7137 -0.1133 -0.6912
vn -0.5381 -0.2501 -0.8049
vn -0.9777 -0.2098 0.0055
vn -0.9969 0.0317 0.0713
vn -0.9873 0.1576 0.0221
vn -0.9933 0.1012 -0.0562
vn -0.9507 0.2916 0.1055
vn -0.9021 0.4294 0.0421
vn -0.8508 0.5207 -0.0704
vn -0.9109 -0.4125 -0.0079
vn -0.9532 -0.3012 0.0266
vn -0.9769 -0.2096 -0.0413
vn -0.9964 -0.0216 0.0825
vn -0.9905 0.1064 -0.0874
vn -0.9435 0.2862 0.1670
vn -0.9219 0.3606 0.1417
vn -0.9682 0.2125 0.1320
vn -0.8607 0.5021 0.0835
vn -0.7040 0.7007 -0.1157
vn -0.8920 0.4369 -0.1158
vn -0.7603 0.6493 -0.0204
vn -0.1670 0.9824 -0.0841
vn 0.0419 0.9990 -0.0133
vn 0.1822 0.9807 -0.0709
vn 0.1747 0.9731 -0.1500
vn 0.2982 0.9544 0.0123
vn 0.4343 0.8990 -0.0567
vn 0.5625 0.8125 -0.1530
vn -0.3401 0.9360 -0.0910
vn -0.2444 0.9684 -0.0494
vn -0.1685 0.9770 -0.1304
vn 0.0977 0.9805 -0.1704
vn 0.3401 0.9360 0.0910
vn 0.3786 0.9235 0.0623
vn 0.2444 0.9684 0.0494
vn 0.5029 0.8642 -0.0165
vn 0.7429 0.6434 -0.1844
vn 0.4703 0.8604 -0.1965
vn 0.6594 0.7428 -0.1159
vn 0.9775 0.1383 -0.1594
vn 0.9929 -0.0686 -0.0970
vn 0.9759 -0.1609 -0.1473
vn 0.9697 -0.1039 -0.2213
vn 0.9378 -0.3429 -0.0550
vn 0.9019 -0.4150 -0.1195
vn 0.8623 -0.4460 -0.2397
vn 0.9435 0.2862 -0.1670
vn 0.9682 0.2125 -0.1320
vn 0.9668 0.1467 -0.2093
vn 0.9964 -0.0216 -0.0825
vn 0.9532 -0.1408 -0.2675
vn 0.9109 -0.4125 0.0079
vn 0.8753 -0.4834 -0.0143
vn 0.9532 -0.3012 -0.0266
vn 0.8284 -0.5520 -0.0949
vn 0.7558 -0.5838 -0.2967
vn 0.8517 -0.4325 -0.2958
vn 0.7809 -0.5847 -0.2197
vn -0.3345 -0.9424 0.0028
vn -0.0394 -0.9991 0.0148
vn -0.1283 -0.9890 0.0733
vn -0.3992 -0.9138 0.0756
vn 0.2216 -0.9735 0.0562
vn -0.0530 -0.9886 0.1411
vn -0.4159 -0.8870 0.2007
vn -0.4187 -0.9068 -0.0496
vn -0.2999 -0.9535 -0.0283
vn -0.4835 -0.8751 -0.0199
vn -0.5445 -0.8358 0.0700
vn 0.4187 -0.9068 0.0496
vn 0.2357 -0.9663 0.1032
vn 0.2999 -0.9535 0.0283
vn -0.0728 -0.9794 0.1885
vn -0.5565 -0.7824 0.2795
vn -0.5653 -0.8001 0.2009
vn -0.3916 -0.8839 0.2556
vn 0.7230 0.3833 0.5748
vn 0.2966 -0.1134 0.9482
vn 0.5507 -0.4155 0.7239
vn 0.8759 -0.1661 0.4529
vn -0.1995 -0.6689 0.7161
vn 0.2838 -0.8128 0.5087
vn 0.7087 -0.6622 0.2434
vn 0.5940 0.7343 0.3286
vn 0.5569 0.6230 0.5494
vn 0.7642 0.5479 0.3404
vn 0.1388 0.0703 0.9878
vn 0.9621 -0.0672 0.2643
vn -0.5746 -0.6245 0.5291
vn -0.3187 -0.8143 0.4851
vn -0.4267 -0.4982 0.7548
vn 0.1920 -0.9262 0.3245
vn 0.7118 -0.6938 0.1095
vn 0.7914 -0.5956 0.1377
vn 0.6288 -0.7632 0.1485
vn -0.7230 0.3833 -0.5748
vn -0.2966 -0.1134 -0.9482
vn -0.5507 -0.4155 -0.7240
vn -0.8760 -0.1661 -0.4529
vn 0.1995 -0.6689 -0.7161
vn -0.2838 -0.8128 -0.5087
vn -0.7087 -0.6622 -0.2434
vn -0.5940 0.7343 -0.3286
vn -0.5569 0.6229 -0.5494
vn -0.7642 0.5479 -0.3404
vn -0.1388 0.0703 -0.9878
vn -0.9621 -0.0673 -0.2643
vn 0.5746 -0.6245 -0.5291
vn 0.3187 -0.8143 -0.4851
vn 0.4267 -0.4982 -0.7548
vn -0.1920 -0.9262 -0.3245
vn -0.7118 -0.6938 -0.1095
vn -0.7914 -0.5956 -0.1377
vn -0.6288 -0.7632 -0.1485
vn -0.4711 -0.1258 -0.8731
vn -0.9895 -0.1034 -0.1009
vn -0.8738 0.0430 -0.4844
vn -0.2920 -0.0255 -0.9561
vn -0.6964 0.0592 0.7152
vn -0.9357 0.3059 -0.1761
vn -0.2212 0.0890 -0.9712
vn -0.2898 -0.1631 -0.9431
vn -0.5254 -0.1732 -0.8330
vn -0.2309 -0.1041 -0.9674
vn -0.9815 -0.1645 0.0975
vn -0.1600 -0.0274 -0.9867
vn -0.2224 0.0429 0.9740
vn -0.4764 0.1551 0.8655
vn -0.4217 0.0010 0.9067
vn -0.6643 0.3155 -0.6776
vn -0.1135 0.0814 -0.9902
vn -0.1204 0.0454 -0.9917
vn -0.2043 0.1263 -0.9707
vn -0.1127 0.3740 -0.9206
vn -0.1159 0.9650 -0.2354
vn 0.0291 0.8222 -0.5685
vn -0.0161 0.2698 -0.9628
vn 0.0564 0.8086 0.5856
vn 0.2914 0.9310 -0.2200
vn 0.1225 0.2571 -0.9586
vn -0.1164 0.1943 -0.9740
vn -0.1451 0.3959 -0.9067
vn -0.0765 0.1648 -0.9834
vn -0.1811 0.9786 -0.0975
vn -0.0015 0.1491 -0.9888
vn 0.0542 0.3281 0.9431
vn 0.1945 0.6140 0.7650
vn -0.0170 0.5530 0.8330
vn 0.2825 0.5408 -0.7923
vn 0.1291 0.1554 -0.9794
vn 0.0922 0.1516 -0.9841
vn 0.1557 0.2170 -0.9637
vn 0.4711 0.1258 -0.8731
vn 0.9895 0.1034 -0.1009
vn 0.8738 -0.0430 -0.4844
vn 0.2920 0.0255 -0.9561
vn 0.6964 -0.0592 0.7152
vn 0.9357 -0.3059 -0.1761
vn 0.2212 -0.0890 -0.9712
vn 0.2898 0.1631 -0.9431
vn 0.5254 0.1732 -0.8330
vn 0.2309 0.1041 -0.9674
vn 0.9815 0.1645 0.0975
vn 0.1600 0.0274 -0.9867
vn 0.2224 -0.0429 0.9740
vn 0.4764 -0.1551 0.8655
vn 0.4217 -0.0010 0.9067
vn 0.6643 -0.3155 -0.6776
vn 0.1135 -0.0814 -0.9902
vn 0.1204 -0.0454 -0.9917
vn 0.2043 -0.1263 -0.9707
vn 0.1127 -0.3740 -0.9206
vn 0.1159 -0.9650 -0.2354
vn -0.0291 -0.8222 -0.5685
vn 0.0161 -0.2698 -0.9628
vn -0.0564 -0.8086 0.5856
vn -0.2914 -0.9310 -0.2200
vn -0.1225 -0.2571 -0.9586
vn 0.1164 -0.1943 -0.9740
vn 0.1451 -0.3959 -0.9067
vn 0.0765 -0.1648 -0.9834
vn 0.1811 -0.9786 -0.0975
vn 0.0015 -0.1491 -0.9888
vn -0.0542 -0.3281 0.9431
vn -0.1945 -0.6140 0.7650
vn 0.0170 -0.5530 0.8330
vn -0.2825 -0.5408 -0.7923
vn -0.1291 -0.1554 -0.9794
vn -0.0922 -0.1516 -0.9841
vn -0.1557 -0.2170 -0.9637
vn 0.0250 -0.0286 0.9993
vn -0.0032 -0.0049 1.0000
vn -0.0133 -0.0239 0.9996
vn 0.0003 -0.0540 0.9985
vn -0.0407 0.0071 0.9991
vn -0.0449 -0.0281 0.9986
vn -0.0390 -0.0837 0.9957
vn 0.0540 -0.0276 0.9982
vn 0.0358 -0.0192 0.9992
vn 0.0413 -0.0378 0.9984
vn 0.0151 -0.0627 0.9979
vn -0.0540 0.0276 0.9982
vn -0.0599 0.0118 0.9981
vn -0.0358 0.0192 0.9992
vn -0.0626 -0.0265 0.9977
vn -0.0519 -0.1274 0.9905
vn -0.0222 -0.1000 0.9947
vn -0.0589 -0.0807 0.9950
vn -0.0354 0.0137 -0.9993
vn -0.0035 -0.0046 -1.0000
vn -0.0179 -0.0207 -0.9996
vn -0.0509 -0.0182 -0.9985
vn 0.0206 -0.0358 -0.9991
vn -0.0110 -0.0518 -0.9986
vn -0.0653 -0.0653 -0.9957
vn -0.0444 0.0414 -0.9982
vn -0.0303 0.0270 -0.9992
vn -0.0497 0.0259 -0.9984
vn -0.0641 -0.0073 -0.9979
vn 0.0444 -0.0414 -0.9982
vn 0.0316 -0.0522 -0.9981
vn 0.0303 -0.0270 -0.9992
vn -0.0035 -0.0679 -0.9977
vn -0.1019 -0.0924 -0.9905
vn -0.0864 -0.0551 -0.9947
vn -0.0557 -0.0829 -0.9950
vn -0.3824 -0.0797 -0.9206
vn -0.9714 -0.0314 -0.2354
vn -0.8165 0.1007 -0.5685
vn -0.2701 0.0075 -0.9628
vn -0.8006 0.1266 0.5856
vn -0.9020 0.3714 -0.2200
vn -0.2455 0.1445 -0.9586
vn -0.2037 -0.0990 -0.9740
vn -0.4071 -0.1101 -0.9067
vn -0.1708 -0.0619 -0.9834
vn -0.9907 -0.0951 -0.0975
vn -0.1487 0.0115 -0.9888
vn -0.3221 0.0826 0.9431
vn -0.5947 0.2473 0.7650
vn -0.5524 0.0313 0.8330
vn -0.5141 0.3286 -0.7923
vn -0.1436 0.1422 -0.9794
vn -0.1430 0.1050 -0.9841
vn -0.2027 0.1740 -0.9637
vn -0.0843 0.4803 -0.8731
vn -0.0167 0.9948 -0.1009
vn 0.1190 0.8667 -0.4844
vn -0.0000 0.2931 -0.9561
vn 0.1197 0.6886 0.7152
vn 0.3862 0.9054 -0.1761
vn 0.1080 0.2126 -0.9711
vn -0.1373 0.3029 -0.9431
vn -0.1267 0.5385 -0.8330
vn -0.0836 0.2392 -0.9674
vn -0.0784 0.9921 0.0975
vn -0.0134 0.1618 -0.9867
vn 0.0622 0.2178 0.9740
vn 0.1961 0.4610 0.8654
vn 0.0377 0.4200 0.9067
vn 0.3722 0.6343 -0.6776
vn 0.0909 0.1060 -0.9902
vn 0.0557 0.1160 -0.9917
vn 0.1436 0.1926 -0.9707
vn 0.3824 0.0797 -0.9206
vn 0.9714 0.0314 -0.2354
vn 0.8165 -0.1007 -0.5685
vn 0.2702 -0.0075 -0.9628
vn 0.8006 -0.1267 0.5856
vn 0.9020 -0.3714 -0.2200
vn 0.2455 -0.1445 -0.9586
vn 0.2037 0.0990 -0.9740
vn 0.4071 0.1101 -0.9067
vn 0.1709 0.0619 -0.9833
vn 0.9907 0.0951 -0.0975
vn 0.1487 -0.0115 -0.9888
vn 0.3221 -0.0826 0.9431
vn 0.5947 -0.2473 0.7649
vn 0.5524 -0.0313 0.8330
vn 0.5141 -0.3286 -0.7923
vn 0.1436 -0.1422 -0.9794
vn 0.1430 -0.1050 -0.9841
vn 0.2027 -0.1740 -0.9637
vn 0.0843 -0.4803 -0.8731
vn 0.0167 -0.9948 -0.1009
vn -0.1190 -0.8667 -0.4844
vn -0.0000 -0.2931 -0.9561
vn -0.1197 -0.6886 0.7152
vn -0.3862 -0.9054 -0.1761
vn -0.1080 -0.2126 -0.9712
vn 0.1373 -0.3029 -0.9431
vn 0.1267 -0.5385 -0.8330
vn 0.0836 -0.2391 -0.9674
vn 0.0783 -0.9921 0.0975
vn 0.0134 -0.1618 -0.9867
vn -0.0622 -0.2178 0.9740
vn -0.1961 -0.4610 0.8655
vn -0.0377 -0.4200 0.9067
vn -0.3722 -0.6342 -0.6776
vn -0.0909 -0.1060 -0.9902
vn -0.0557 -0.1160 -0.9917
vn -0.1436 -0.1925 -0.9707
vn 0.0307 0.0224 0.9993
vn 0.0046 -0.0036 1.0000
vn 0.0227 -0.0153 0.9996
vn 0.0538 -0.0044 0.9985
vn -0.0107 -0.0400 0.9991
vn 0.0241 -0.0472 0.9986
vn 0.0799 -0.0462 0.9957
vn 0.0322 0.0514 0.9982
vn 0.0222 0.0340 0.9992
vn 0.0413 0.0379 0.9984
vn 0.0638 0.0096 0.9979
vn -0.0322 -0.0514 0.9982
vn -0.0170 -0.0586 0.9981
vn -0.0223 -0.0340 0.9992
vn 0.0209 -0.0647 0.9977
vn 0.1224 -0.0629 0.9905
vn 0.0977 -0.0309 0.9947
vn 0.0753 -0.0657 0.9950
vn -0.0167 -0.0341 -0.9993
vn 0.0043 -0.0039 -1.0000
vn 0.0191 -0.0197 -0.9996
vn 0.0137 -0.0523 -0.9985
vn 0.0375 0.0174 -0.9991
vn 0.0506 -0.0155 -0.9986
vn 0.0594 -0.0707 -0.9957
vn -0.0451 -0.0406 -0.9982
vn -0.0296 -0.0278 -0.9992
vn -0.0301 -0.0472 -0.9984
vn 0.0016 -0.0645 -0.9979
vn 0.0451 0.0406 -0.9982
vn 0.0548 0.0269 -0.9981
vn 0.0296 0.0278 -0.9992
vn 0.0673 -0.0094 -0.9977
vn 0.0831 -0.1096 -0.9905
vn 0.0474 -0.0909 -0.9947
vn 0.0778 -0.0627 -0.9950
vn -0.3407 -0.1910 -0.9206
vn -0.9170 -0.3220 -0.2354
vn -0.8090 -0.1495 -0.5685
vn -0.2599 -0.0741 -0.9628
vn -0.8017 -0.1200 0.5856
vn -0.9720 0.0830 -0.2200
vn -0.2776 0.0640 -0.9586
vn -0.1645 -0.1557 -0.9740
vn -0.3551 -0.2274 -0.9067
vn -0.1443 -0.1104 -0.9834
vn -0.9162 -0.3886 -0.0975
vn -0.1453 -0.0338 -0.9888
vn -0.3321 -0.0181 0.9431
vn -0.6416 0.0570 0.7649
vn -0.5362 -0.1362 0.8330
vn -0.5891 0.1588 -0.7923
vn -0.1797 0.0924 -0.9794
vn -0.1680 0.0572 -0.9841
vn -0.2456 0.1050 -0.9637
vn -0.2248 0.4327 -0.8731
vn -0.3151 0.9437 -0.1009
vn -0.1471 0.8624 -0.4844
vn -0.0881 0.2795 -0.9561
vn -0.0930 0.6927 0.7152
vn 0.0961 0.9797 -0.1761
vn 0.0391 0.2352 -0.9712
vn -0.2220 0.2476 -0.9431
vn -0.2828 0.4755 -0.8330
vn -0.1516 0.2030 -0.9674
vn -0.3731 0.9227 0.0975
vn -0.0614 0.1503 -0.9867
vn -0.0062 0.2264 0.9740
vn 0.0484 0.4986 0.8655
vn -0.0903 0.4119 0.9067
vn 0.1643 0.7168 -0.6776
vn 0.0549 0.1285 -0.9902
vn 0.0183 0.1273 -0.9917
vn 0.0790 0.2268 -0.9707
vn 0.3407 0.1910 -0.9206
vn 0.9170 0.3220 -0.2354
vn 0.8090 0.1495 -0.5685
vn 0.2599 0.0741 -0.9628
vn 0.8017 0.1200 0.5856
vn 0.9720 -0.0830 -0.2200
vn 0.2776 -0.0640 -0.9586
vn 0.1645 0.1557 -0.9740
vn 0.3551 0.2274 -0.9067
vn 0.1443 0.1104 -0.9834
vn 0.9162 0.3886 -0.0975
vn 0.1453 0.0338 -0.9888
vn 0.3320 0.0181 0.9431
vn 0.6415 -0.0570 0.7650
vn 0.5362 0.1362 0.8330
vn 0.5891 -0.1588 -0.7923
vn 0.1797 -0.0924 -0.9794
vn 0.1680 -0.0572 -0.9841
vn 0.2456 -0.1050 -0.9637
vn 0.2248 -0.4327 -0.8731
vn 0.3151 -0.9437 -0.1009
vn 0.1471 -0.8624 -0.4844
vn 0.0881 -0.2795 -0.9561
vn 0.0929 -0.6927 0.7152
vn -0.0961 -0.9797 -0.1761
vn -0.0391 -0.2353 -0.9711
vn 0.2220 -0.2476 -0.9431
vn 0.2828 -0.4755 -0.8330
vn 0.1516 -0.2030 -0.9674
vn 0.3731 -0.9227 0.0975
vn 0.0614 -0.1503 -0.9867
vn 0.0062 -0.2264 0.9740
vn -0.0484 -0.4987 0.8654
vn 0.0903 -0.4119 0.9067
vn -0.1643 -0.7168 -0.6776
vn -0.0548 -0.1285 -0.9902
vn -0.0182 -0.1274 -0.9917
vn -0.0790 -0.2268 -0.9707
vn 0.0225 0.0306 0.9993
vn 0.0055 -0.0020 1.0000
vn 0.0263 -0.0078 0.9996
vn 0.0527 0.0120 0.9985
vn 0.0018 -0.0413 0.9991
vn 0.0371 -0.0378 0.9986
vn 0.0901 -0.0200 0.9957
vn 0.0152 0.0587 0.9982
vn 0.0110 0.0391 0.9992
vn 0.0280 0.0486 0.9984
vn 0.0579 0.0283 0.9979
vn -0.0152 -0.0587 0.9982
vn 0.0014 -0.0610 0.9981
vn -0.0110 -0.0391 0.9992
vn 0.0394 -0.0554 0.9977
vn 0.1356 -0.0231 0.9905
vn 0.1025 -0.0001 0.9947
vn 0.0915 -0.0400 0.9950
vn -0.0057 -0.0376 -0.9993
vn 0.0053 -0.0024 -1.0000
vn 0.0241 -0.0130 -0.9996
vn 0.0288 -0.0457 -0.9985
vn 0.0305 0.0279 -0.9991
vn 0.0530 0.0004 -0.9986
vn 0.0779 -0.0496 -0.9957
vn -0.0308 -0.0523 -0.9982
vn -0.0198 -0.0354 -0.9992
vn -0.0145 -0.0541 -0.9984
vn 0.0210 -0.0610 -0.9979
vn 0.0308 0.0523 -0.9982
vn 0.0442 0.0422 -0.9981
vn 0.0198 0.0354 -0.9992
vn 0.0670 0.0113 -0.9977
vn 0.1123 -0.0795 -0.9905
vn 0.0725 -0.0724 -0.9947
vn 0.0930 -0.0364 -0.9950
vn 0.4763 -0.1551 0.8655
vn -0.4871 -0.0209 -0.8731
vn -0.9884 0.1133 -0.1009
vn -0.8438 0.2311 -0.4844
vn -0.2906 0.0383 -0.9561
vn -0.6671 0.2085 0.7152
vn -0.8473 0.5011 -0.1761
vn -0.1967 0.1348 -0.9712
vn -0.3182 -0.0965 -0.9431
vn -0.5505 -0.0554 -0.8330
vn -0.2480 -0.0516 -0.9674
vn -0.9939 0.0518 0.0975
vn -0.1622 0.0079 -0.9867
vn -0.2078 0.0901 0.9740
vn -0.4315 0.2546 0.8655
vn -0.4115 0.0922 0.9067
vn -0.5802 0.4518 -0.6776
vn -0.0932 0.1040 -0.9902
vn -0.1077 0.0704 -0.9917
vn -0.1722 0.1675 -0.9707
vn -0.0291 0.3895 -0.9206
vn 0.0957 0.9672 -0.2354
vn 0.2064 0.7964 -0.5685
vn 0.0427 0.2669 -0.9628
vn 0.2301 0.7773 0.5856
vn 0.4860 0.8458 -0.2200
vn 0.1753 0.2245 -0.9586
vn -0.0716 0.2149 -0.9740
vn -0.0560 0.4180 -0.9067
vn -0.0391 0.1775 -0.9834
vn 0.0350 0.9946 -0.0975
vn 0.0308 0.1459 -0.9888
vn 0.1239 0.3086 0.9431
vn 0.3228 0.5573 0.7650
vn 0.1031 0.5435 0.8330
vn 0.3928 0.4668 -0.7923
vn 0.1597 0.1238 -0.9794
vn 0.1228 0.1281 -0.9841
vn 0.1990 0.1782 -0.9637
vn 0.4871 0.0209 -0.8731
vn 0.9884 -0.1133 -0.1009
vn 0.8438 -0.2311 -0.4844
vn 0.2906 -0.0383 -0.9561
vn 0.6671 -0.2085 0.7152
vn 0.8473 -0.5011 -0.1761
vn 0.1967 -0.1348 -0.9712
vn 0.3182 0.0965 -0.9431
vn 0.5504 0.0554 -0.8330
vn 0.2480 0.0516 -0.9674
vn 0.9939 -0.0518 0.0975
vn 0.1622 -0.0079 -0.9867
vn 0.2078 -0.0901 0.9740
vn 0.4315 -0.2546 0.8655
vn 0.4115 -0.0922 0.9067
vn 0.5802 -0.4518 -0.6776
vn 0.0932 -0.1040 -0.9902
vn 0.1077 -0.0704 -0.9917
vn 0.1722 -0.1675 -0.9707
vn 0.0291 -0.3895 -0.9206
vn -0.0957 -0.9672 -0.2354
vn -0.2064 -0.7964 -0.5685
vn -0.0427 -0.2669 -0.9628
vn -0.2301 -0.7773 0.5856
vn -0.4860 -0.8458 -0.2200
vn -0.1753 -0.2245 -0.9586
vn 0.0716 -0.2149 -0.9740
vn 0.0560 -0.4180 -0.9067
vn 0.0391 -0.1775 -0.9834
vn -0.0350 -0.9946 -0.0975
vn -0.0308 -0.1459 -0.9888
vn -0.1239 -0.3086 0.9431
vn -0.3228 -0.5573 0.7650
vn -0.1031 -0.5435 0.8330
vn -0.3929 -0.4668 -0.7923
vn -0.1597 -0.1238 -0.9794
vn -0.1228 -0.1281 -0.9841
vn -0.1990 -0.1782 -0.9637
vn 0.0182 -0.0333 0.9993
vn -0.0041 -0.0041 1.0000
vn -0.0182 -0.0205 0.9996
vn -0.0114 -0.0528 0.9985
vn -0.0382 0.0158 0.9991
vn -0.0499 -0.0177 0.9986
vn -0.0562 -0.0732 0.9957
vn 0.0468 -0.0386 0.9982
vn 0.0308 -0.0265 0.9992
vn 0.0322 -0.0459 0.9984
vn 0.0012 -0.0645 0.9979
vn -0.0468 0.0386 0.9982
vn -0.0559 0.0245 0.9981
vn -0.0308 0.0265 0.9992
vn -0.0668 -0.0123 0.9977
vn -0.0783 -0.1131 0.9905
vn -0.0433 -0.0928 0.9947
vn -0.0750 -0.0661 0.9950
vn -0.0316 0.0210 -0.9993
vn -0.0044 -0.0038 -1.0000
vn -0.0220 -0.0163 -0.9996
vn -0.0536 -0.0068 -0.9985
vn 0.0124 -0.0395 -0.9991
vn -0.0220 -0.0482 -0.9986
vn -0.0778 -0.0496 -0.9957
vn -0.0344 0.0500 -0.9982
vn -0.0237 0.0329 -0.9992
vn -0.0429 0.0361 -0.9984
vn -0.0641 0.0068 -0.9979
vn 0.0344 -0.0500 -0.9982
vn 0.0196 -0.0578 -0.9981
vn 0.0237 -0.0329 -0.9992
vn -0.0181 -0.0655 -0.9977
vn -0.1195 -0.0681 -0.9905
vn -0.0963 -0.0351 -0.9947
vn -0.0723 -0.0689 -0.9950
vn -0.3964 -0.0369 -0.9173
vn -0.9776 0.0693 -0.1990
vn -0.7407 0.1644 -0.6514
vn -0.2323 0.0206 -0.9724
vn -0.8062 0.2081 0.5538
vn -0.8472 0.4535 -0.2768
vn -0.1606 0.1008 -0.9819
vn -0.2672 -0.0954 -0.9589
vn -0.4754 -0.0736 -0.8767
vn -0.2047 -0.0525 -0.9774
vn -0.1347 0.0006 -0.9909
vn -0.2672 0.0954 0.9589
vn -0.5807 0.3112 0.7523
vn -0.4754 0.0736 0.8767
vn -0.4081 0.2951 -0.8639
vn -0.0808 0.0828 -0.9933
vn -0.0917 0.0544 -0.9943
vn -0.1396 0.1259 -0.9822
vn -0.0413 0.3661 -0.9296
vn 0.0558 0.9918 -0.1152
vn 0.1908 0.8914 -0.4110
vn 0.0264 0.2434 -0.9696
vn 0.1462 0.6028 0.7844
vn 0.4564 0.8841 -0.1002
vn 0.1514 0.2130 -0.9653
vn -0.0669 0.1777 -0.9818
vn -0.0601 0.3733 -0.9258
vn -0.0395 0.1485 -0.9881
vn 0.0205 0.1241 -0.9921
vn 0.0669 0.1777 0.9818
vn 0.1835 0.3524 0.9177
vn 0.0601 0.3733 0.9258
vn 0.4068 0.5362 -0.7396
vn 0.1304 0.1110 -0.9852
vn 0.0990 0.1129 -0.9887
vn 0.1697 0.1685 -0.9710
vn 0.3964 0.0369 -0.9173
vn 0.9775 -0.0693 -0.1990
vn 0.7407 -0.1644 -0.6514
vn 0.2322 -0.0206 -0.9724
vn 0.8062 -0.2081 0.5538
vn 0.8472 -0.4535 -0.2768
vn 0.1606 -0.1008 -0.9819
vn 0.2672 0.0954 -0.9589
vn 0.4754 0.0736 -0.8767
vn 0.2047 0.0525 -0.9774
vn 0.1347 -0.0006 -0.9909
vn 0.2672 -0.0954 0.9589
vn 0.5807 -0.3112 0.7523
vn 0.4754 -0.0736 0.8767
vn 0.4081 -0.2951 -0.8639
vn 0.0808 -0.0828 -0.9933
vn 0.0917 -0.0544 -0.9943
vn 0.1396 -0.1259 -0.9822
vn 0.0413 -0.3661 -0.9296
vn -0.0558 -0.9918 -0.1152
vn -0.1908 -0.8914 -0.4110
vn -0.0264 -0.2434 -0.9696
vn -0.1462 -0.6028 0.7844
vn -0.4564 -0.8841 -0.1002
vn -0.1514 -0.2130 -0.9653
vn 0.0669 -0.1777 -0.9818
vn 0.0601 -0.3733 -0.9258
vn 0.0395 -0.1485 -0.9881
vn -0.0205 -0.1241 -0.9921
vn -0.0669 -0.1777 0.9818
vn -0.1835 -0.3524 0.9177
vn -0.0601 -0.3733 0.9258
vn -0.4068 -0.5362 -0.7396
vn -0.1304 -0.1110 -0.9852
vn -0.0990 -0.1129 -0.9887
vn -0.1697 -0.1685 -0.9710
vn 0.0271 0.0164 0.9995
vn 0.0036 -0.0033 1.0000
vn 0.0177 -0.0144 0.9997
vn 0.0444 -0.0076 0.9990
vn -0.0118 -0.0324 0.9994
vn 0.0166 -0.0409 0.9990
vn 0.0631 -0.0442 0.9970
vn 0.0304 0.0404 0.9987
vn 0.0210 0.0266 0.9994
vn 0.0370 0.0285 0.9989
vn 0.0537 0.0033 0.9986
vn -0.0304 -0.0404 0.9987
vn -0.0184 -0.0475 0.9987
vn -0.0210 -0.0266 0.9994
vn 0.0127 -0.0552 0.9984
vn 0.0973 -0.0612 0.9934
vn 0.0790 -0.0328 0.9963
vn 0.0578 -0.0601 0.9965
vn -0.0271 0.0164 -0.9995
vn -0.0036 -0.0033 -1.0000
vn -0.0177 -0.0144 -0.9997
vn -0.0444 -0.0076 -0.9990
vn 0.0118 -0.0324 -0.9994
vn -0.0166 -0.0409 -0.9990
vn -0.0631 -0.0442 -0.9970
vn -0.0304 0.0404 -0.9987
vn -0.0210 0.0266 -0.9994
vn -0.0370 0.0285 -0.9989
vn -0.0537 0.0033 -0.9986
vn 0.0304 -0.0404 -0.9987
vn 0.0184 -0.0475 -0.9987
vn 0.0210 -0.0266 -0.9994
vn -0.0127 -0.0552 -0.9984
vn -0.0973 -0.0612 -0.9934
vn -0.0790 -0.0328 -0.9963
vn -0.0578 -0.0601 -0.9965
vn -0.9883 -0.0776 -0.1315
vn -0.9799 -0.1423 0.1400
vn -0.9810 -0.0631 0.1837
vn -0.9981 -0.0142 0.0595
vn -0.8341 -0.1431 0.5327
vn -0.8976 -0.0362 0.4394
vn -0.9534 0.0232 0.3007
vn -0.9836 -0.1266 -0.1283
vn -0.9716 -0.1739 0.1605
vn -0.6878 -0.1761 0.7042
vn -0.7532 -0.0862 0.6521
vn -0.8674 -0.1921 0.4590
vn -0.8629 0.0083 0.5054
vn -0.9295 0.0612 0.3637
vn -0.6407 0.6527 -0.4044
vn -0.8365 0.5369 0.1092
vn -0.4725 0.7887 0.3933
vn -0.1480 0.9795 0.1370
vn -0.7647 0.3098 0.5650
vn -0.2921 0.5304 0.7958
vn 0.2744 0.6363 0.7210
vn -0.7201 0.4066 -0.5623
vn -0.9385 0.3451 0.0103
vn -0.8329 0.1772 0.5242
vn -0.7612 0.2099 0.6136
vn -0.8678 0.2066 0.4520
vn -0.2690 0.3359 0.9027
vn 0.3604 0.3778 0.8528
vn 0.9883 0.0776 -0.1315
vn 0.9799 0.1423 0.1400
vn 0.9810 0.0631 0.1837
vn 0.9981 0.0142 0.0595
vn 0.8341 0.1431 0.5327
vn 0.8976 0.0362 0.4394
vn 0.9534 -0.0232 0.3007
vn 0.9836 0.1266 -0.1283
vn 0.9716 0.1739 0.1605
vn 0.6878 0.1761 0.7042
vn 0.7532 0.0862 0.6521
vn 0.8674 0.1921 0.4590
vn 0.8629 -0.0083 0.5054
vn 0.9295 -0.0612 0.3637
vn 0.6407 -0.6527 -0.4044
vn 0.8365 -0.5369 0.1092
vn 0.4725 -0.7887 0.3933
vn 0.1480 -0.9795 0.1370
vn 0.7647 -0.3098 0.5650
vn 0.2921 -0.5304 0.7958
vn -0.2744 -0.6363 0.7210
vn 0.7201 -0.4066 -0.5623
vn 0.9385 -0.3451 0.0103
vn 0.8329 -0.1772 0.5242
vn 0.7612 -0.2099 0.6136
vn 0.8678 -0.2066 0.4520
vn 0.2690 -0.3359 0.9027
vn -0.3604 -0.3778 0.8528
vn 0.1590 0.0983 0.9824
vn -0.1871 0.1342 0.9731
vn -0.1877 0.0547 0.9807
vn -0.0429 0.0096 0.9990
vn -0.5737 0.1034 0.8125
vn -0.4376 0.0186 0.8990
vn -0.2961 -0.0383 0.9544
vn 0.1565 0.1446 0.9770
vn -0.1122 0.1612 0.9805
vn -0.7562 0.1190 0.6434
vn -0.6670 0.0580 0.7428
vn -0.4856 0.1547 0.8603
vn -0.5024 -0.0274 0.8642
vn -0.3717 -0.0951 0.9234
vn -0.1590 0.0983 -0.9824
vn 0.1871 0.1342 -0.9731
vn 0.1877 0.0547 -0.9807
vn 0.0429 0.0096 -0.9990
vn 0.5737 0.1034 -0.8125
vn 0.4376 0.0186 -0.8990
vn 0.2961 -0.0383 -0.9544
vn -0.1565 0.1446 -0.9770
vn 0.1121 0.1612 -0.9805
vn 0.7562 0.1190 -0.6434
vn 0.6670 0.0580 -0.7428
vn 0.4856 0.1547 -0.8604
vn 0.5024 -0.0274 -0.8642
vn 0.3718 -0.0951 -0.9234
vn -0.9836 -0.1267 -0.1283
vn -0.8628 0.0083 0.5054
vn -0.1479 0.9795 0.1370
vn 0.2743 0.6363 0.7210
vn -0.7200 0.4066 -0.5623
vn -0.1876 0.0547 0.9807
vn -0.1121 0.1612 0.9805
vn -0.4856 0.1547 0.8604
vn -0.3717 -0.0951 0.9235
vn -0.9332 0.0965 -0.3461
vn -0.8992 0.0731 -0.4314
vn -0.9763 -0.0586 -0.2085
vn -0.9937 -0.0581 -0.0960
vn -0.8596 0.0100 -0.5109
vn -0.9680 -0.1432 -0.2063
vn -0.9698 -0.2259 0.0923
vn -0.8636 0.1904 -0.4669
vn -0.8198 0.1528 -0.5519
vn -0.7615 0.0415 -0.6469
vn -0.8869 -0.0665 -0.4572
vn -0.7788 0.0879 -0.6211
vn -0.9666 -0.1885 -0.1736
vn -0.9595 -0.2712 0.0765
vn 0.2337 0.9039 -0.3584
vn -0.2442 0.7785 -0.5783
vn -0.5132 0.8397 -0.1773
vn -0.2648 0.9480 0.1764
vn -0.6739 0.4931 -0.5501
vn -0.8562 0.5124 -0.0670
vn -0.7479 0.4771 0.4616
vn 0.3493 0.7534 -0.5571
vn -0.1571 0.6589 -0.7356
vn -0.6846 0.3829 -0.6203
vn -0.7586 0.3744 -0.5333
vn -0.5993 0.4437 -0.6664
vn -0.9456 0.3161 -0.0770
vn -0.8614 0.2270 0.4543
vn 0.9515 0.1602 -0.2627
vn 0.9203 0.2472 -0.3033
vn 0.9848 0.1687 -0.0417
vn 0.9959 0.0870 0.0259
vn 0.8846 0.3704 -0.2833
vn 0.9763 0.2105 0.0513
vn 0.9569 0.0452 0.2867
vn 0.8917 0.1704 -0.4192
vn 0.8489 0.2795 -0.4487
vn 0.7803 0.4820 -0.3984
vn 0.8766 0.4157 -0.2424
vn 0.8043 0.4095 -0.4306
vn 0.9642 0.2611 0.0469
vn 0.9454 0.0855 0.3144
vn 0.7514 -0.4032 -0.5223
vn 0.8464 -0.5326 0.0025
vn 0.4542 -0.8871 0.0819
vn 0.1951 -0.9460 -0.2588
vn 0.6659 -0.5376 0.5173
vn 0.1969 -0.8150 0.5450
vn -0.3217 -0.8698 0.3741
vn 0.8539 -0.1088 -0.5089
vn 0.9490 -0.3132 0.0354
vn 0.6808 -0.4381 0.5869
vn 0.5911 -0.4963 0.6358
vn 0.7563 -0.4245 0.4978
vn 0.1188 -0.6742 0.7289
vn -0.4517 -0.6765 0.5817
vn 0.1756 -0.2945 0.9394
vn -0.1101 -0.2619 0.9588
vn -0.1738 -0.3351 0.9260
vn -0.0769 -0.3795 0.9220
vn -0.4746 -0.2206 0.8521
vn -0.4377 -0.3433 0.8310
vn -0.3635 -0.4115 0.8358
vn 0.1823 -0.2464 0.9519
vn -0.1367 -0.2175 0.9664
vn -0.6217 -0.1276 0.7728
vn -0.6183 -0.2090 0.7577
vn -0.4588 -0.1649 0.8731
vn -0.5770 -0.3405 0.7424
vn -0.5033 -0.4361 0.7460
vn -0.1876 0.4313 -0.8825
vn 0.0884 0.5099 -0.8557
vn 0.1641 0.4455 -0.8801
vn 0.0753 0.3975 -0.9145
vn 0.4486 0.5175 -0.7287
vn 0.4317 0.4120 -0.8024
vn 0.3683 0.3570 -0.8585
vn -0.2020 0.4725 -0.8579
vn 0.1076 0.5500 -0.8282
vn 0.5850 0.5479 -0.5980
vn 0.5946 0.4803 -0.6449
vn 0.4235 0.5685 -0.7053
vn 0.5742 0.3721 -0.7292
vn 0.5154 0.2974 -0.8037
vn -0.9387 0.2300 -0.2566
vn -0.8846 0.2263 -0.4077
vn -0.9771 0.1027 -0.1861
vn -0.9951 0.0916 -0.0367
vn -0.8032 0.1911 -0.5642
vn -0.9772 0.0263 -0.2107
vn -0.9877 -0.0773 0.1358
vn -0.9004 0.3092 -0.3062
vn -0.8430 0.2914 -0.4521
vn -0.6279 0.2337 -0.7424
vn -0.8606 0.1119 -0.4969
vn -0.7240 0.2648 -0.6369
vn -0.9875 -0.0254 -0.1554
vn -0.9869 -0.1179 0.1104
vn -0.6408 0.7659 -0.0528
vn -0.7739 0.4978 0.3915
vn -0.3637 0.6213 0.6941
vn -0.0620 0.8627 0.5019
vn -0.6564 0.1197 0.7448
vn -0.1802 0.2090 0.9612
vn 0.3456 0.2861 0.8937
vn -0.7892 0.5708 -0.2266
vn -0.8989 0.3456 0.2691
vn -0.6897 0.0101 0.7240
vn -0.6070 0.0021 0.7947
vn -0.7503 0.0717 0.6572
vn -0.1491 -0.0191 0.9886
vn 0.4015 -0.0084 0.9158
vn 0.9842 0.0685 -0.1633
vn 0.9890 0.0069 0.1480
vn 0.9816 -0.0871 0.1701
vn 0.9958 -0.0846 0.0353
vn 0.8325 -0.1391 0.5363
vn 0.8876 -0.2086 0.4108
vn 0.9411 -0.2150 0.2608
vn 0.9831 0.1116 -0.1454
vn 0.9858 0.0337 0.1646
vn 0.6795 -0.1648 0.7149
vn 0.7381 -0.2337 0.6330
vn 0.8762 -0.0654 0.4775
vn 0.8441 -0.2743 0.4608
vn 0.9103 -0.2745 0.3099
vn 0.6057 -0.5936 -0.5299
vn 0.7763 -0.6294 -0.0351
vn 0.3681 -0.9211 0.1265
vn 0.0299 -0.9861 -0.1635
vn 0.7014 -0.5713 0.4262
vn 0.1948 -0.8083 0.5556
vn -0.3825 -0.8117 0.4413
vn 0.7785 -0.3438 -0.5250
vn 0.9018 -0.4310 -0.0325
vn 0.7937 -0.4373 0.4227
vn 0.7115 -0.4975 0.4962
vn 0.8238 -0.4408 0.3564
vn 0.1815 -0.6764 0.7138
vn -0.4738 -0.6146 0.6307
vn 0.1512 -0.3033 0.9408
vn -0.1380 -0.2442 0.9599
vn -0.1749 -0.3150 0.9328
vn -0.0744 -0.3693 0.9263
vn -0.4733 -0.1924 0.8597
vn -0.4285 -0.2935 0.8546
vn -0.3629 -0.3629 0.8583
vn 0.1641 -0.2564 0.9525
vn -0.0844 -0.2222 0.9714
vn -0.6029 -0.1165 0.7893
vn -0.6010 -0.1735 0.7802
vn -0.3949 -0.1645 0.9039
vn -0.5688 -0.2725 0.7760
vn -0.5119 -0.3645 0.7779
vn -0.2603 0.3695 -0.8920
vn -0.3947 0.4151 -0.8197
vn -0.1190 0.4483 -0.8859
vn 0.0031 0.3983 -0.9172
vn -0.4790 0.4989 -0.7222
vn -0.0564 0.5154 -0.8551
vn 0.2479 0.4266 -0.8698
vn -0.3330 0.3303 -0.8832
vn -0.4720 0.3659 -0.8021
vn -0.6608 0.4871 -0.5710
vn -0.3903 0.5507 -0.7378
vn -0.6146 0.4243 -0.6650
vn -0.0593 0.5421 -0.8382
vn 0.2513 0.4676 -0.8475
vn -0.9290 -0.3603 -0.0848
vn -0.8531 -0.5109 0.1062
vn -0.9570 -0.2317 0.1748
vn -0.9963 -0.0715 0.0476
vn -0.7314 -0.5601 0.3890
vn -0.9070 -0.1658 0.3871
vn -0.9563 0.1445 0.2543
vn -0.8713 -0.4620 -0.1656
vn -0.7850 -0.6192 0.0212
vn -0.5451 -0.6976 0.4651
vn -0.6889 -0.5070 0.5181
vn -0.6342 -0.7117 0.3021
vn -0.8694 -0.0984 0.4841
vn -0.9117 0.2095 0.3535
vn -0.2435 0.9624 -0.1204
vn -0.3728 0.9265 0.0507
vn -0.1593 0.9805 0.1150
vn -0.0338 0.9991 0.0262
vn -0.4694 0.8367 0.2820
vn -0.1406 0.9428 0.3023
vn 0.1087 0.9632 0.2459
vn -0.3222 0.9212 -0.2178
vn -0.4544 0.8903 -0.0294
vn -0.6447 0.6856 0.3381
vn -0.4527 0.8030 0.3876
vn -0.5941 0.7771 0.2079
vn -0.1146 0.9082 0.4025
vn 0.1588 0.9224 0.3520
vn 0.9290 0.3603 -0.0848
vn 0.8531 0.5109 0.1062
vn 0.9570 0.2317 0.1748
vn 0.9963 0.0715 0.0476
vn 0.7314 0.5601 0.3890
vn 0.9070 0.1658 0.3871
vn 0.9563 -0.1445 0.2543
vn 0.8713 0.4620 -0.1656
vn 0.7850 0.6192 0.0212
vn 0.5451 0.6976 0.4651
vn 0.6889 0.5070 0.5181
vn 0.6342 0.7117 0.3021
vn 0.8694 0.0984 0.4841
vn 0.9117 -0.2095 0.3535
vn 0.2435 -0.9624 -0.1204
vn 0.3728 -0.9265 0.0507
vn 0.1593 -0.9805 0.1150
vn 0.0338 -0.9991 0.0262
vn 0.4694 -0.8367 0.2820
vn 0.1406 -0.9428 0.3023
vn -0.1087 -0.9632 0.2459
vn 0.3222 -0.9212 -0.2178
vn 0.4544 -0.8903 -0.0294
vn 0.6447 -0.6856 0.3381
vn 0.4527 -0.8030 0.3876
vn 0.5941 -0.7771 0.2079
vn 0.1146 -0.9082 0.4025
vn -0.1588 -0.9224 0.3520
vn 0.1357 0.4591 0.8780
vn -0.1647 0.5399 0.8254
vn -0.2299 0.2150 0.9492
vn -0.0510 0.0577 0.9970
vn -0.5445 0.4843 0.6848
vn -0.4983 0.0890 0.8624
vn -0.3327 -0.2580 0.9071
vn 0.2082 0.6332 0.7454
vn -0.1417 0.7000 0.7000
vn -0.6865 0.5401 0.4868
vn -0.7006 0.4003 0.5907
vn -0.5368 0.6217 0.5704
vn -0.6252 -0.0108 0.7804
vn -0.4407 -0.3935 0.8068
vn -0.1357 0.4591 -0.8780
vn 0.1647 0.5399 -0.8254
vn 0.2299 0.2150 -0.9492
vn 0.0510 0.0577 -0.9970
vn 0.5445 0.4843 -0.6848
vn 0.4983 0.0890 -0.8624
vn 0.3326 -0.2580 -0.9071
vn -0.2082 0.6332 -0.7454
vn 0.1417 0.7000 -0.7000
vn 0.6865 0.5401 -0.4868
vn 0.7006 0.4003 -0.5907
vn 0.5368 0.6217 -0.5704
vn 0.6252 -0.0108 -0.7804
vn 0.4407 -0.3935 -0.8068
vn -0.9449 -0.2991 -0.1334
vn -0.8840 -0.4408 0.1555
vn -0.9530 -0.2005 0.2271
vn -0.9960 -0.0570 0.0684
vn -0.7184 -0.4505 0.5300
vn -0.8580 -0.1269 0.4977
vn -0.9314 0.1048 0.3486
vn -0.8905 -0.4034 -0.2106
vn -0.8327 -0.5485 0.0756
vn -0.5302 -0.5428 0.6514
vn -0.6304 -0.3701 0.6823
vn -0.6558 -0.5928 0.4675
vn -0.7915 -0.0394 0.6099
vn -0.8708 0.1890 0.4539
vn -0.2899 0.9324 -0.2157
vn -0.4410 0.8941 0.0786
vn -0.1978 0.9634 0.1808
vn -0.0425 0.9980 0.0468
vn -0.5052 0.7471 0.4321
vn -0.1507 0.8701 0.4693
vn 0.1199 0.9115 0.3935
vn -0.3889 0.8574 -0.3372
vn -0.5525 0.8333 -0.0154
vn -0.6602 0.5617 0.4986
vn -0.4988 0.6535 0.5693
vn -0.6551 0.6684 0.3522
vn -0.1271 0.7749 0.6192
vn 0.1873 0.8121 0.5526
vn 0.9449 0.2991 -0.1334
vn 0.8840 0.4408 0.1555
vn 0.9530 0.2005 0.2271
vn 0.9960 0.0570 0.0684
vn 0.7184 0.4505 0.5300
vn 0.8580 0.1269 0.4977
vn 0.9314 -0.1048 0.3486
vn 0.8905 0.4034 -0.2106
vn 0.8327 0.5485 0.0756
vn 0.5302 0.5428 0.6514
vn 0.6304 0.3701 0.6823
vn 0.6558 0.5928 0.4675
vn 0.7915 0.0394 0.6099
vn 0.8708 -0.1890 0.4539
vn 0.2899 -0.9324 -0.2157
vn 0.4410 -0.8941 0.0786
vn 0.1978 -0.9634 0.1808
vn 0.0425 -0.9980 0.0468
vn 0.5052 -0.7471 0.4321
vn 0.1507 -0.8701 0.4693
vn -0.1199 -0.9115 0.3935
vn 0.3889 -0.8574 -0.3372
vn 0.5525 -0.8333 -0.0154
vn 0.6602 -0.5617 0.4986
vn 0.4988 -0.6535 0.5693
vn 0.6551 -0.6684 0.3522
vn 0.1271 -0.7749 0.6192
vn -0.1873 -0.8121 0.5526
vn 0.1082 0.2965 0.9489
vn -0.1401 0.3606 0.9221
vn -0.1671 0.1360 0.9765
vn -0.0353 0.0327 0.9988
vn -0.4711 0.3379 0.8148
vn -0.3853 0.0608 0.9208
vn -0.2512 -0.1528 0.9558
vn 0.1654 0.4230 0.8909
vn -0.1157 0.4816 0.8687
vn -0.6404 0.4031 0.6538
vn -0.6053 0.2616 0.7518
vn -0.4613 0.4587 0.7594
vn -0.4760 -0.0245 0.8791
vn -0.3361 -0.2578 0.9059
vn -0.1082 0.2965 -0.9489
vn 0.1401 0.3606 -0.9221
vn 0.1671 0.1360 -0.9765
vn 0.0353 0.0327 -0.9988
vn 0.4711 0.3379 -0.8148
vn 0.3853 0.0608 -0.9208
vn 0.2512 -0.1528 -0.9558
vn -0.1654 0.4230 -0.8909
vn 0.1157 0.4816 -0.8687
vn 0.6404 0.4031 -0.6538
vn 0.6053 0.2616 -0.7518
vn 0.4613 0.4587 -0.7594
vn 0.4760 -0.0245 -0.8791
vn 0.3361 -0.2578 -0.9059
vn -0.9242 -0.3459 -0.1616
vn -0.8496 -0.4966 0.1778
vn -0.9344 -0.2325 0.2699
vn -0.9941 -0.0681 0.0845
vn -0.6527 -0.4811 0.5852
vn -0.8115 -0.1370 0.5681
vn -0.9031 0.1205 0.4122
vn -0.8501 -0.4647 -0.2478
vn -0.7788 -0.6198 0.0967
vn -0.4532 -0.5568 0.6961
vn -0.5440 -0.3951 0.7402
vn -0.5748 -0.6266 0.5263
vn -0.7183 -0.0459 0.6942
vn -0.8189 0.2142 0.5325
vn -0.2457 0.9409 -0.2332
vn -0.3867 0.9184 0.0838
vn -0.1716 0.9684 0.1809
vn -0.0359 0.9982 0.0487
vn -0.4404 0.7700 0.4617
vn -0.1249 0.8675 0.4815
vn 0.0977 0.9098 0.4033
vn -0.3394 0.8771 -0.3398
vn -0.4907 0.8714 0.0020
vn -0.5838 0.5961 0.5512
vn -0.4308 0.6681 0.6066
vn -0.5825 0.7104 0.3951
vn -0.1022 0.7648 0.6360
vn 0.1604 0.8066 0.5689
vn 0.9242 0.3459 -0.1616
vn 0.8496 0.4966 0.1778
vn 0.9344 0.2325 0.2699
vn 0.9941 0.0681 0.0845
vn 0.6527 0.4811 0.5852
vn 0.8115 0.1370 0.5681
vn 0.9031 -0.1205 0.4122
vn 0.8501 0.4647 -0.2478
vn 0.7788 0.6198 0.0967
vn 0.4532 0.5568 0.6961
vn 0.5440 0.3951 0.7402
vn 0.5748 0.6266 0.5263
vn 0.7183 0.0459 0.6942
vn 0.8189 -0.2142 0.5325
vn 0.2457 -0.9409 -0.2332
vn 0.3867 -0.9184 0.0838
vn 0.1716 -0.9684 0.1809
vn 0.0359 -0.9982 0.0487
vn 0.4404 -0.7700 0.4617
vn 0.1249 -0.8675 0.4815
vn -0.0977 -0.9098 0.4033
vn 0.3394 -0.8771 -0.3398
vn 0.4907 -0.8714 0.0020
vn 0.5838 -0.5961 0.5512
vn 0.4308 -0.6681 0.6066
vn 0.5825 -0.7104 0.3951
vn 0.1022 -0.7648 0.6360
vn -0.1604 -0.8066 0.5689
vn 0.0856 0.2848 0.9548
vn -0.1142 0.3476 0.9307
vn -0.1383 0.1267 0.9822
vn -0.0284 0.0316 0.9991
vn -0.4006 0.3402 0.8508
vn -0.3231 0.0606 0.9444
vn -0.2052 -0.1530 0.9667
vn 0.1381 0.4094 0.9019
vn -0.0921 0.4675 0.8792
vn -0.5591 0.4223 0.7135
vn -0.5223 0.2737 0.8076
vn -0.3914 0.4618 0.7960
vn -0.4027 -0.0143 0.9152
vn -0.2809 -0.2432 0.9284
vn -0.0856 0.2848 -0.9548
vn 0.1142 0.3476 -0.9307
vn 0.1383 0.1267 -0.9822
vn 0.0284 0.0316 -0.9991
vn 0.4006 0.3402 -0.8508
vn 0.3231 0.0606 -0.9444
vn 0.2052 -0.1530 -0.9667
vn -0.1381 0.4094 -0.9019
vn 0.0921 0.4675 -0.8792
vn 0.5591 0.4223 -0.7135
vn 0.5223 0.2737 -0.8076
vn 0.3914 0.4618 -0.7960
vn 0.4027 -0.0143 -0.9152
vn 0.2809 -0.2432 -0.9284
vn -0.9109 -0.3429 -0.2296
vn -0.8961 -0.4150 -0.1573
vn -0.9750 -0.1609 -0.1530
vn -0.9761 -0.0686 -0.2060
vn -0.8945 -0.4460 -0.0307
vn -0.9913 -0.1039 -0.0805
vn -0.9802 0.1383 -0.1419
vn -0.8390 -0.4834 -0.2496
vn -0.8186 -0.5520 -0.1586
vn -0.8100 -0.5838 0.0557
vn -0.9012 -0.4325 0.0260
vn -0.8109 -0.5847 -0.0253
vn -0.9895 -0.1408 -0.0315
vn -0.9850 0.1467 -0.0911
vn -0.2807 0.9544 -0.1014
vn -0.4313 0.8990 -0.0766
vn -0.1950 0.9807 0.0128
vn -0.0440 0.9990 0.0001
vn -0.5824 0.8125 -0.0233
vn -0.2117 0.9731 0.0905
vn 0.1339 0.9824 0.1304
vn -0.3423 0.9235 -0.1733
vn -0.4845 0.8642 -0.1355
vn -0.7640 0.6434 -0.0475
vn -0.5076 0.8604 0.0459
vn -0.6637 0.7428 -0.0877
vn -0.1444 0.9805 0.1331
vn 0.1215 0.9770 0.1750
vn 0.9384 0.2916 0.1853
vn 0.8730 0.4294 0.2311
vn 0.9482 0.1576 0.2758
vn 0.9723 0.0317 0.2318
vn 0.7903 0.5207 0.3230
vn 0.9304 0.1012 0.3523
vn 0.9341 -0.2098 0.2888
vn 0.9218 0.3606 0.1421
vn 0.8460 0.5021 0.1792
vn 0.6366 0.7007 0.3220
vn 0.8159 0.4369 0.3787
vn 0.7190 0.6493 0.2481
vn 0.9184 0.1063 0.3812
vn 0.9193 -0.2096 0.3331
vn -0.1945 -0.9735 -0.1202
vn 0.0930 -0.9886 -0.1187
vn 0.1444 -0.9890 -0.0314
vn 0.0421 -0.9991 -0.0023
vn 0.4570 -0.8870 -0.0663
vn 0.4034 -0.9138 0.0479
vn 0.3198 -0.9424 0.0979
vn -0.1938 -0.9663 -0.1693
vn 0.1261 -0.9794 -0.1579
vn 0.6148 -0.7824 -0.0992
vn 0.5995 -0.8001 -0.0216
vn 0.4503 -0.8839 -0.1260
vn 0.5404 -0.8358 0.0970
vn 0.4552 -0.8751 0.1644
vn 0.1343 0.7379 0.6614
vn -0.3919 0.8091 0.4379
vn -0.6180 0.4501 0.6446
vn -0.3419 0.2192 0.9138
vn -0.8042 0.5795 0.1320
vn -0.9274 0.1758 0.3303
vn -0.7951 -0.2862 0.5347
vn 0.2692 0.8547 0.4439
vn -0.3339 0.9039 0.2674
vn -0.8493 0.5279 -0.0080
vn -0.8841 0.4671 0.0111
vn -0.7863 0.6167 0.0393
vn -0.9869 0.1029 0.1245
vn -0.8853 -0.3802 0.2679
vn -0.1344 0.7379 -0.6614
vn 0.3919 0.8091 -0.4379
vn 0.6180 0.4501 -0.6446
vn 0.3419 0.2192 -0.9138
vn 0.8042 0.5795 -0.1320
vn 0.9274 0.1758 -0.3303
vn 0.7951 -0.2863 -0.5347
vn -0.2692 0.8547 -0.4439
vn 0.3339 0.9039 -0.2674
vn 0.8493 0.5279 0.0080
vn 0.8841 0.4671 -0.0111
vn 0.7862 0.6167 -0.0393
vn 0.9869 0.1029 -0.1245
vn 0.8853 -0.3802 -0.2679
vn -0.9219 -0.1343 -0.3634
vn -0.9842 -0.1749 -0.0288
vn -0.9966 -0.0772 -0.0273
vn -0.9836 -0.0218 -0.1792
vn -0.9134 -0.1424 0.3813
vn -0.9711 -0.0355 0.2360
vn -0.9966 0.0347 0.0746
vn -0.9072 -0.1908 -0.3749
vn -0.9728 -0.2150 -0.0858
vn -0.7862 -0.1595 0.5971
vn -0.8614 -0.0889 0.5001
vn -0.9294 -0.2039 0.3077
vn -0.9505 0.0157 0.3103
vn -0.9847 0.0807 0.1546
vn -0.4848 0.7326 -0.4779
vn -0.7734 0.6301 -0.0690
vn -0.4783 0.8433 0.2450
vn -0.1380 0.9871 0.0807
vn -0.8386 0.3980 0.3720
vn -0.4194 0.6247 0.6586
vn 0.0987 0.7152 0.6919
vn -0.5503 0.5106 -0.6607
vn -0.8744 0.4438 -0.1962
vn -0.9156 0.2334 0.3275
vn -0.8496 0.2827 0.4453
vn -0.9317 0.2780 0.2339
vn -0.4298 0.4313 0.7932
vn 0.1517 0.4781 0.8651
vn 0.9908 0.1011 0.0895
vn 0.9192 0.1795 0.3506
vn 0.9159 0.0740 0.3945
vn 0.9600 0.0102 0.2797
vn 0.6954 0.1838 0.6948
vn 0.7813 0.0371 0.6231
vn 0.8602 -0.0497 0.5076
vn 0.9839 0.1622 0.0755
vn 0.9124 0.2236 0.3428
vn 0.5139 0.2300 0.8264
vn 0.5921 0.1133 0.7978
vn 0.7278 0.2501 0.6386
vn 0.7261 -0.0231 0.6872
vn 0.8123 -0.1217 0.5704
vn -0.2282 -0.7326 -0.6413
vn 0.2645 -0.6301 -0.7301
vn 0.4242 -0.8433 -0.3300
vn 0.1315 -0.9871 -0.0910
vn 0.6916 -0.3979 -0.6027
vn 0.7742 -0.6247 -0.1018
vn 0.5853 -0.7152 0.3819
vn -0.3662 -0.5106 -0.7780
vn 0.1918 -0.4438 -0.8754
vn 0.6839 -0.2334 -0.6913
vn 0.7627 -0.2827 -0.5817
vn 0.6058 -0.2780 -0.7455
vn 0.9006 -0.4313 -0.0542
vn 0.7199 -0.4781 0.5032
vn -0.0604 0.1343 0.9891
vn -0.3899 0.1749 0.9041
vn -0.3965 0.0772 0.9148
vn -0.2534 0.0218 0.9671
vn -0.7317 0.1424 0.6666
vn -0.6244 0.0355 0.7803
vn -0.4889 -0.0347 0.8717
vn -0.0437 0.1908 0.9807
vn -0.3335 0.2150 0.9179
vn -0.8734 0.1595 0.4601
vn -0.8173 0.0889 0.5693
vn -0.6717 0.2039 0.7122
vn -0.6830 -0.0157 0.7302
vn -0.5563 -0.0807 0.8270
vn 0.0604 0.1343 -0.9891
vn 0.3899 0.1749 -0.9041
vn 0.3966 0.0772 -0.9148
vn 0.2534 0.0218 -0.9671
vn 0.7317 0.1424 -0.6666
vn 0.6244 0.0355 -0.7803
vn 0.4889 -0.0347 -0.8717
vn 0.0438 0.1908 -0.9807
vn 0.3335 0.2150 -0.9179
vn 0.8734 0.1595 -0.4601
vn 0.8173 0.0889 -0.5693
vn 0.6717 0.2038 -0.7122
vn 0.6830 -0.0157 -0.7302
vn 0.5563 -0.0807 -0.8270
vn -0.9885 -0.1343 -0.0693
vn -0.9473 -0.1749 0.2685
vn -0.9587 -0.0772 0.2737
vn -0.9919 -0.0218 0.1249
vn -0.7565 -0.1424 0.6383
vn -0.8552 -0.0355 0.5171
vn -0.9280 0.0347 0.3709
vn -0.9780 -0.1908 -0.0847
vn -0.9536 -0.2150 0.2107
vn -0.5702 -0.1595 0.8058
vn -0.6711 -0.0889 0.7360
vn -0.7938 -0.2039 0.5730
vn -0.8132 0.0157 0.5818
vn -0.8926 0.0807 0.4436
vn -0.6060 0.7326 -0.3100
vn -0.7584 0.6301 0.1668
vn -0.3825 0.8433 0.3775
vn -0.1074 0.9871 0.1185
vn -0.6879 0.3980 0.6070
vn -0.2020 0.6247 0.7543
vn 0.3022 0.7152 0.6302
vn -0.7235 0.5106 -0.4646
vn -0.8929 0.4438 0.0759
vn -0.7747 0.2334 0.5877
vn -0.6763 0.2828 0.6802
vn -0.8182 0.2780 0.5033
vn -0.1713 0.4313 0.8858
vn 0.4049 0.4781 0.7794
vn 0.9719 0.1011 -0.2126
vn 0.9820 0.1795 0.0580
vn 0.9921 0.0740 0.1009
vn 0.9997 0.0102 -0.0219
vn 0.8721 0.1838 0.4535
vn 0.9325 0.0371 0.3593
vn 0.9730 -0.0497 0.2255
vn 0.9610 0.1622 -0.2239
vn 0.9732 0.2237 0.0526
vn 0.7387 0.2300 0.6336
vn 0.8046 0.1132 0.5829
vn 0.8861 0.2501 0.3902
vn 0.8992 -0.0231 0.4370
vn 0.9462 -0.1217 0.2997
vn -0.4105 -0.7326 -0.5430
vn 0.0326 -0.6301 -0.7758
vn 0.3054 -0.8433 -0.4422
vn 0.0980 -0.9871 -0.1263
vn 0.4783 -0.3980 -0.7828
vn 0.7078 -0.6247 -0.3299
vn 0.6731 -0.7152 0.1882
vn -0.5832 -0.5106 -0.6318
vn -0.0803 -0.4438 -0.8925
vn 0.4443 -0.2334 -0.8649
vn 0.5524 -0.2828 -0.7841
vn 0.3536 -0.2780 -0.8931
vn 0.8426 -0.4313 -0.3225
vn 0.8379 -0.4781 0.2634
vn 0.2399 0.1343 0.9615
vn -0.1000 0.1749 0.9795
vn -0.1031 0.0772 0.9917
vn 0.0492 0.0218 0.9986
vn -0.4973 0.1424 0.8558
vn -0.3608 0.0355 0.9320
vn -0.2041 -0.0347 0.9783
vn 0.2532 0.1908 0.9484
vn -0.0419 0.2150 0.9757
vn -0.6946 0.1595 0.7015
vn -0.6083 0.0889 0.7887
vn -0.4264 0.2039 0.8813
vn -0.4318 -0.0157 0.9018
vn -0.2818 -0.0807 0.9561
vn -0.2399 0.1343 -0.9615
vn 0.1000 0.1749 -0.9795
vn 0.1030 0.0772 -0.9917
vn -0.0492 0.0218 -0.9986
vn 0.4973 0.1424 -0.8558
vn 0.3608 0.0355 -0.9320
vn 0.2041 -0.0347 -0.9783
vn -0.2532 0.1908 -0.9484
vn 0.0420 0.2150 -0.9757
vn 0.6946 0.1595 -0.7015
vn 0.6083 0.0889 -0.7887
vn 0.4264 0.2038 -0.8813
vn 0.4318 -0.0157 -0.9018
vn 0.2818 -0.0807 -0.9561
vn -0.9378 -0.3429 0.0550
vn -0.9019 -0.4150 0.1195
vn -0.9759 -0.1609 0.1473
vn -0.9929 -0.0686 0.0970
vn -0.8623 -0.4460 0.2397
vn -0.9697 -0.1039 0.2213
vn -0.9775 0.1383 0.1594
vn -0.8753 -0.4834 0.0143
vn -0.8284 -0.5520 0.0949
vn -0.7558 -0.5838 0.2967
vn -0.8517 -0.4325 0.2958
vn -0.7809 -0.5847 0.2197
vn -0.9532 -0.1408 0.2675
vn -0.9668 0.1467 0.2093
vn -0.2982 0.9544 -0.0123
vn -0.4343 0.8990 0.0567
vn -0.1822 0.9807 0.0709
vn -0.0419 0.9990 0.0133
vn -0.5625 0.8125 0.1530
vn -0.1747 0.9731 0.1500
vn 0.1670 0.9824 0.0841
vn -0.3786 0.9235 -0.0623
vn -0.5029 0.8642 0.0165
vn -0.7429 0.6434 0.1844
vn -0.4703 0.8604 0.1965
vn -0.6594 0.7428 0.1159
vn -0.0977 0.9805 0.1704
vn 0.1685 0.9770 0.1304
vn 0.9507 0.2916 -0.1055
vn 0.9021 0.4294 -0.0422
vn 0.9873 0.1576 -0.0221
vn 0.9969 0.0316 -0.0713
vn 0.8508 0.5207 0.0704
vn 0.9933 0.1012 0.0563
vn 0.9777 -0.2098 -0.0055
vn 0.9219 0.3606 -0.1417
vn 0.8607 0.5021 -0.0835
vn 0.7040 0.7007 0.1157
vn 0.8920 0.4369 0.1158
vn 0.7603 0.6493 0.0204
vn 0.9905 0.1064 0.0874
vn 0.9769 -0.2096 0.0413
vn -0.2216 -0.9735 -0.0562
vn 0.0530 -0.9886 -0.1411
vn 0.1283 -0.9890 -0.0733
vn 0.0394 -0.9991 -0.0148
vn 0.4159 -0.8870 -0.2007
vn 0.3992 -0.9138 -0.0756
vn 0.3345 -0.9424 -0.0028
vn -0.2357 -0.9663 -0.1032
vn 0.0728 -0.9794 -0.1885
vn 0.5565 -0.7824 -0.2795
vn 0.5653 -0.8001 -0.2009
vn 0.3916 -0.8839 -0.2556
vn 0.5445 -0.8358 -0.0700
vn 0.4835 -0.8751 0.0199
vn 0.3270 0.7379 0.5904
vn -0.2421 0.8091 0.5354
vn -0.3955 0.4501 0.8006
vn -0.0513 0.2192 0.9743
vn -0.7273 0.5795 0.3677
vn -0.7851 0.1758 0.5939
vn -0.5975 -0.2863 0.7490
vn 0.3903 0.8547 0.3424
vn -0.2380 0.9039 0.3554
vn -0.8124 0.5279 0.2478
vn -0.8399 0.4671 0.2765
vn -0.7381 0.6167 0.2739
vn -0.9037 0.1029 0.4155
vn -0.7637 -0.3802 0.5217
vn -0.3270 0.7379 -0.5904
vn 0.2421 0.8091 -0.5354
vn 0.3955 0.4501 -0.8006
vn 0.0513 0.2192 -0.9743
vn 0.7273 0.5795 -0.3677
vn 0.7851 0.1758 -0.5939
vn 0.5975 -0.2862 -0.7490
vn -0.3903 0.8547 -0.3424
vn 0.2380 0.9039 -0.3554
vn 0.8124 0.5279 -0.2478
vn 0.8399 0.4671 -0.2765
vn 0.7380 0.6167 -0.2739
vn 0.9037 0.1029 -0.4155
vn 0.7637 -0.3802 -0.5217
vn -0.7406 -0.3296 -0.5856
vn -0.7751 -0.5922 0.2200
vn -0.7626 -0.3086 0.5685
vn -0.9464 -0.2211 0.2354
vn -0.1997 -0.2031 0.9586
vn -0.2590 -0.0771 0.9628
vn -0.3900 -0.0220 0.9206
vn -0.5104 -0.3928 -0.7650
vn -0.4115 -0.4504 0.7923
vn -0.1019 -0.1745 0.9794
vn -0.1110 -0.1385 0.9841
vn -0.1507 -0.2205 0.9637
vn -0.1407 -0.0496 0.9888
vn -0.1810 0.0156 0.9834
vn -0.2938 0.6342 -0.7152
vn -0.6074 0.7746 0.1761
vn -0.3393 0.8064 0.4844
vn -0.2413 0.9652 0.1009
vn -0.1593 0.1774 0.9712
vn -0.0759 0.2831 0.9561
vn -0.0429 0.4857 0.8731
vn -0.3087 0.3946 -0.8655
vn -0.5237 0.5163 0.6776
vn -0.1153 0.0789 0.9902
vn -0.0838 0.0976 0.9917
vn -0.1885 0.1488 0.9707
vn -0.0290 0.1597 0.9867
vn 0.0188 0.2526 0.9674
vn 0.7406 0.3296 -0.5856
vn 0.7752 0.5922 0.2200
vn 0.7626 0.3086 0.5685
vn 0.9464 0.2211 0.2354
vn 0.1997 0.2031 0.9586
vn 0.2590 0.0771 0.9628
vn 0.3900 0.0220 0.9206
vn 0.5104 0.3928 -0.7650
vn 0.4115 0.4504 0.7923
vn 0.1019 0.1745 0.9794
vn 0.1110 0.1385 0.9841
vn 0.1507 0.2205 0.9637
vn 0.1407 0.0496 0.9888
vn 0.1810 -0.0156 0.9834
vn 0.2938 -0.6342 -0.7152
vn 0.6074 -0.7746 0.1761
vn 0.3393 -0.8064 0.4844
vn 0.2413 -0.9652 0.1009
vn 0.1593 -0.1774 0.9712
vn 0.0759 -0.2831 0.9561
vn 0.0429 -0.4857 0.8731
vn 0.3087 -0.3946 -0.8655
vn 0.5237 -0.5163 0.6776
vn 0.1153 -0.0789 0.9902
vn 0.0838 -0.0976 0.9917
vn 0.1885 -0.1488 0.9707
vn 0.0290 -0.1597 0.9867
vn -0.0188 -0.2526 0.9674
vn 0.0407 -0.0071 0.9991
vn 0.0449 0.0281 0.9986
vn 0.0133 0.0239 0.9996
vn 0.0032 0.0049 1.0000
vn 0.0390 0.0837 0.9957
vn -0.0003 0.0540 0.9985
vn -0.0250 0.0286 0.9993
vn 0.0599 -0.0118 0.9981
vn 0.0626 0.0265 0.9977
vn 0.0519 0.1274 0.9905
vn 0.0222 0.1000 0.9947
vn 0.0589 0.0807 0.9950
vn -0.0151 0.0627 0.9979
vn -0.0413 0.0378 0.9984
vn -0.0206 0.0358 -0.9991
vn 0.0110 0.0518 -0.9986
vn 0.0179 0.0207 -0.9996
vn 0.0035 0.0046 -1.0000
vn 0.0653 0.0653 -0.9957
vn 0.0509 0.0182 -0.9985
vn 0.0354 -0.0137 -0.9993
vn -0.0316 0.0522 -0.9981
vn 0.0035 0.0679 -0.9977
vn 0.1019 0.0924 -0.9905
vn 0.0864 0.0551 -0.9947
vn 0.0557 0.0829 -0.9950
vn 0.0641 0.0073 -0.9979
vn 0.0497 -0.0259 -0.9984
vn -0.6574 -0.2374 -0.7152
vn -0.8246 -0.5376 0.1761
vn -0.8329 -0.2677 0.4844
vn -0.9825 -0.1563 0.1009
vn -0.1906 -0.1433 0.9712
vn -0.2886 -0.0509 0.9561
vn -0.4876 -0.0004 0.8731
vn -0.4200 -0.2732 -0.8655
vn -0.5600 -0.4767 0.6776
vn -0.0886 -0.1080 0.9902
vn -0.1045 -0.0750 0.9917
vn -0.1647 -0.1748 0.9707
vn -0.1617 -0.0149 0.9867
vn -0.2500 0.0408 0.9674
vn -0.2638 0.7665 -0.5856
vn -0.5224 0.8238 0.2200
vn -0.2409 0.7866 0.5685
vn -0.1378 0.9621 0.2354
vn -0.1849 0.2167 0.9586
vn -0.0543 0.2647 0.9628
vn 0.0121 0.3904 0.9206
vn -0.3468 0.5427 -0.7650
vn -0.4128 0.4492 0.7923
vn -0.1650 0.1167 0.9794
vn -0.1283 0.1226 0.9841
vn -0.2066 0.1694 0.9637
vn -0.0371 0.1445 0.9888
vn 0.0313 0.1790 0.9834
vn 0.6574 0.2374 -0.7152
vn 0.8246 0.5376 0.1761
vn 0.8329 0.2677 0.4844
vn 0.9825 0.1563 0.1009
vn 0.1906 0.1433 0.9711
vn 0.2886 0.0509 0.9561
vn 0.4876 0.0004 0.8731
vn 0.4200 0.2732 -0.8654
vn 0.5600 0.4767 0.6776
vn 0.0886 0.1080 0.9902
vn 0.1045 0.0750 0.9917
vn 0.1647 0.1748 0.9707
vn 0.1617 0.0149 0.9867
vn 0.2500 -0.0408 0.9674
vn 0.2638 -0.7665 -0.5856
vn 0.5224 -0.8238 0.2200
vn 0.2409 -0.7866 0.5685
vn 0.1378 -0.9621 0.2354
vn 0.1849 -0.2167 0.9586
vn 0.0543 -0.2648 0.9628
vn -0.0121 -0.3904 0.9206
vn 0.3468 -0.5427 -0.7649
vn 0.4129 -0.4492 0.7923
vn 0.1650 -0.1167 0.9794
vn 0.1283 -0.1226 0.9841
vn 0.2066 -0.1694 0.9637
vn 0.0371 -0.1445 0.9888
vn -0.0313 -0.1790 0.9833
vn 0.0107 0.0400 0.9991
vn -0.0241 0.0472 0.9986
vn -0.0227 0.0153 0.9996
vn -0.0046 0.0036 1.0000
vn -0.0799 0.0462 0.9957
vn -0.0539 0.0044 0.9985
vn -0.0307 -0.0224 0.9993
vn 0.0170 0.0586 0.9981
vn -0.0209 0.0647 0.9977
vn -0.1224 0.0628 0.9905
vn -0.0977 0.0309 0.9947
vn -0.0753 0.0657 0.9950
vn -0.0638 -0.0096 0.9979
vn -0.0413 -0.0379 0.9984
vn -0.0375 -0.0174 -0.9991
vn -0.0506 0.0155 -0.9986
vn -0.0191 0.0197 -0.9996
vn -0.0043 0.0039 -1.0000
vn -0.0594 0.0707 -0.9957
vn -0.0137 0.0523 -0.9985
vn 0.0167 0.0341 -0.9993
vn -0.0548 -0.0269 -0.9981
vn -0.0673 0.0094 -0.9977
vn -0.0831 0.1096 -0.9905
vn -0.0474 0.0909 -0.9947
vn -0.0778 0.0627 -0.9950
vn -0.0016 0.0645 -0.9979
vn 0.0302 0.0472 -0.9984
vn -0.5556 -0.4241 -0.7152
vn -0.6248 -0.7607 0.1761
vn -0.7138 -0.5058 0.4844
vn -0.8901 -0.4445 0.1009
vn -0.1387 -0.1940 0.9711
vn -0.2600 -0.1354 0.9561
vn -0.4649 -0.1470 0.8731
vn -0.3184 -0.3868 -0.8654
vn -0.3907 -0.6230 0.6776
vn -0.0520 -0.1296 0.9902
vn -0.0771 -0.1030 0.9917
vn -0.1045 -0.2163 0.9707
vn -0.1497 -0.0629 0.9867
vn -0.2507 -0.0363 0.9674
vn -0.4820 0.6517 -0.5856
vn -0.7460 0.6286 0.2200
vn -0.4663 0.6778 0.5685
vn -0.4207 0.8761 0.2354
vn -0.2415 0.1510 0.9586
vn -0.1314 0.2362 0.9628
vn -0.1059 0.3760 0.9206
vn -0.4940 0.4133 -0.7649
vn -0.5288 0.3043 0.7923
vn -0.1924 0.0617 0.9794
vn -0.1592 0.0784 0.9841
vn -0.2479 0.0994 0.9637
vn -0.0788 0.1266 0.9888
vn -0.0240 0.1801 0.9834
vn 0.5556 0.4241 -0.7152
vn 0.6248 0.7607 0.1761
vn 0.7138 0.5058 0.4844
vn 0.8901 0.4445 0.1009
vn 0.1387 0.1940 0.9712
vn 0.2600 0.1354 0.9561
vn 0.4649 0.1470 0.8731
vn 0.3184 0.3868 -0.8655
vn 0.3907 0.6230 0.6776
vn 0.0520 0.1296 0.9902
vn 0.0771 0.1030 0.9917
vn 0.1045 0.2163 0.9707
vn 0.1497 0.0628 0.9867
vn 0.2507 0.0363 0.9674
vn 0.4820 -0.6517 -0.5856
vn 0.7460 -0.6286 0.2200
vn 0.4663 -0.6778 0.5685
vn 0.4207 -0.8761 0.2354
vn 0.2415 -0.1510 0.9586
vn 0.1314 -0.2362 0.9628
vn 0.1059 -0.3760 0.9206
vn 0.4940 -0.4133 -0.7650
vn 0.5288 -0.3043 0.7923
vn 0.1924 -0.0617 0.9794
vn 0.1592 -0.0784 0.9841
vn 0.2479 -0.0994 0.9637
vn 0.0788 -0.1266 0.9888
vn 0.0240 -0.1801 0.9834
vn -0.0018 0.0413 0.9991
vn -0.0371 0.0378 0.9986
vn -0.0263 0.0078 0.9996
vn -0.0055 0.0020 1.0000
vn -0.0901 0.0200 0.9957
vn -0.0527 -0.0120 0.9985
vn -0.0225 -0.0306 0.9993
vn -0.0014 0.0610 0.9981
vn -0.0394 0.0554 0.9977
vn -0.1356 0.0231 0.9905
vn -0.1025 0.0001 0.9947
vn -0.0916 0.0400 0.9950
vn -0.0580 -0.0283 0.9979
vn -0.0280 -0.0486 0.9984
vn -0.0305 -0.0279 -0.9991
vn -0.0530 -0.0004 -0.9986
vn -0.0241 0.0130 -0.9996
vn -0.0053 0.0024 -1.0000
vn -0.0779 0.0496 -0.9957
vn -0.0288 0.0457 -0.9985
vn 0.0057 0.0376 -0.9993
vn -0.0442 -0.0422 -0.9981
vn -0.0670 -0.0113 -0.9977
vn -0.1122 0.0795 -0.9905
vn -0.0725 0.0724 -0.9947
vn -0.0930 0.0364 -0.9950
vn -0.0209 0.0610 -0.9979
vn 0.0146 0.0541 -0.9984
vn -0.7752 -0.5922 0.2200
vn 0.7406 0.3295 -0.5856
vn -0.7944 -0.1615 -0.5856
vn -0.8850 -0.4104 0.2200
vn -0.8113 -0.1362 0.5685
vn -0.9718 -0.0110 0.2354
vn -0.2390 -0.1551 0.9586
vn -0.2696 -0.0192 0.9628
vn -0.3855 0.0629 0.9206
vn -0.5833 -0.2730 -0.7650
vn -0.4993 -0.3507 0.7923
vn -0.1372 -0.1483 0.9794
vn -0.1383 -0.1112 0.9841
vn -0.1949 -0.1827 0.9637
vn -0.1481 -0.0179 0.9888
vn -0.1734 0.0544 0.9834
vn -0.1496 0.6828 -0.7152
vn -0.4254 0.8877 0.1761
vn -0.1567 0.8607 0.4844
vn -0.0267 0.9945 0.1009
vn -0.1172 0.2077 0.9712
vn -0.0128 0.2928 0.9561
vn 0.0632 0.4835 0.8731
vn -0.2160 0.4520 -0.8655
vn -0.3995 0.6174 0.6776
vn -0.0955 0.1019 0.9902
vn -0.0607 0.1134 0.9917
vn -0.1518 0.1861 0.9707
vn 0.0063 0.1622 0.9867
vn 0.0730 0.2426 0.9674
vn 0.7943 0.1614 -0.5856
vn 0.8850 0.4104 0.2200
vn 0.8113 0.1362 0.5685
vn 0.9718 0.0110 0.2354
vn 0.2389 0.1551 0.9586
vn 0.2696 0.0192 0.9628
vn 0.3855 -0.0629 0.9206
vn 0.5833 0.2730 -0.7650
vn 0.4993 0.3507 0.7923
vn 0.1372 0.1483 0.9794
vn 0.1383 0.1112 0.9841
vn 0.1949 0.1827 0.9637
vn 0.1481 0.0179 0.9888
vn 0.1734 -0.0544 0.9834
vn 0.1496 -0.6828 -0.7152
vn 0.4254 -0.8877 0.1761
vn 0.1567 -0.8607 0.4844
vn 0.0267 -0.9945 0.1009
vn 0.1172 -0.2077 0.9712
vn 0.0128 -0.2928 0.9561
vn -0.0632 -0.4835 0.8731
vn 0.2160 -0.4520 -0.8655
vn 0.3995 -0.6174 0.6776
vn 0.0955 -0.1019 0.9902
vn 0.0607 -0.1134 0.9917
vn 0.1518 -0.1861 0.9707
vn -0.0063 -0.1622 0.9867
vn -0.0730 -0.2426 0.9674
vn 0.0382 -0.0158 0.9991
vn 0.0499 0.0177 0.9986
vn 0.0182 0.0205 0.9996
vn 0.0041 0.0041 1.0000
vn 0.0562 0.0732 0.9957
vn 0.0114 0.0528 0.9985
vn -0.0182 0.0333 0.9993
vn 0.0559 -0.0245 0.9981
vn 0.0668 0.0123 0.9977
vn 0.0783 0.1131 0.9905
vn 0.0433 0.0928 0.9947
vn 0.0750 0.0661 0.9950
vn -0.0012 0.0645 0.9979
vn -0.0322 0.0459 0.9984
vn -0.0124 0.0395 -0.9991
vn 0.0220 0.0482 -0.9986
vn 0.0220 0.0163 -0.9996
vn 0.0044 0.0038 -1.0000
vn 0.0778 0.0496 -0.9957
vn 0.0536 0.0068 -0.9985
vn 0.0316 -0.0210 -0.9993
vn -0.0196 0.0578 -0.9981
vn 0.0181 0.0655 -0.9977
vn 0.1195 0.0681 -0.9905
vn 0.0963 0.0351 -0.9947
vn 0.0723 0.0689 -0.9950
vn 0.0641 -0.0068 -0.9979
vn 0.0429 -0.0361 -0.9984
vn -0.8062 -0.2081 -0.5538
vn -0.8472 -0.4535 0.2768
vn -0.7407 -0.1644 0.6514
vn -0.9776 -0.0693 0.1990
vn -0.1606 -0.1008 0.9819
vn -0.2323 -0.0206 0.9724
vn -0.3964 0.0369 0.9173
vn -0.5807 -0.3112 -0.7523
vn -0.4081 -0.2951 0.8639
vn -0.0808 -0.0828 0.9933
vn -0.0917 -0.0544 0.9943
vn -0.1396 -0.1259 0.9822
vn -0.1347 -0.0006 0.9909
vn -0.2047 0.0525 0.9774
vn -0.1462 0.6028 -0.7844
vn -0.4564 0.8841 0.1002
vn -0.1908 0.8914 0.4110
vn -0.0558 0.9918 0.1152
vn -0.1514 0.2130 0.9653
vn -0.0264 0.2434 0.9696
vn 0.0413 0.3661 0.9296
vn -0.1835 0.3524 -0.9177
vn -0.4068 0.5362 0.7396
vn -0.1304 0.1110 0.9852
vn -0.0990 0.1129 0.9887
vn -0.1697 0.1685 0.9710
vn -0.0205 0.1241 0.9921
vn 0.0395 0.1485 0.9881
vn 0.8062 0.2081 -0.5538
vn 0.8472 0.4535 0.2768
vn 0.7407 0.1644 0.6514
vn 0.9775 0.0693 0.1990
vn 0.1606 0.1008 0.9819
vn 0.2323 0.0206 0.9724
vn 0.3964 -0.0369 0.9173
vn 0.5807 0.3112 -0.7523
vn 0.4081 0.2951 0.8639
vn 0.0808 0.0828 0.9933
vn 0.0917 0.0544 0.9943
vn 0.1396 0.1259 0.9822
vn 0.1347 0.0006 0.9909
vn 0.2047 -0.0525 0.9774
vn 0.1462 -0.6028 -0.7844
vn 0.4564 -0.8841 0.1002
vn 0.1908 -0.8914 0.4110
vn 0.0558 -0.9918 0.1152
vn 0.1514 -0.2130 0.9653
vn 0.0264 -0.2434 0.9696
vn -0.0413 -0.3661 0.9296
vn 0.1835 -0.3524 -0.9177
vn 0.4068 -0.5362 0.7396
vn 0.1304 -0.1110 0.9852
vn 0.0990 -0.1129 0.9887
vn 0.1697 -0.1685 0.9710
vn 0.0205 -0.1241 0.9921
vn -0.0395 -0.1485 0.9881
vn 0.0118 0.0324 0.9994
vn -0.0166 0.0409 0.9990
vn -0.0177 0.0144 0.9997
vn -0.0036 0.0033 1.0000
vn -0.0631 0.0442 0.9970
vn -0.0444 0.0076 0.9990
vn -0.0271 -0.0164 0.9995
vn 0.0184 0.0475 0.9987
vn -0.0127 0.0552 0.9984
vn -0.0973 0.0612 0.9934
vn -0.0790 0.0328 0.9963
vn -0.0578 0.0601 0.9965
vn -0.0537 -0.0033 0.9986
vn -0.0370 -0.0285 0.9989
vn -0.0118 0.0324 -0.9994
vn 0.0166 0.0409 -0.9990
vn 0.0177 0.0144 -0.9997
vn 0.0036 0.0033 -1.0000
vn 0.0631 0.0442 -0.9970
vn 0.0444 0.0076 -0.9990
vn 0.0271 -0.0164 -0.9995
vn -0.0184 0.0475 -0.9987
vn 0.0127 0.0552 -0.9984
vn 0.0973 0.0612 -0.9934
vn 0.0790 0.0328 -0.9963
vn 0.0578 0.0601 -0.9965
vn 0.0537 -0.0033 -0.9986
vn 0.0370 -0.0285 -0.9989
vt 0.223642 0.526765
vt 0.213173 0.529772
vt 0.208984 0.528646
vt 0.213173 0.526395
vt 0.202035 0.532407
vt 0.200987 0.529772
vt 0.201791 0.526765
vt 0.213173 0.526395
vt 0.250000 0.523438
vt 0.231879 0.527900
vt 0.234375 0.523438
vt 0.218750 0.531250
vt 0.218750 0.523438
vt 0.187500 0.539062
vt 0.191739 0.534600
vt 0.205675 0.534600
vt 0.192274 0.531250
vt 0.218750 0.531250
vt 0.187500 0.523438
vt 0.203125 0.523438
vt 0.191671 0.527900
vt 0.192274 0.531250
vt 0.180928 0.526765
vt 0.178223 0.529772
vt 0.177083 0.528646
vt 0.178209 0.526395
vt 0.175204 0.532462
vt 0.174832 0.529772
vt 0.178223 0.529772
vt 0.175148 0.526711
vt 0.178209 0.526395
vt 0.183390 0.527900
vt 0.183594 0.523438
vt 0.179796 0.531250
vt 0.179688 0.523438
vt 0.171875 0.539062
vt 0.171875 0.535156
vt 0.176337 0.534614
vt 0.171875 0.531250
vt 0.179796 0.531250
vt 0.171875 0.523438
vt 0.175781 0.523438
vt 0.171875 0.527344
vt 0.179688 0.523438
vt 0.301796 0.526765
vt 0.291312 0.529772
vt 0.287109 0.528646
vt 0.291298 0.526395
vt 0.280162 0.532407
vt 0.279112 0.529772
vt 0.291312 0.529772
vt 0.279916 0.526765
vt 0.291298 0.526395
vt 0.328125 0.523438
vt 0.310343 0.527887
vt 0.312500 0.523438
vt 0.296984 0.531250
vt 0.296875 0.523438
vt 0.265625 0.539062
vt 0.269864 0.534600
vt 0.283759 0.534600
vt 0.270399 0.531250
vt 0.296984 0.531250
vt 0.265625 0.523438
vt 0.281250 0.523438
vt 0.269796 0.527900
vt 0.258979 0.526765
vt 0.255997 0.529772
vt 0.254557 0.528646
vt 0.255997 0.526395
vt 0.252102 0.532407
vt 0.251298 0.529772
vt 0.252075 0.526765
vt 0.255997 0.526395
vt 0.261502 0.527900
vt 0.261719 0.523438
vt 0.257813 0.531250
vt 0.257813 0.523438
vt 0.250000 0.539062
vt 0.245768 0.534600
vt 0.254123 0.534600
vt 0.245226 0.531250
vt 0.257812 0.531250
vt 0.253906 0.523438
vt 0.245761 0.527900
vt 0.213903 0.551360
vt 0.224664 0.548354
vt 0.229167 0.549479
vt 0.224664 0.551731
vt 0.236690 0.545663
vt 0.238173 0.548354
vt 0.224664 0.548354
vt 0.236907 0.551415
vt 0.238173 0.548354
vt 0.187500 0.554688
vt 0.205295 0.550239
vt 0.203125 0.554688
vt 0.218750 0.546875
vt 0.218750 0.554688
vt 0.250000 0.542969
vt 0.232144 0.543511
vt 0.250000 0.546875
vt 0.250000 0.554688
vt 0.234375 0.554688
vt 0.250000 0.550782
vt 0.276403 0.542390
vt 0.287164 0.545397
vt 0.291667 0.544271
vt 0.287164 0.542019
vt 0.299190 0.548087
vt 0.300673 0.545397
vt 0.299407 0.542336
vt 0.287164 0.542019
vt 0.300673 0.545397
vt 0.267795 0.543511
vt 0.265625 0.539062
vt 0.281250 0.546875
vt 0.281250 0.539062
vt 0.312500 0.554688
vt 0.312500 0.550782
vt 0.294705 0.550239
vt 0.312500 0.546875
vt 0.281250 0.546875
vt 0.312500 0.539062
vt 0.296875 0.539062
vt 0.312500 0.542969
vt 0.281250 0.539062
vt 0.379892 0.526765
vt 0.369423 0.529772
vt 0.365234 0.528646
vt 0.369423 0.526395
vt 0.358285 0.532407
vt 0.357237 0.529772
vt 0.369423 0.529772
vt 0.358041 0.526765
vt 0.369423 0.526395
vt 0.406250 0.523438
vt 0.388129 0.527900
vt 0.390625 0.523438
vt 0.375000 0.531250
vt 0.375000 0.523438
vt 0.343750 0.539062
vt 0.347989 0.534600
vt 0.361925 0.534600
vt 0.348524 0.531250
vt 0.375000 0.531250
vt 0.343750 0.523438
vt 0.359375 0.523438
vt 0.347921 0.527900
vt 0.375000 0.523438
vt 0.348524 0.531250
vt 0.337178 0.526765
vt 0.334473 0.529772
vt 0.333333 0.528646
vt 0.334459 0.526395
vt 0.331454 0.532462
vt 0.331082 0.529772
vt 0.334473 0.529772
vt 0.331398 0.526711
vt 0.334459 0.526395
vt 0.331082 0.529772
vt 0.339640 0.527900
vt 0.339844 0.523438
vt 0.336046 0.531250
vt 0.335938 0.523438
vt 0.328125 0.539062
vt 0.328125 0.535156
vt 0.332587 0.534614
vt 0.328125 0.531250
vt 0.336046 0.531250
vt 0.328125 0.523438
vt 0.332031 0.523438
vt 0.328125 0.527344
vt 0.335938 0.523438
vt 0.458046 0.526765
vt 0.447562 0.529772
vt 0.443359 0.528646
vt 0.447548 0.526395
vt 0.436412 0.532407
vt 0.435362 0.529772
vt 0.436166 0.526765
vt 0.447548 0.526395
vt 0.435362 0.529772
vt 0.484375 0.523438
vt 0.466593 0.527887
vt 0.468750 0.523438
vt 0.453234 0.531250
vt 0.453125 0.523438
vt 0.421875 0.539062
vt 0.426114 0.534600
vt 0.440009 0.534600
vt 0.426649 0.531250
vt 0.453234 0.531250
vt 0.421875 0.523438
vt 0.437500 0.523438
vt 0.426046 0.527900
vt 0.426649 0.531250
vt 0.415229 0.526765
vt 0.412247 0.529772
vt 0.410807 0.528646
vt 0.412247 0.526395
vt 0.408352 0.532407
vt 0.407548 0.529772
vt 0.408325 0.526765
vt 0.412247 0.526395
vt 0.407548 0.529772
vt 0.417752 0.527900
vt 0.417969 0.523438
vt 0.414063 0.531250
vt 0.414063 0.523438
vt 0.406250 0.539062
vt 0.402018 0.534600
vt 0.410373 0.534600
vt 0.401476 0.531250
vt 0.414063 0.531250
vt 0.410156 0.523438
vt 0.402011 0.527900
vt 0.401476 0.531250
vt 0.370153 0.551360
vt 0.380914 0.548354
vt 0.385417 0.549479
vt 0.380914 0.551731
vt 0.392940 0.545663
vt 0.394423 0.548354
vt 0.380914 0.548354
vt 0.393157 0.551415
vt 0.394423 0.548354
vt 0.343750 0.554688
vt 0.361545 0.550239
vt 0.359375 0.554688
vt 0.375000 0.546875
vt 0.375000 0.554688
vt 0.406250 0.542969
vt 0.388394 0.543511
vt 0.406250 0.546875
vt 0.406250 0.554688
vt 0.390625 0.554688
vt 0.406250 0.550782
vt 0.375000 0.554688
vt 0.432653 0.542390
vt 0.443414 0.545397
vt 0.447917 0.544271
vt 0.443414 0.542019
vt 0.455440 0.548087
vt 0.456923 0.545397
vt 0.455657 0.542336
vt 0.443414 0.542019
vt 0.456923 0.545397
vt 0.424045 0.543511
vt 0.421875 0.539062
vt 0.437500 0.546875
vt 0.437500 0.539062
vt 0.468750 0.554688
vt 0.468750 0.550782
vt 0.450955 0.550239
vt 0.468750 0.546875
vt 0.468750 0.539062
vt 0.453125 0.539062
vt 0.468750 0.542969
vt 0.201934 0.498842
vt 0.212706 0.501474
vt 0.208116 0.502604
vt 0.200519 0.501478
vt 0.221791 0.504475
vt 0.210974 0.504856
vt 0.212706 0.501474
vt 0.200401 0.504485
vt 0.210974 0.504856
vt 0.187500 0.492188
vt 0.205603 0.496646
vt 0.191721 0.496650
vt 0.218605 0.499964
vt 0.192130 0.500000
vt 0.250000 0.507812
vt 0.226515 0.507810
vt 0.231373 0.503237
vt 0.212493 0.507812
vt 0.218605 0.499964
vt 0.187500 0.507812
vt 0.191280 0.503350
vt 0.200055 0.507799
vt 0.192130 0.500000
vt 0.175204 0.498789
vt 0.178223 0.501478
vt 0.177083 0.502604
vt 0.174832 0.501478
vt 0.180928 0.504485
vt 0.178209 0.504855
vt 0.178223 0.501478
vt 0.175148 0.504539
vt 0.178209 0.504855
vt 0.171875 0.492188
vt 0.176337 0.496637
vt 0.171875 0.496094
vt 0.179796 0.500000
vt 0.171875 0.500000
vt 0.183594 0.507812
vt 0.183381 0.503350
vt 0.179688 0.507812
vt 0.179796 0.500000
vt 0.171875 0.507812
vt 0.171875 0.503906
vt 0.175781 0.507812
vt 0.179688 0.507812
vt 0.280162 0.499252
vt 0.291312 0.501595
vt 0.287109 0.502821
vt 0.279112 0.502031
vt 0.301796 0.504509
vt 0.291298 0.504968
vt 0.291312 0.501595
vt 0.279916 0.504884
vt 0.291298 0.504968
vt 0.265625 0.492188
vt 0.283759 0.496763
vt 0.269857 0.498061
vt 0.296984 0.500036
vt 0.270399 0.501591
vt 0.328125 0.507812
vt 0.312500 0.507812
vt 0.310343 0.503368
vt 0.296875 0.507812
vt 0.296984 0.500036
vt 0.265625 0.507812
vt 0.269803 0.504756
vt 0.281250 0.507812
vt 0.270399 0.501591
vt 0.258979 0.495500
vt 0.255997 0.498410
vt 0.254557 0.497179
vt 0.255997 0.495032
vt 0.252102 0.500749
vt 0.251298 0.497969
vt 0.255997 0.498409
vt 0.252075 0.495116
vt 0.255997 0.495032
vt 0.261502 0.496759
vt 0.261719 0.492188
vt 0.257813 0.500000
vt 0.257813 0.492188
vt 0.245759 0.501940
vt 0.254123 0.503241
vt 0.245226 0.498409
vt 0.257812 0.500000
vt 0.250000 0.492188
vt 0.253906 0.492188
vt 0.245823 0.495244
vt 0.245226 0.498409
vt 0.213901 0.520110
vt 0.224646 0.517104
vt 0.229167 0.518229
vt 0.224664 0.520481
vt 0.236651 0.514413
vt 0.238173 0.517104
vt 0.224646 0.517104
vt 0.236907 0.520165
vt 0.238173 0.517104
vt 0.205277 0.518989
vt 0.218605 0.515625
vt 0.250000 0.511719
vt 0.231699 0.512261
vt 0.250000 0.515625
vt 0.250000 0.523438
vt 0.250000 0.519532
vt 0.276403 0.511140
vt 0.287164 0.514147
vt 0.291667 0.513021
vt 0.287164 0.510769
vt 0.299190 0.516837
vt 0.300673 0.514147
vt 0.299407 0.511086
vt 0.300673 0.514147
vt 0.267795 0.512261
vt 0.265625 0.507812
vt 0.281250 0.515625
vt 0.312500 0.523438
vt 0.312500 0.519532
vt 0.294705 0.518989
vt 0.312500 0.515625
vt 0.281250 0.515625
vt 0.312500 0.507812
vt 0.312500 0.511719
vt 0.281250 0.507812
vt 0.358184 0.499251
vt 0.368956 0.501591
vt 0.364366 0.502821
vt 0.356769 0.502031
vt 0.378041 0.504500
vt 0.367224 0.504972
vt 0.368956 0.501591
vt 0.356651 0.504894
vt 0.356769 0.502031
vt 0.343750 0.492188
vt 0.361853 0.496759
vt 0.347964 0.498061
vt 0.374855 0.500000
vt 0.348380 0.501591
vt 0.406250 0.507812
vt 0.382765 0.507815
vt 0.387623 0.503242
vt 0.368743 0.507848
vt 0.374855 0.500000
vt 0.343750 0.507812
vt 0.347537 0.504758
vt 0.356305 0.507912
vt 0.348380 0.501591
vt 0.368743 0.507848
vt 0.337178 0.495525
vt 0.334473 0.498526
vt 0.333333 0.497396
vt 0.334459 0.495145
vt 0.331454 0.501212
vt 0.331082 0.498522
vt 0.334473 0.498526
vt 0.331398 0.495461
vt 0.334459 0.495145
vt 0.331082 0.498522
vt 0.339640 0.496763
vt 0.339844 0.492188
vt 0.336046 0.500036
vt 0.335938 0.492188
vt 0.328125 0.503906
vt 0.332587 0.503368
vt 0.328125 0.500000
vt 0.328125 0.492188
vt 0.332031 0.492188
vt 0.328125 0.496094
vt 0.335938 0.492188
vt 0.458046 0.495515
vt 0.447562 0.498522
vt 0.443359 0.497396
vt 0.447548 0.495145
vt 0.436412 0.501157
vt 0.435362 0.498522
vt 0.436166 0.495515
vt 0.447548 0.495145
vt 0.435362 0.498522
vt 0.484375 0.492188
vt 0.466593 0.496637
vt 0.468750 0.492188
vt 0.453234 0.500000
vt 0.453125 0.492188
vt 0.421875 0.507812
vt 0.426114 0.503350
vt 0.440009 0.503350
vt 0.426649 0.500000
vt 0.421875 0.492188
vt 0.437500 0.492188
vt 0.426046 0.496650
vt 0.426649 0.500000
vt 0.415229 0.495491
vt 0.412247 0.498405
vt 0.410807 0.497179
vt 0.412247 0.495032
vt 0.408352 0.500748
vt 0.407548 0.497969
vt 0.412247 0.498405
vt 0.408325 0.495116
vt 0.412247 0.495032
vt 0.417752 0.496646
vt 0.417969 0.492188
vt 0.414063 0.499964
vt 0.414063 0.492188
vt 0.402009 0.501940
vt 0.410373 0.503237
vt 0.401476 0.498409
vt 0.406250 0.492188
vt 0.410156 0.492188
vt 0.402073 0.495244
vt 0.401476 0.498409
vt 0.370151 0.520110
vt 0.380896 0.517104
vt 0.385417 0.518229
vt 0.380914 0.520481
vt 0.392901 0.514413
vt 0.394423 0.517104
vt 0.380896 0.517104
vt 0.393157 0.520165
vt 0.394423 0.517104
vt 0.361527 0.518989
vt 0.374855 0.515625
vt 0.406250 0.511719
vt 0.387949 0.512261
vt 0.406250 0.515625
vt 0.374855 0.515625
vt 0.406250 0.523438
vt 0.406250 0.519532
vt 0.455440 0.514413
vt 0.443414 0.517104
vt 0.447917 0.518229
vt 0.456923 0.517104
vt 0.432653 0.520110
vt 0.443414 0.520481
vt 0.443414 0.517104
vt 0.455657 0.520165
vt 0.443414 0.520481
vt 0.468750 0.507812
vt 0.450955 0.512261
vt 0.468750 0.511719
vt 0.437500 0.515625
vt 0.468750 0.515625
vt 0.421875 0.523438
vt 0.424045 0.518989
vt 0.437500 0.515625
vt 0.468750 0.519532
vt 0.114207 0.574653
vt 0.103349 0.592688
vt 0.098741 0.585938
vt 0.103349 0.572429
vt 0.091027 0.608498
vt 0.089399 0.592693
vt 0.103349 0.592688
vt 0.090819 0.574653
vt 0.103349 0.572429
vt 0.089399 0.592693
vt 0.140625 0.554688
vt 0.122938 0.581458
vt 0.125000 0.554688
vt 0.109375 0.601527
vt 0.109375 0.554688
vt 0.078125 0.648438
vt 0.076784 0.621662
vt 0.095866 0.621551
vt 0.076534 0.601563
vt 0.109375 0.601527
vt 0.078125 0.554688
vt 0.093750 0.554688
vt 0.076662 0.581462
vt 0.076534 0.601563
vt 0.045111 0.574653
vt 0.031666 0.592693
vt 0.026042 0.585938
vt 0.031670 0.572429
vt 0.016637 0.608833
vt 0.014784 0.592693
vt 0.031666 0.592693
vt 0.016366 0.574328
vt 0.031670 0.572429
vt 0.014784 0.592693
vt 0.055768 0.581462
vt 0.058594 0.554688
vt 0.039026 0.601563
vt 0.039063 0.554688
vt 0.000000 0.648438
vt 0.000000 0.625001
vt 0.022239 0.621745
vt 0.000000 0.601563
vt 0.039026 0.601563
vt 0.000000 0.554688
vt 0.019531 0.554688
vt 0.000000 0.578126
vt 0.254822 0.574653
vt 0.243970 0.592693
vt 0.239366 0.585938
vt 0.243974 0.572429
vt 0.231651 0.608507
vt 0.230024 0.592693
vt 0.243970 0.592693
vt 0.231444 0.574653
vt 0.281250 0.554688
vt 0.263450 0.581381
vt 0.265625 0.554688
vt 0.249964 0.601563
vt 0.218750 0.648438
vt 0.217410 0.621664
vt 0.236432 0.621664
vt 0.217159 0.601563
vt 0.249964 0.601563
vt 0.218750 0.554688
vt 0.234375 0.554688
vt 0.217287 0.581462
vt 0.217159 0.601563
vt 0.185761 0.574653
vt 0.172408 0.592693
vt 0.166884 0.585938
vt 0.172408 0.572429
vt 0.157671 0.608498
vt 0.155962 0.592688
vt 0.172408 0.592693
vt 0.157391 0.574653
vt 0.172408 0.572429
vt 0.196398 0.581462
vt 0.199219 0.554688
vt 0.179688 0.601563
vt 0.179688 0.554688
vt 0.140625 0.648438
vt 0.142036 0.621551
vt 0.162977 0.621662
vt 0.142216 0.601527
vt 0.179688 0.601563
vt 0.160156 0.554688
vt 0.141966 0.581458
vt 0.179688 0.554688
vt 0.104528 0.709924
vt 0.115289 0.694887
vt 0.119792 0.700521
vt 0.115289 0.711778
vt 0.127315 0.681432
vt 0.128798 0.694892
vt 0.115289 0.694888
vt 0.127532 0.710196
vt 0.115289 0.711778
vt 0.128798 0.694892
vt 0.078125 0.726562
vt 0.095920 0.704314
vt 0.093750 0.726562
vt 0.109375 0.687464
vt 0.109375 0.726562
vt 0.140625 0.667969
vt 0.122778 0.670569
vt 0.140625 0.687500
vt 0.109375 0.687464
vt 0.140625 0.726562
vt 0.125000 0.726562
vt 0.140625 0.707031
vt 0.167028 0.665076
vt 0.177789 0.680108
vt 0.182292 0.674479
vt 0.177789 0.663222
vt 0.189815 0.693558
vt 0.191298 0.680108
vt 0.177789 0.680108
vt 0.190032 0.664804
vt 0.177789 0.663222
vt 0.191298 0.680108
vt 0.158420 0.670682
vt 0.156250 0.648438
vt 0.171875 0.687500
vt 0.171875 0.648438
vt 0.203125 0.726562
vt 0.203125 0.707031
vt 0.185330 0.704318
vt 0.203125 0.687500
vt 0.171875 0.687500
vt 0.203125 0.648438
vt 0.187500 0.648438
vt 0.203125 0.667969
vt 0.147895 0.844763
vt 0.131755 0.859800
vt 0.125000 0.854167
vt 0.131755 0.842909
vt 0.113715 0.872984
vt 0.111491 0.859796
vt 0.113390 0.844763
vt 0.131755 0.842909
vt 0.111491 0.859796
vt 0.187500 0.828125
vt 0.160807 0.850441
vt 0.164063 0.828125
vt 0.140625 0.867224
vt 0.140625 0.828125
vt 0.093750 0.906250
vt 0.093831 0.883941
vt 0.120524 0.884051
vt 0.093750 0.867188
vt 0.140625 0.867224
vt 0.093750 0.828125
vt 0.117188 0.828125
vt 0.093669 0.850437
vt 0.093750 0.867188
vt 0.054145 0.844763
vt 0.038005 0.859796
vt 0.031250 0.854167
vt 0.038005 0.842909
vt 0.019965 0.873246
vt 0.017741 0.859796
vt 0.038005 0.859796
vt 0.019640 0.844492
vt 0.038005 0.842909
vt 0.067057 0.850437
vt 0.070313 0.828125
vt 0.046875 0.867188
vt 0.046875 0.828125
vt 0.000000 0.906250
vt 0.000000 0.886719
vt 0.026693 0.884006
vt 0.000000 0.867188
vt 0.046875 0.867188
vt 0.000000 0.828125
vt 0.023438 0.828125
vt 0.000000 0.847656
vt 0.335395 0.844763
vt 0.319255 0.859796
vt 0.312500 0.854167
vt 0.319255 0.842909
vt 0.301215 0.872975
vt 0.298991 0.859796
vt 0.319255 0.859796
vt 0.300890 0.844763
vt 0.319255 0.842909
vt 0.298991 0.859796
vt 0.375000 0.828125
vt 0.348307 0.850369
vt 0.351563 0.828125
vt 0.328125 0.867188
vt 0.328125 0.828125
vt 0.281250 0.906250
vt 0.281331 0.883938
vt 0.307943 0.883938
vt 0.281250 0.867188
vt 0.328125 0.867188
vt 0.281250 0.828125
vt 0.304688 0.828125
vt 0.281169 0.850437
vt 0.281250 0.867188
vt 0.241645 0.844763
vt 0.225505 0.859796
vt 0.218750 0.854167
vt 0.225505 0.842909
vt 0.207465 0.872984
vt 0.205241 0.859800
vt 0.225505 0.859796
vt 0.207140 0.844763
vt 0.225505 0.842909
vt 0.254557 0.850437
vt 0.257813 0.828125
vt 0.234375 0.867188
vt 0.234375 0.828125
vt 0.187500 0.906250
vt 0.187500 0.884051
vt 0.214193 0.883941
vt 0.187500 0.867224
vt 0.234375 0.867188
vt 0.210938 0.828125
vt 0.187419 0.850441
vt 0.187500 0.867224
vt 0.133355 0.980035
vt 0.149495 0.962000
vt 0.156250 0.968750
vt 0.149495 0.982259
vt 0.167535 0.945865
vt 0.169759 0.961996
vt 0.149495 0.962000
vt 0.167860 0.980360
vt 0.149495 0.982259
vt 0.169759 0.961996
vt 0.093750 1.000000
vt 0.120443 0.973312
vt 0.117188 1.000000
vt 0.140625 0.953161
vt 0.140625 1.000000
vt 0.187500 0.929688
vt 0.160726 0.933056
vt 0.187500 0.953125
vt 0.140625 0.953161
vt 0.187500 1.000000
vt 0.164063 1.000000
vt 0.187500 0.976563
vt 0.227105 0.926215
vt 0.243245 0.944255
vt 0.250000 0.937500
vt 0.243245 0.923991
vt 0.261285 0.960395
vt 0.263509 0.944255
vt 0.243245 0.944255
vt 0.261610 0.925890
vt 0.243245 0.923991
vt 0.214193 0.932943
vt 0.210938 0.906250
vt 0.234375 0.953125
vt 0.234375 0.906250
vt 0.281250 1.000000
vt 0.281250 0.976563
vt 0.254557 0.973307
vt 0.281250 0.953125
vt 0.234375 0.953125
vt 0.281250 0.906250
vt 0.257813 0.906250
vt 0.281250 0.929688
vt 0.069428 0.483218
vt 0.062654 0.489235
vt 0.059788 0.486979
vt 0.062654 0.482476
vt 0.054990 0.494511
vt 0.053991 0.489230
vt 0.062654 0.489235
vt 0.054859 0.483217
vt 0.062654 0.482476
vt 0.053991 0.489230
vt 0.085938 0.476562
vt 0.074870 0.485491
vt 0.076172 0.476562
vt 0.066407 0.492223
vt 0.066407 0.476562
vt 0.046875 0.507812
vt 0.046212 0.498890
vt 0.057977 0.499000
vt 0.046079 0.492187
vt 0.066407 0.492223
vt 0.046875 0.476562
vt 0.056641 0.476562
vt 0.046137 0.485487
vt 0.046079 0.492187
vt 0.027068 0.483217
vt 0.019000 0.489230
vt 0.015625 0.486979
vt 0.019002 0.482476
vt 0.009982 0.494610
vt 0.008870 0.489230
vt 0.009820 0.483109
vt 0.019002 0.482476
vt 0.033472 0.485487
vt 0.035156 0.476562
vt 0.023419 0.492187
vt 0.023438 0.476562
vt 0.000000 0.507812
vt 0.000000 0.500000
vt 0.013344 0.498914
vt 0.000000 0.492187
vt 0.023419 0.492187
vt 0.000000 0.476562
vt 0.011719 0.476562
vt 0.000000 0.484375
vt 0.155360 0.483217
vt 0.148589 0.489230
vt 0.145725 0.486979
vt 0.148591 0.482476
vt 0.140927 0.494502
vt 0.139928 0.489230
vt 0.140796 0.483217
vt 0.148591 0.482476
vt 0.139928 0.489230
vt 0.171875 0.476562
vt 0.160751 0.485460
vt 0.162109 0.476562
vt 0.152325 0.492187
vt 0.152344 0.476562
vt 0.132812 0.507812
vt 0.132149 0.498887
vt 0.143878 0.498887
vt 0.132016 0.492187
vt 0.152325 0.492187
vt 0.132812 0.476562
vt 0.142578 0.476562
vt 0.132074 0.485487
vt 0.132016 0.492187
vt 0.113017 0.483217
vt 0.104996 0.489230
vt 0.101671 0.486979
vt 0.104996 0.482476
vt 0.096125 0.494511
vt 0.095085 0.489235
vt 0.104996 0.489230
vt 0.095957 0.483218
vt 0.104996 0.482476
vt 0.095085 0.489235
vt 0.119412 0.485487
vt 0.121094 0.476562
vt 0.109375 0.492187
vt 0.109375 0.476562
vt 0.085938 0.507812
vt 0.086643 0.499000
vt 0.099338 0.498890
vt 0.086734 0.492223
vt 0.109375 0.492187
vt 0.097657 0.476562
vt 0.086601 0.485491
vt 0.063377 0.544706
vt 0.070103 0.535690
vt 0.072917 0.539063
vt 0.070103 0.545817
vt 0.077619 0.527625
vt 0.078546 0.535685
vt 0.070103 0.535690
vt 0.077755 0.544868
vt 0.078546 0.535685
vt 0.046875 0.554688
vt 0.057997 0.541346
vt 0.056641 0.554688
vt 0.066407 0.531286
vt 0.066407 0.554688
vt 0.085938 0.519531
vt 0.074783 0.521272
vt 0.085938 0.531250
vt 0.085938 0.554688
vt 0.076172 0.554688
vt 0.085938 0.542969
vt 0.102440 0.517795
vt 0.109165 0.526815
vt 0.111979 0.523437
vt 0.109165 0.516683
vt 0.116681 0.534885
vt 0.117608 0.526815
vt 0.109165 0.526815
vt 0.116817 0.517632
vt 0.117608 0.526815
vt 0.097060 0.521159
vt 0.095704 0.507812
vt 0.105469 0.531250
vt 0.105469 0.507812
vt 0.125000 0.554688
vt 0.125000 0.542969
vt 0.113878 0.541341
vt 0.125000 0.531250
vt 0.125000 0.507812
vt 0.115235 0.507812
vt 0.125000 0.519531
vt 0.105469 0.507812
vt 0.942012 0.967612
vt 0.940667 0.973608
vt 0.940104 0.971355
vt 0.940667 0.966852
vt 0.939164 0.978865
vt 0.938978 0.973606
vt 0.940667 0.973608
vt 0.939137 0.967593
vt 0.940667 0.966852
vt 0.945312 0.960938
vt 0.943088 0.970082
vt 0.943359 0.960938
vt 0.941406 0.976581
vt 0.941406 0.960938
vt 0.937500 0.992188
vt 0.937507 0.983260
vt 0.939731 0.983103
vt 0.937500 0.976563
vt 0.941406 0.976581
vt 0.937500 0.960938
vt 0.939453 0.960938
vt 0.937493 0.969863
vt 0.937500 0.976563
vt 0.934200 0.967593
vt 0.932855 0.973606
vt 0.932292 0.971355
vt 0.932855 0.966852
vt 0.931352 0.978986
vt 0.931166 0.973606
vt 0.932855 0.973606
vt 0.931325 0.967485
vt 0.932855 0.966852
vt 0.931166 0.973606
vt 0.935276 0.969863
vt 0.935547 0.960938
vt 0.933594 0.976563
vt 0.933594 0.960938
vt 0.929688 0.992188
vt 0.929688 0.984376
vt 0.931912 0.983291
vt 0.929688 0.976563
vt 0.933594 0.976563
vt 0.929688 0.960938
vt 0.931641 0.960938
vt 0.929688 0.968751
vt 0.957637 0.967544
vt 0.956292 0.973373
vt 0.955729 0.970921
vt 0.956292 0.966627
vt 0.954789 0.978060
vt 0.954604 0.972500
vt 0.954762 0.966794
vt 0.956292 0.966627
vt 0.954604 0.972500
vt 0.960938 0.960938
vt 0.958714 0.969827
vt 0.958985 0.960938
vt 0.957032 0.976491
vt 0.957032 0.960938
vt 0.953125 0.992188
vt 0.953125 0.980442
vt 0.955350 0.983037
vt 0.953125 0.973380
vt 0.953125 0.960938
vt 0.955078 0.960938
vt 0.953125 0.967051
vt 0.946976 0.975064
vt 0.948479 0.979744
vt 0.947916 0.982206
vt 0.946791 0.980619
vt 0.949825 0.985563
vt 0.948479 0.986499
vt 0.948479 0.979744
vt 0.946949 0.986317
vt 0.948479 0.986499
vt 0.947537 0.970080
vt 0.945312 0.972677
vt 0.949219 0.976563
vt 0.945312 0.979692
vt 0.951172 0.992188
vt 0.950901 0.983046
vt 0.949219 0.992188
vt 0.949219 0.976563
vt 0.945312 0.992188
vt 0.945305 0.985910
vt 0.947265 0.992188
vt 0.940800 0.998336
vt 0.942145 0.996826
vt 0.942708 0.997396
vt 0.942145 0.998522
vt 0.943648 0.995474
vt 0.943834 0.996833
vt 0.942145 0.996827
vt 0.943676 0.998364
vt 0.942145 0.998522
vt 0.943834 0.996833
vt 0.937500 1.000000
vt 0.939724 0.997769
vt 0.939453 1.000000
vt 0.941406 0.996040
vt 0.941406 1.000000
vt 0.945312 0.994141
vt 0.943081 0.994247
vt 0.945312 0.996094
vt 0.941406 0.996040
vt 0.945312 1.000000
vt 0.943359 1.000000
vt 0.945312 0.998047
vt 0.948613 0.993852
vt 0.949958 0.995355
vt 0.950521 0.994792
vt 0.949958 0.993666
vt 0.951461 0.996700
vt 0.951647 0.995355
vt 0.949958 0.995355
vt 0.951488 0.993825
vt 0.949958 0.993667
vt 0.951647 0.995355
vt 0.947537 0.994412
vt 0.949219 0.996094
vt 0.953125 1.000000
vt 0.953125 0.998047
vt 0.950901 0.997776
vt 0.953125 0.996094
vt 0.949219 0.996094
vt 0.953125 0.992188
vt 0.953125 0.994141
vt 0.958864 0.986044
vt 0.954926 0.987545
vt 0.953342 0.986979
vt 0.954926 0.985854
vt 0.950712 0.988861
vt 0.950300 0.987542
vt 0.950622 0.986039
vt 0.954926 0.985854
vt 0.950301 0.987542
vt 0.968750 0.984375
vt 0.961968 0.986663
vt 0.962891 0.984375
vt 0.957031 0.988300
vt 0.957031 0.984375
vt 0.946727 0.989957
vt 0.952114 0.989959
vt 0.946904 0.988282
vt 0.957031 0.988300
vt 0.945312 0.984375
vt 0.951172 0.984375
vt 0.946700 0.986606
vt 0.942022 0.986039
vt 0.940672 0.987542
vt 0.940104 0.986979
vt 0.940667 0.985854
vt 0.939164 0.988887
vt 0.938978 0.987542
vt 0.940672 0.987542
vt 0.939137 0.986012
vt 0.940667 0.985854
vt 0.938978 0.987542
vt 0.943201 0.986606
vt 0.943359 0.984375
vt 0.941442 0.988282
vt 0.941406 0.984375
vt 0.937500 0.990235
vt 0.939729 0.989963
vt 0.937500 0.988282
vt 0.941442 0.988282
vt 0.937500 0.984375
vt 0.939453 0.984375
vt 0.937500 0.986328
vt 0.990123 0.986027
vt 0.986180 0.987484
vt 0.984592 0.986871
vt 0.986176 0.985797
vt 0.981963 0.988656
vt 0.981551 0.987266
vt 0.986180 0.987484
vt 0.981872 0.985839
vt 0.986176 0.985798
vt 0.981551 0.987266
vt 1.000000 0.984375
vt 0.993331 0.986597
vt 0.994141 0.984375
vt 0.988317 0.988263
vt 0.988281 0.984375
vt 0.976562 0.992188
vt 0.977973 0.989251
vt 0.983348 0.989900
vt 0.978154 0.987486
vt 0.988317 0.988263
vt 0.976562 0.984375
vt 0.982422 0.984375
vt 0.977955 0.985903
vt 0.978154 0.987486
vt 0.970005 0.987907
vt 0.971805 0.989077
vt 0.971137 0.989692
vt 0.969675 0.989297
vt 0.973247 0.990532
vt 0.971805 0.990766
vt 0.971805 0.989077
vt 0.969987 0.990724
vt 0.969675 0.989297
vt 0.971805 0.990766
vt 0.970866 0.986661
vt 0.967339 0.987312
vt 0.972656 0.988282
vt 0.967159 0.989077
vt 0.974609 0.992188
vt 0.974446 0.989902
vt 0.972656 0.992188
vt 0.972656 0.988282
vt 0.968750 0.992188
vt 0.967335 0.990661
vt 0.970703 0.992188
vt 0.955214 0.998336
vt 0.959249 0.996833
vt 0.960938 0.997396
vt 0.959249 0.998522
vt 0.963759 0.995488
vt 0.964315 0.996833
vt 0.963840 0.998364
vt 0.959249 0.998522
vt 0.964315 0.996833
vt 0.945312 1.000000
vt 0.951985 0.997776
vt 0.951172 1.000000
vt 0.957031 0.996094
vt 0.957031 1.000000
vt 0.968750 0.994141
vt 0.962054 0.994413
vt 0.968750 0.996094
vt 0.957031 0.996094
vt 0.968750 1.000000
vt 0.962891 1.000000
vt 0.968750 0.998047
vt 0.978651 0.993852
vt 0.982687 0.995355
vt 0.984375 0.994792
vt 0.982687 0.993666
vt 0.987197 0.996700
vt 0.987753 0.995355
vt 0.987278 0.993825
vt 0.982687 0.993667
vt 0.987753 0.995355
vt 0.975423 0.994412
vt 0.974610 0.992188
vt 0.980469 0.996094
vt 0.980469 0.992188
vt 0.992188 1.000000
vt 0.992188 0.998047
vt 0.985515 0.997776
vt 0.992188 0.996094
vt 0.980469 0.996094
vt 0.992188 0.992188
vt 0.986329 0.992188
vt 0.992188 0.994141
vt 0.404499 0.642291
vt 0.391068 0.643813
vt 0.385417 0.643229
vt 0.391045 0.642104
vt 0.376061 0.645153
vt 0.374159 0.643792
vt 0.391068 0.643813
vt 0.375742 0.642289
vt 0.391045 0.642103
vt 0.437500 0.640625
vt 0.415279 0.642877
vt 0.417969 0.640625
vt 0.398618 0.644694
vt 0.398438 0.640625
vt 0.359375 0.648438
vt 0.359454 0.646217
vt 0.382252 0.646715
vt 0.359375 0.644532
vt 0.398618 0.644694
vt 0.359375 0.640625
vt 0.378906 0.640625
vt 0.359307 0.642856
vt 0.398438 0.640625
vt 0.359375 0.644531
vt 0.326371 0.642289
vt 0.312921 0.643792
vt 0.307292 0.643229
vt 0.312921 0.642104
vt 0.297888 0.645137
vt 0.296034 0.643792
vt 0.312921 0.643792
vt 0.297617 0.642262
vt 0.312921 0.642103
vt 0.296034 0.643792
vt 0.337131 0.642856
vt 0.339844 0.640625
vt 0.320313 0.644531
vt 0.320313 0.640625
vt 0.281250 0.648438
vt 0.281250 0.646485
vt 0.303494 0.646214
vt 0.281250 0.644532
vt 0.281250 0.640625
vt 0.300781 0.640625
vt 0.281250 0.642578
vt 0.281250 0.644532
vt 0.560746 0.642289
vt 0.547296 0.643792
vt 0.541667 0.643229
vt 0.547296 0.642104
vt 0.532263 0.645110
vt 0.530409 0.643792
vt 0.547296 0.643792
vt 0.531992 0.642289
vt 0.547296 0.642103
vt 0.593750 0.640625
vt 0.571506 0.642850
vt 0.574219 0.640625
vt 0.554688 0.644531
vt 0.554688 0.640625
vt 0.515625 0.648438
vt 0.515693 0.646207
vt 0.537869 0.646207
vt 0.515625 0.644532
vt 0.554688 0.644531
vt 0.515625 0.640625
vt 0.535156 0.640625
vt 0.515557 0.642856
vt 0.554688 0.640625
vt 0.515625 0.644531
vt 0.482621 0.642289
vt 0.469170 0.643792
vt 0.463542 0.643229
vt 0.469171 0.642104
vt 0.454186 0.645154
vt 0.452307 0.643813
vt 0.469171 0.643792
vt 0.453869 0.642291
vt 0.469171 0.642103
vt 0.452307 0.643813
vt 0.493381 0.642856
vt 0.496094 0.640625
vt 0.476563 0.644531
vt 0.476563 0.640625
vt 0.437500 0.648438
vt 0.438065 0.646715
vt 0.459755 0.646217
vt 0.437681 0.644694
vt 0.476563 0.644531
vt 0.457031 0.640625
vt 0.437455 0.642877
vt 0.437681 0.644694
vt 0.420986 0.693669
vt 0.406414 0.680634
vt 0.412543 0.675456
vt 0.423277 0.680613
vt 0.394695 0.666916
vt 0.408595 0.665711
vt 0.422859 0.666601
vt 0.437500 0.726562
vt 0.415279 0.704339
vt 0.437500 0.707031
vt 0.398618 0.687663
vt 0.437500 0.687500
vt 0.388740 0.654786
vt 0.382252 0.671190
vt 0.406395 0.655599
vt 0.398618 0.687663
vt 0.437500 0.667969
vt 0.422230 0.654708
vt 0.406395 0.655599
vt 0.470504 0.665076
vt 0.483955 0.680108
vt 0.489583 0.674479
vt 0.483955 0.663222
vt 0.498987 0.693558
vt 0.500841 0.680108
vt 0.483955 0.680108
vt 0.499259 0.664804
vt 0.483955 0.663222
vt 0.459744 0.670682
vt 0.457031 0.648438
vt 0.476563 0.687500
vt 0.476563 0.648438
vt 0.515625 0.726562
vt 0.515625 0.707031
vt 0.493381 0.704318
vt 0.515625 0.687500
vt 0.476563 0.687500
vt 0.515625 0.648438
vt 0.496094 0.648438
vt 0.515625 0.667969
vt 0.404496 0.556354
vt 0.391045 0.557875
vt 0.385417 0.557292
vt 0.391045 0.556166
vt 0.376013 0.559216
vt 0.374159 0.557855
vt 0.391046 0.557875
vt 0.375742 0.556352
vt 0.391045 0.556166
vt 0.437500 0.554688
vt 0.415256 0.556939
vt 0.417969 0.554688
vt 0.398438 0.558757
vt 0.398438 0.554688
vt 0.359375 0.562500
vt 0.359443 0.560279
vt 0.381687 0.560778
vt 0.359375 0.558594
vt 0.398438 0.558757
vt 0.359375 0.554688
vt 0.378906 0.554688
vt 0.359307 0.556919
vt 0.398438 0.554688
vt 0.359375 0.558594
vt 0.326371 0.556352
vt 0.312921 0.557855
vt 0.307292 0.557292
vt 0.312921 0.556166
vt 0.297888 0.559200
vt 0.296034 0.557855
vt 0.312921 0.557855
vt 0.297617 0.556325
vt 0.312921 0.556166
vt 0.296034 0.557855
vt 0.337131 0.556919
vt 0.339844 0.554688
vt 0.320313 0.558594
vt 0.320313 0.554688
vt 0.281250 0.562500
vt 0.281250 0.560547
vt 0.303494 0.560276
vt 0.281250 0.558594
vt 0.281250 0.554688
vt 0.300781 0.554688
vt 0.281250 0.556641
vt 0.560746 0.556352
vt 0.547296 0.557855
vt 0.541667 0.557292
vt 0.547296 0.556166
vt 0.532263 0.559173
vt 0.530409 0.557855
vt 0.547296 0.557855
vt 0.531992 0.556352
vt 0.547296 0.556166
vt 0.593750 0.554688
vt 0.571506 0.556912
vt 0.574219 0.554688
vt 0.554688 0.558594
vt 0.554688 0.554688
vt 0.515625 0.562500
vt 0.515693 0.560269
vt 0.537869 0.560269
vt 0.515625 0.558594
vt 0.554688 0.558594
vt 0.515625 0.554688
vt 0.535156 0.554688
vt 0.515557 0.556919
vt 0.554688 0.554688
vt 0.515625 0.558594
vt 0.482621 0.556352
vt 0.469170 0.557855
vt 0.463542 0.557292
vt 0.469171 0.556166
vt 0.454138 0.559216
vt 0.452284 0.557875
vt 0.469171 0.557855
vt 0.453867 0.556354
vt 0.469171 0.556166
vt 0.452284 0.557875
vt 0.493381 0.556919
vt 0.496094 0.554688
vt 0.476563 0.558594
vt 0.476563 0.554688
vt 0.437500 0.562500
vt 0.437500 0.560778
vt 0.459744 0.560279
vt 0.437500 0.558757
vt 0.476563 0.558594
vt 0.457031 0.554688
vt 0.437432 0.556939
vt 0.437500 0.558757
vt 0.392379 0.623990
vt 0.405830 0.608975
vt 0.411458 0.614583
vt 0.405830 0.625841
vt 0.420862 0.595547
vt 0.422716 0.608955
vt 0.421134 0.624259
vt 0.405830 0.625841
vt 0.422716 0.608955
vt 0.381619 0.618402
vt 0.398438 0.601725
vt 0.437500 0.582031
vt 0.415188 0.585253
vt 0.437500 0.601563
vt 0.398438 0.601725
vt 0.437500 0.640625
vt 0.437500 0.621094
vt 0.437500 0.601563
vt 0.498987 0.595504
vt 0.483955 0.608955
vt 0.489583 0.614583
vt 0.500841 0.608955
vt 0.470504 0.623987
vt 0.483955 0.625841
vt 0.483955 0.608955
vt 0.499259 0.624259
vt 0.500841 0.608955
vt 0.483955 0.625841
vt 0.493381 0.584744
vt 0.515625 0.582031
vt 0.476563 0.601563
vt 0.515625 0.601563
vt 0.459744 0.618381
vt 0.476563 0.601562
vt 0.515625 0.640625
vt 0.515625 0.621094
vt 0.515625 0.601563
vt 0.498246 0.915728
vt 0.484796 0.917250
vt 0.479167 0.916666
vt 0.484796 0.915541
vt 0.469763 0.918590
vt 0.467909 0.917229
vt 0.484796 0.917250
vt 0.469492 0.915726
vt 0.467909 0.917229
vt 0.531250 0.914062
vt 0.509006 0.916314
vt 0.511719 0.914062
vt 0.492188 0.918131
vt 0.492188 0.914062
vt 0.453125 0.921875
vt 0.453193 0.919654
vt 0.475437 0.920152
vt 0.453125 0.917969
vt 0.492188 0.918131
vt 0.453125 0.914062
vt 0.472656 0.914062
vt 0.453057 0.916294
vt 0.420121 0.915726
vt 0.406670 0.917229
vt 0.401042 0.916666
vt 0.406671 0.915541
vt 0.391638 0.918575
vt 0.389784 0.917229
vt 0.406671 0.917229
vt 0.391367 0.915699
vt 0.406671 0.915541
vt 0.389784 0.917229
vt 0.430881 0.916294
vt 0.433594 0.914062
vt 0.414063 0.917969
vt 0.414063 0.914062
vt 0.375000 0.921875
vt 0.375000 0.919922
vt 0.397244 0.919651
vt 0.375000 0.917969
vt 0.375000 0.914062
vt 0.394531 0.914062
vt 0.375000 0.916015
vt 0.654496 0.915726
vt 0.641046 0.917229
vt 0.635417 0.916666
vt 0.641046 0.915541
vt 0.626013 0.918547
vt 0.624159 0.917229
vt 0.641046 0.917229
vt 0.625741 0.915726
vt 0.687500 0.914062
vt 0.665256 0.916287
vt 0.667969 0.914062
vt 0.648438 0.917969
vt 0.648438 0.914062
vt 0.609375 0.921875
vt 0.609443 0.919644
vt 0.631619 0.919644
vt 0.609375 0.917969
vt 0.648438 0.917969
vt 0.609375 0.914062
vt 0.628906 0.914062
vt 0.609307 0.916294
vt 0.648438 0.914062
vt 0.609375 0.917969
vt 0.576371 0.915726
vt 0.562920 0.917229
vt 0.557292 0.916666
vt 0.562921 0.915541
vt 0.547888 0.918591
vt 0.546034 0.917250
vt 0.562921 0.917229
vt 0.547617 0.915728
vt 0.562921 0.915541
vt 0.546034 0.917250
vt 0.587131 0.916294
vt 0.589844 0.914062
vt 0.570313 0.917969
vt 0.570313 0.914062
vt 0.531250 0.921875
vt 0.531250 0.920152
vt 0.553494 0.919654
vt 0.531250 0.918131
vt 0.550781 0.914062
vt 0.531182 0.916314
vt 0.486129 0.983365
vt 0.499580 0.968350
vt 0.505208 0.973958
vt 0.499580 0.985216
vt 0.514612 0.954922
vt 0.516466 0.968330
vt 0.514884 0.983634
vt 0.499580 0.985216
vt 0.516466 0.968330
vt 0.453125 1.000000
vt 0.475369 0.977777
vt 0.472656 1.000000
vt 0.492188 0.961100
vt 0.492188 1.000000
vt 0.531250 0.941406
vt 0.508938 0.944628
vt 0.531250 0.960938
vt 0.492188 0.961100
vt 0.531250 1.000000
vt 0.511719 1.000000
vt 0.531250 0.980469
vt 0.592737 0.954879
vt 0.577705 0.968330
vt 0.583333 0.973958
vt 0.594591 0.968330
vt 0.564254 0.983362
vt 0.577705 0.985216
vt 0.577705 0.968330
vt 0.593009 0.983634
vt 0.594591 0.968330
vt 0.587131 0.944119
vt 0.609375 0.941406
vt 0.570313 0.960938
vt 0.609375 0.960938
vt 0.531250 1.000000
vt 0.550781 1.000000
vt 0.553494 0.977756
vt 0.570313 1.000000
vt 0.570312 0.960938
vt 0.609375 1.000000
vt 0.609375 0.980469
vt 0.589844 1.000000
vt 0.498249 0.829791
vt 0.484818 0.831313
vt 0.479167 0.830729
vt 0.484796 0.829604
vt 0.469811 0.832654
vt 0.467909 0.831292
vt 0.484818 0.831313
vt 0.469492 0.829789
vt 0.484796 0.829604
vt 0.467909 0.831292
vt 0.531250 0.828125
vt 0.509029 0.830377
vt 0.511719 0.828125
vt 0.492368 0.832194
vt 0.492188 0.828125
vt 0.453125 0.835938
vt 0.453204 0.833717
vt 0.476002 0.834215
vt 0.453125 0.832032
vt 0.492368 0.832194
vt 0.453125 0.828125
vt 0.472656 0.828125
vt 0.453057 0.830356
vt 0.420121 0.829789
vt 0.406670 0.831292
vt 0.401042 0.830729
vt 0.406671 0.829604
vt 0.391638 0.832637
vt 0.389784 0.831292
vt 0.406671 0.831292
vt 0.391367 0.829762
vt 0.406671 0.829604
vt 0.389784 0.831292
vt 0.430881 0.830356
vt 0.433594 0.828125
vt 0.414063 0.832032
vt 0.414063 0.828125
vt 0.375000 0.835938
vt 0.375000 0.833985
vt 0.397244 0.833714
vt 0.375000 0.832032
vt 0.414063 0.832032
vt 0.375000 0.828125
vt 0.394531 0.828125
vt 0.375000 0.830078
vt 0.375000 0.832032
vt 0.654496 0.829789
vt 0.641046 0.831292
vt 0.635417 0.830729
vt 0.641046 0.829604
vt 0.626013 0.832610
vt 0.624159 0.831292
vt 0.641046 0.831292
vt 0.625741 0.829789
vt 0.641046 0.829604
vt 0.624159 0.831292
vt 0.687500 0.828125
vt 0.665256 0.830350
vt 0.667969 0.828125
vt 0.648438 0.832032
vt 0.648438 0.828125
vt 0.609375 0.835938
vt 0.609443 0.833707
vt 0.631619 0.833707
vt 0.609375 0.832032
vt 0.648438 0.832032
vt 0.609375 0.828125
vt 0.628906 0.828125
vt 0.609307 0.830356
vt 0.648438 0.828125
vt 0.609375 0.832032
vt 0.576371 0.829789
vt 0.562920 0.831292
vt 0.557292 0.830729
vt 0.562921 0.829604
vt 0.547936 0.832654
vt 0.546057 0.831313
vt 0.562921 0.831292
vt 0.547619 0.829792
vt 0.562921 0.829604
vt 0.546057 0.831313
vt 0.587131 0.830356
vt 0.589844 0.828125
vt 0.570313 0.832031
vt 0.570313 0.828125
vt 0.531250 0.835938
vt 0.531815 0.834215
vt 0.553505 0.833717
vt 0.531431 0.832194
vt 0.570313 0.832032
vt 0.550781 0.828125
vt 0.531205 0.830377
vt 0.531431 0.832194
vt 0.514736 0.881169
vt 0.500164 0.868134
vt 0.506293 0.862956
vt 0.517027 0.868113
vt 0.488445 0.854416
vt 0.502345 0.853211
vt 0.500164 0.868134
vt 0.516609 0.854101
vt 0.517027 0.868113
vt 0.509029 0.891839
vt 0.531250 0.894531
vt 0.492368 0.875163
vt 0.531250 0.875000
vt 0.482490 0.842286
vt 0.476002 0.858690
vt 0.500145 0.843099
vt 0.492368 0.875163
vt 0.531250 0.855469
vt 0.515980 0.842208
vt 0.500145 0.843099
vt 0.564254 0.852576
vt 0.577705 0.867608
vt 0.583333 0.861979
vt 0.577705 0.850722
vt 0.592737 0.881058
vt 0.594591 0.867608
vt 0.577705 0.867608
vt 0.593009 0.852304
vt 0.553494 0.858182
vt 0.550781 0.835938
vt 0.570312 0.875000
vt 0.570313 0.835938
vt 0.609375 0.894531
vt 0.587131 0.891818
vt 0.609375 0.875000
vt 0.609375 0.835938
vt 0.589844 0.835938
vt 0.609375 0.855469
vt 0.498249 0.743854
vt 0.484818 0.745375
vt 0.479167 0.744792
vt 0.484796 0.743666
vt 0.469811 0.746716
vt 0.467909 0.745355
vt 0.484818 0.745375
vt 0.469492 0.743852
vt 0.467909 0.745355
vt 0.531250 0.742188
vt 0.509029 0.744439
vt 0.511719 0.742188
vt 0.492368 0.746257
vt 0.492188 0.742188
vt 0.453125 0.750000
vt 0.453204 0.747779
vt 0.476002 0.748278
vt 0.453125 0.746094
vt 0.492368 0.746257
vt 0.453125 0.742188
vt 0.472656 0.742188
vt 0.453057 0.744419
vt 0.420121 0.743852
vt 0.406670 0.745355
vt 0.401042 0.744792
vt 0.406671 0.743666
vt 0.391638 0.746700
vt 0.389784 0.745355
vt 0.406671 0.745355
vt 0.391367 0.743825
vt 0.406671 0.743666
vt 0.389784 0.745355
vt 0.430881 0.744419
vt 0.433594 0.742188
vt 0.414063 0.746094
vt 0.414063 0.742188
vt 0.375000 0.750000
vt 0.375000 0.748047
vt 0.397244 0.747776
vt 0.375000 0.746094
vt 0.375000 0.742188
vt 0.394531 0.742188
vt 0.375000 0.744141
vt 0.654496 0.743852
vt 0.641046 0.745355
vt 0.635417 0.744792
vt 0.641046 0.743666
vt 0.626013 0.746673
vt 0.624159 0.745355
vt 0.641046 0.745355
vt 0.625741 0.743852
vt 0.624159 0.745355
vt 0.687500 0.742188
vt 0.665256 0.744412
vt 0.667969 0.742188
vt 0.648438 0.746094
vt 0.648438 0.742188
vt 0.609375 0.750000
vt 0.609443 0.747769
vt 0.631619 0.747769
vt 0.609375 0.746094
vt 0.648438 0.746094
vt 0.609375 0.742188
vt 0.628906 0.742188
vt 0.609307 0.744419
vt 0.648438 0.742188
vt 0.609375 0.746094
vt 0.576371 0.743852
vt 0.562920 0.745355
vt 0.557292 0.744792
vt 0.562921 0.743666
vt 0.547936 0.746716
vt 0.546057 0.745375
vt 0.562921 0.745355
vt 0.547619 0.743854
vt 0.562921 0.743666
vt 0.546057 0.745375
vt 0.587131 0.744419
vt 0.589844 0.742188
vt 0.570313 0.746094
vt 0.570313 0.742188
vt 0.531250 0.750000
vt 0.531815 0.748278
vt 0.553505 0.747779
vt 0.531431 0.746257
vt 0.570313 0.746094
vt 0.550781 0.742188
vt 0.531205 0.744439
vt 0.514736 0.795232
vt 0.500164 0.782196
vt 0.506293 0.777018
vt 0.517027 0.782176
vt 0.488445 0.768478
vt 0.502345 0.767273
vt 0.500164 0.782196
vt 0.516609 0.768164
vt 0.517027 0.782176
vt 0.509029 0.805901
vt 0.531250 0.808594
vt 0.492368 0.789225
vt 0.531250 0.789063
vt 0.482490 0.756348
vt 0.476002 0.772753
vt 0.500145 0.757161
vt 0.492368 0.789225
vt 0.531250 0.769531
vt 0.515980 0.756270
vt 0.500145 0.757162
vt 0.564254 0.766638
vt 0.577705 0.781671
vt 0.583333 0.776042
vt 0.577705 0.764784
vt 0.592737 0.795121
vt 0.594591 0.781671
vt 0.577705 0.781671
vt 0.593009 0.766366
vt 0.594591 0.781671
vt 0.553494 0.772244
vt 0.550781 0.750000
vt 0.570312 0.789063
vt 0.570313 0.750000
vt 0.609375 0.808594
vt 0.587131 0.805881
vt 0.609375 0.789063
vt 0.570312 0.789063
vt 0.609375 0.750000
vt 0.589844 0.750000
vt 0.609375 0.769531
vt 0.147895 0.728229
vt 0.131755 0.729754
vt 0.125000 0.729166
vt 0.131755 0.728041
vt 0.113715 0.731100
vt 0.111491 0.729729
vt 0.113390 0.728226
vt 0.131755 0.728041
vt 0.111491 0.729729
vt 0.187500 0.726562
vt 0.160807 0.728818
vt 0.164063 0.726562
vt 0.140625 0.730668
vt 0.093750 0.734375
vt 0.093831 0.732156
vt 0.120524 0.732765
vt 0.093750 0.730469
vt 0.140625 0.730668
vt 0.093750 0.726562
vt 0.117188 0.726562
vt 0.093669 0.728793
vt 0.093750 0.730469
vt 0.054145 0.728226
vt 0.038005 0.729729
vt 0.031250 0.729166
vt 0.038005 0.728041
vt 0.019965 0.731074
vt 0.017741 0.729729
vt 0.019640 0.728199
vt 0.067057 0.728793
vt 0.070313 0.726562
vt 0.046875 0.730469
vt 0.046875 0.726562
vt 0.000000 0.734375
vt 0.000000 0.732422
vt 0.026693 0.732151
vt 0.000000 0.730469
vt 0.046875 0.730469
vt 0.000000 0.726562
vt 0.023438 0.726562
vt 0.000000 0.728515
vt 0.335395 0.728226
vt 0.319255 0.729729
vt 0.312500 0.729166
vt 0.319255 0.728041
vt 0.301215 0.731047
vt 0.298991 0.729729
vt 0.319255 0.729729
vt 0.300890 0.728226
vt 0.319255 0.728041
vt 0.298991 0.729729
vt 0.375000 0.726562
vt 0.348307 0.728787
vt 0.351563 0.726562
vt 0.328125 0.730469
vt 0.328125 0.726562
vt 0.281250 0.734375
vt 0.281331 0.732144
vt 0.307943 0.732144
vt 0.281250 0.730469
vt 0.328125 0.730469
vt 0.281250 0.726562
vt 0.304688 0.726562
vt 0.281169 0.728793
vt 0.241645 0.728226
vt 0.225505 0.729729
vt 0.218750 0.729166
vt 0.225505 0.728041
vt 0.207465 0.731100
vt 0.205241 0.729754
vt 0.225505 0.729729
vt 0.207140 0.728229
vt 0.225505 0.728041
vt 0.254557 0.728793
vt 0.257813 0.726562
vt 0.234375 0.730469
vt 0.234375 0.726562
vt 0.187500 0.734375
vt 0.187500 0.732765
vt 0.214193 0.732156
vt 0.187500 0.730668
vt 0.234375 0.730469
vt 0.210938 0.726562
vt 0.187419 0.728818
vt 0.187500 0.730667
vt 0.133355 0.808163
vt 0.149495 0.790145
vt 0.156250 0.796875
vt 0.149495 0.810384
vt 0.167535 0.774033
vt 0.169759 0.790121
vt 0.149495 0.790145
vt 0.167860 0.808485
vt 0.169759 0.790120
vt 0.120443 0.801457
vt 0.140625 0.781449
vt 0.187500 0.757813
vt 0.160726 0.761689
vt 0.187500 0.781250
vt 0.140625 0.781449
vt 0.187500 0.828125
vt 0.187500 0.804688
vt 0.227105 0.754340
vt 0.243245 0.772380
vt 0.250000 0.765625
vt 0.243245 0.752116
vt 0.261285 0.788520
vt 0.263509 0.772380
vt 0.243245 0.772380
vt 0.261610 0.754015
vt 0.243245 0.752116
vt 0.214193 0.761068
vt 0.210938 0.734375
vt 0.234375 0.781250
vt 0.234375 0.734375
vt 0.281250 0.804688
vt 0.254557 0.801432
vt 0.281250 0.781250
vt 0.281250 0.734375
vt 0.257813 0.734375
vt 0.281250 0.757813
vt 0.235465 0.530093
vt 0.236514 0.532728
vt 0.228516 0.533854
vt 0.224327 0.532728
vt 0.235463 0.535735
vt 0.224313 0.536106
vt 0.236514 0.532728
vt 0.214073 0.535735
vt 0.231879 0.527900
vt 0.245226 0.531250
vt 0.218750 0.531250
vt 0.231812 0.539062
vt 0.218642 0.539062
vt 0.245226 0.531250
vt 0.205675 0.534600
vt 0.205343 0.539049
vt 0.218642 0.539062
vt 0.185399 0.530093
vt 0.186202 0.532728
vt 0.182943 0.533854
vt 0.181516 0.532728
vt 0.185425 0.535735
vt 0.181503 0.536105
vt 0.186202 0.532728
vt 0.178550 0.535735
vt 0.181516 0.532728
vt 0.191671 0.527900
vt 0.183390 0.527900
vt 0.192274 0.531250
vt 0.179796 0.531250
vt 0.183594 0.539062
vt 0.179688 0.539062
vt 0.176337 0.534614
vt 0.175781 0.539062
vt 0.179688 0.539062
vt 0.314817 0.530038
vt 0.316298 0.532728
vt 0.307292 0.533854
vt 0.302802 0.532728
vt 0.315032 0.535789
vt 0.302789 0.536105
vt 0.316298 0.532728
vt 0.292057 0.535735
vt 0.302789 0.536105
vt 0.310343 0.527887
vt 0.328125 0.539062
vt 0.312500 0.539062
vt 0.283759 0.534600
vt 0.263523 0.530093
vt 0.264327 0.532728
vt 0.261068 0.533854
vt 0.259628 0.532728
vt 0.263550 0.535735
vt 0.259628 0.536105
vt 0.264327 0.532728
vt 0.256646 0.535735
vt 0.259628 0.532728
vt 0.259628 0.536105
vt 0.269796 0.527900
vt 0.261502 0.527900
vt 0.270399 0.531250
vt 0.257813 0.531250
vt 0.261719 0.539062
vt 0.257813 0.539062
vt 0.270399 0.531250
vt 0.254123 0.534600
vt 0.253906 0.539062
vt 0.200810 0.548087
vt 0.199327 0.545397
vt 0.208333 0.544271
vt 0.212836 0.545397
vt 0.200809 0.542336
vt 0.212823 0.542019
vt 0.199327 0.545397
vt 0.223351 0.542390
vt 0.212836 0.545397
vt 0.212823 0.542019
vt 0.187500 0.550782
vt 0.205295 0.550239
vt 0.187500 0.546875
vt 0.205343 0.539049
vt 0.187500 0.542969
vt 0.218750 0.546875
vt 0.263310 0.545663
vt 0.261827 0.548354
vt 0.270833 0.549479
vt 0.275336 0.548354
vt 0.263093 0.551415
vt 0.275336 0.551731
vt 0.261827 0.548354
vt 0.286097 0.551360
vt 0.267795 0.543511
vt 0.265625 0.554688
vt 0.281250 0.554688
vt 0.294705 0.550239
vt 0.296875 0.554688
vt 0.391715 0.530093
vt 0.392764 0.532728
vt 0.384766 0.533854
vt 0.380577 0.532728
vt 0.391713 0.535735
vt 0.380563 0.536106
vt 0.370323 0.535735
vt 0.380563 0.536106
vt 0.388129 0.527900
vt 0.401476 0.531250
vt 0.388062 0.539062
vt 0.402018 0.534600
vt 0.374892 0.539062
vt 0.361925 0.534600
vt 0.361593 0.539049
vt 0.341649 0.530093
vt 0.342452 0.532728
vt 0.339193 0.533854
vt 0.337766 0.532728
vt 0.341675 0.535735
vt 0.337753 0.536105
vt 0.342452 0.532728
vt 0.334800 0.535735
vt 0.337766 0.532728
vt 0.337753 0.536105
vt 0.348524 0.531250
vt 0.336046 0.531250
vt 0.339844 0.539062
vt 0.347989 0.534600
vt 0.335938 0.539062
vt 0.348524 0.531250
vt 0.332031 0.539062
vt 0.335938 0.539062
vt 0.471067 0.530038
vt 0.472548 0.532728
vt 0.463542 0.533854
vt 0.459052 0.532728
vt 0.471282 0.535789
vt 0.459039 0.536105
vt 0.472548 0.532728
vt 0.448307 0.535735
vt 0.459052 0.532728
vt 0.459039 0.536105
vt 0.484375 0.527344
vt 0.466593 0.527887
vt 0.484375 0.531250
vt 0.453234 0.531250
vt 0.484375 0.539062
vt 0.484375 0.535156
vt 0.440009 0.534600
vt 0.453234 0.531250
vt 0.419773 0.530093
vt 0.420578 0.532728
vt 0.417318 0.533854
vt 0.415878 0.532728
vt 0.419800 0.535735
vt 0.415878 0.536105
vt 0.420578 0.532728
vt 0.412896 0.535735
vt 0.415878 0.532728
vt 0.426046 0.527900
vt 0.417752 0.527900
vt 0.426649 0.531250
vt 0.417969 0.539062
vt 0.414063 0.539062
vt 0.410373 0.534600
vt 0.410156 0.539062
vt 0.357060 0.548087
vt 0.355577 0.545397
vt 0.364583 0.544271
vt 0.369086 0.545397
vt 0.357059 0.542336
vt 0.369073 0.542019
vt 0.355577 0.545397
vt 0.379601 0.542390
vt 0.369086 0.545397
vt 0.343750 0.550782
vt 0.361545 0.550239
vt 0.343750 0.546875
vt 0.375000 0.546875
vt 0.361593 0.539049
vt 0.343750 0.542969
vt 0.388394 0.543511
vt 0.388062 0.539062
vt 0.375000 0.546875
vt 0.419560 0.545663
vt 0.418077 0.548354
vt 0.427083 0.549479
vt 0.431586 0.548354
vt 0.419343 0.551415
vt 0.431586 0.551731
vt 0.418077 0.548354
vt 0.442347 0.551360
vt 0.431586 0.548354
vt 0.431586 0.551731
vt 0.424045 0.543511
vt 0.437500 0.546875
vt 0.421875 0.554688
vt 0.437500 0.554688
vt 0.450955 0.550239
vt 0.453125 0.554688
vt 0.213856 0.495491
vt 0.224327 0.495032
vt 0.228516 0.497179
vt 0.224309 0.498405
vt 0.235709 0.495116
vt 0.236514 0.497969
vt 0.224327 0.495032
vt 0.235426 0.500748
vt 0.224309 0.498405
vt 0.236514 0.497969
vt 0.203125 0.492188
vt 0.205603 0.496646
vt 0.218750 0.492188
vt 0.218605 0.499964
vt 0.234375 0.492188
vt 0.245226 0.498409
vt 0.231373 0.503237
vt 0.245226 0.498409
vt 0.178550 0.495515
vt 0.181503 0.495145
vt 0.182943 0.497396
vt 0.181516 0.498522
vt 0.185423 0.495515
vt 0.186184 0.498522
vt 0.181503 0.495145
vt 0.185361 0.501157
vt 0.181516 0.498522
vt 0.186184 0.498522
vt 0.175781 0.492188
vt 0.176337 0.496637
vt 0.179688 0.492188
vt 0.179796 0.500000
vt 0.183594 0.492188
vt 0.192130 0.500000
vt 0.179688 0.492188
vt 0.183381 0.503350
vt 0.179796 0.500000
vt 0.192130 0.500000
vt 0.292057 0.495525
vt 0.302789 0.495145
vt 0.307292 0.497396
vt 0.302802 0.498526
vt 0.315032 0.495461
vt 0.316298 0.498522
vt 0.302789 0.495145
vt 0.314817 0.501212
vt 0.302802 0.498526
vt 0.316298 0.498522
vt 0.281250 0.492188
vt 0.283759 0.496763
vt 0.296875 0.492188
vt 0.312500 0.492188
vt 0.310343 0.503368
vt 0.263523 0.499251
vt 0.264327 0.502031
vt 0.261068 0.502821
vt 0.259628 0.501591
vt 0.263550 0.504884
vt 0.259628 0.504968
vt 0.264327 0.502031
vt 0.256646 0.504500
vt 0.259628 0.501591
vt 0.259628 0.504968
vt 0.269857 0.498061
vt 0.261502 0.496759
vt 0.270399 0.501591
vt 0.257813 0.500000
vt 0.261719 0.507812
vt 0.257813 0.507812
vt 0.254123 0.503241
vt 0.253906 0.507812
vt 0.200711 0.516837
vt 0.198878 0.514147
vt 0.207465 0.513021
vt 0.212369 0.514147
vt 0.199242 0.511086
vt 0.210638 0.510769
vt 0.198878 0.514147
vt 0.221745 0.511140
vt 0.212369 0.514147
vt 0.187500 0.519532
vt 0.205277 0.518989
vt 0.187500 0.515625
vt 0.218605 0.515625
vt 0.200055 0.507799
vt 0.187500 0.511719
vt 0.212493 0.507812
vt 0.226515 0.507810
vt 0.218605 0.515625
vt 0.212493 0.507812
vt 0.263310 0.514413
vt 0.261827 0.517104
vt 0.270833 0.518229
vt 0.275336 0.517104
vt 0.263093 0.520165
vt 0.275336 0.520481
vt 0.261827 0.517104
vt 0.286097 0.520110
vt 0.267795 0.512261
vt 0.265625 0.523438
vt 0.294705 0.518989
vt 0.281250 0.523438
vt 0.370106 0.495500
vt 0.380577 0.495032
vt 0.384766 0.497179
vt 0.380559 0.498409
vt 0.391959 0.495116
vt 0.392764 0.497969
vt 0.391676 0.500749
vt 0.392764 0.497969
vt 0.359375 0.492188
vt 0.361853 0.496759
vt 0.375000 0.492188
vt 0.374855 0.500000
vt 0.390625 0.492188
vt 0.401476 0.498409
vt 0.375000 0.492188
vt 0.387623 0.503242
vt 0.374855 0.500000
vt 0.341647 0.499252
vt 0.342434 0.502031
vt 0.339193 0.502821
vt 0.337766 0.501595
vt 0.341636 0.504884
vt 0.337753 0.504968
vt 0.342434 0.502031
vt 0.334800 0.504509
vt 0.337753 0.504968
vt 0.339640 0.496763
vt 0.336046 0.500036
vt 0.339844 0.507812
vt 0.347537 0.504758
vt 0.335938 0.507812
vt 0.348380 0.501591
vt 0.332031 0.507812
vt 0.335938 0.507812
vt 0.471067 0.498789
vt 0.472548 0.501478
vt 0.463542 0.502604
vt 0.459052 0.501478
vt 0.471282 0.504539
vt 0.459039 0.504855
vt 0.472548 0.501478
vt 0.448307 0.504485
vt 0.459052 0.501478
vt 0.484375 0.496094
vt 0.466593 0.496637
vt 0.484375 0.500000
vt 0.453234 0.500000
vt 0.484375 0.507812
vt 0.468750 0.507812
vt 0.484375 0.503906
vt 0.453125 0.507812
vt 0.440009 0.503350
vt 0.437500 0.507812
vt 0.453234 0.500000
vt 0.419773 0.498842
vt 0.420578 0.501478
vt 0.417318 0.502604
vt 0.415878 0.501474
vt 0.419800 0.504485
vt 0.415878 0.504855
vt 0.420578 0.501478
vt 0.412896 0.504475
vt 0.415878 0.501474
vt 0.426046 0.496650
vt 0.417752 0.496646
vt 0.426649 0.500000
vt 0.417969 0.507812
vt 0.426114 0.503350
vt 0.414063 0.507812
vt 0.410373 0.503237
vt 0.410156 0.507812
vt 0.356962 0.516837
vt 0.355128 0.514147
vt 0.363715 0.513021
vt 0.368619 0.514147
vt 0.355492 0.511095
vt 0.366888 0.510774
vt 0.377995 0.511140
vt 0.366888 0.510774
vt 0.343750 0.519532
vt 0.343750 0.515625
vt 0.374855 0.515625
vt 0.356305 0.507912
vt 0.343750 0.511719
vt 0.382765 0.507815
vt 0.368743 0.507849
vt 0.442347 0.511140
vt 0.431586 0.510769
vt 0.427083 0.513021
vt 0.431586 0.514147
vt 0.419343 0.511086
vt 0.418077 0.514147
vt 0.431586 0.510769
vt 0.419560 0.516837
vt 0.431586 0.514147
vt 0.418077 0.514147
vt 0.450955 0.512261
vt 0.406250 0.507812
vt 0.421875 0.507812
vt 0.424045 0.518989
vt 0.127723 0.594593
vt 0.129351 0.610317
vt 0.120009 0.616971
vt 0.115401 0.610317
vt 0.127724 0.628064
vt 0.115405 0.630144
vt 0.104761 0.628064
vt 0.115401 0.610317
vt 0.122938 0.581458
vt 0.142216 0.601527
vt 0.109375 0.601527
vt 0.122889 0.647027
vt 0.142036 0.621551
vt 0.109411 0.646846
vt 0.095866 0.621551
vt 0.095977 0.646962
vt 0.109411 0.646846
vt 0.061078 0.594619
vt 0.062788 0.610433
vt 0.051866 0.617188
vt 0.046338 0.610433
vt 0.061359 0.628473
vt 0.046342 0.630697
vt 0.032980 0.628473
vt 0.046342 0.630697
vt 0.076534 0.601563
vt 0.039026 0.601563
vt 0.058594 0.648438
vt 0.076784 0.621662
vt 0.039063 0.648438
vt 0.076534 0.601563
vt 0.019531 0.648438
vt 0.039026 0.601563
vt 0.267939 0.594293
vt 0.269423 0.610433
vt 0.260417 0.617188
vt 0.255909 0.610433
vt 0.268157 0.628798
vt 0.255914 0.630697
vt 0.269423 0.610433
vt 0.245144 0.628473
vt 0.255909 0.610433
vt 0.281250 0.578126
vt 0.263450 0.581381
vt 0.281250 0.601563
vt 0.249964 0.601563
vt 0.281250 0.648438
vt 0.265625 0.648438
vt 0.281250 0.625001
vt 0.250000 0.648438
vt 0.236432 0.621664
vt 0.234375 0.648438
vt 0.201704 0.594619
vt 0.203413 0.610433
vt 0.192491 0.617188
vt 0.186967 0.610433
vt 0.201984 0.628473
vt 0.186967 0.630697
vt 0.203413 0.610433
vt 0.173614 0.628473
vt 0.186967 0.610433
vt 0.217159 0.601563
vt 0.179688 0.601563
vt 0.199219 0.648438
vt 0.217410 0.621664
vt 0.179688 0.648438
vt 0.162977 0.621662
vt 0.160156 0.648438
vt 0.179688 0.648438
vt 0.091435 0.693534
vt 0.089952 0.679996
vt 0.098958 0.674262
vt 0.103461 0.679991
vt 0.091436 0.664405
vt 0.103466 0.662669
vt 0.114014 0.664667
vt 0.103461 0.679991
vt 0.078125 0.707031
vt 0.095920 0.704314
vt 0.078125 0.687500
vt 0.095977 0.646962
vt 0.078125 0.667969
vt 0.109411 0.646846
vt 0.122778 0.670569
vt 0.109375 0.687464
vt 0.153935 0.681442
vt 0.152452 0.694892
vt 0.161458 0.700521
vt 0.165961 0.694892
vt 0.153718 0.710196
vt 0.165961 0.711778
vt 0.152452 0.694892
vt 0.176722 0.709925
vt 0.165961 0.694892
vt 0.165961 0.711778
vt 0.158420 0.670682
vt 0.156250 0.726562
vt 0.171875 0.726562
vt 0.185330 0.704318
vt 0.187500 0.726562
vt 0.171875 0.687500
vt 0.167535 0.861426
vt 0.169759 0.874696
vt 0.156250 0.880425
vt 0.149495 0.874696
vt 0.167535 0.890021
vt 0.149495 0.892019
vt 0.133681 0.890021
vt 0.149495 0.874696
vt 0.187419 0.850441
vt 0.160807 0.850441
vt 0.187500 0.867224
vt 0.140625 0.867224
vt 0.160726 0.907661
vt 0.187500 0.884051
vt 0.140625 0.907842
vt 0.187500 0.867224
vt 0.120524 0.884051
vt 0.120524 0.907577
vt 0.140625 0.907842
vt 0.073785 0.861400
vt 0.076009 0.874580
vt 0.062500 0.880208
vt 0.055745 0.874580
vt 0.074110 0.889612
vt 0.055745 0.891466
vt 0.039605 0.889612
vt 0.055745 0.874580
vt 0.093669 0.850437
vt 0.067057 0.850437
vt 0.093750 0.867188
vt 0.046875 0.867188
vt 0.070313 0.906250
vt 0.046875 0.906250
vt 0.093750 0.867188
vt 0.026693 0.884006
vt 0.023438 0.906250
vt 0.355035 0.861129
vt 0.357259 0.874580
vt 0.343750 0.880208
vt 0.336995 0.874580
vt 0.355360 0.889884
vt 0.336995 0.891466
vt 0.320855 0.889612
vt 0.375000 0.847656
vt 0.375000 0.867188
vt 0.375000 0.906250
vt 0.351563 0.906250
vt 0.375000 0.886719
vt 0.328125 0.906250
vt 0.304688 0.906250
vt 0.328125 0.867188
vt 0.261285 0.861400
vt 0.263509 0.874580
vt 0.250000 0.880208
vt 0.243245 0.874580
vt 0.261610 0.889612
vt 0.243245 0.891466
vt 0.227105 0.889612
vt 0.243245 0.891466
vt 0.281169 0.850437
vt 0.254557 0.850437
vt 0.281250 0.867188
vt 0.281250 0.867188
vt 0.214193 0.883941
vt 0.113715 0.960420
vt 0.111491 0.944367
vt 0.125000 0.937717
vt 0.131755 0.944371
vt 0.113715 0.926289
vt 0.131755 0.924544
vt 0.111491 0.944367
vt 0.147569 0.926624
vt 0.131755 0.944371
vt 0.131755 0.924544
vt 0.093750 0.976563
vt 0.120443 0.973312
vt 0.093750 0.953125
vt 0.140625 0.953161
vt 0.120524 0.907577
vt 0.093750 0.929688
vt 0.140625 0.907842
vt 0.160726 0.933056
vt 0.140625 0.953161
vt 0.207465 0.945855
vt 0.205241 0.961996
vt 0.218750 0.968750
vt 0.225505 0.961996
vt 0.207140 0.980360
vt 0.225505 0.982259
vt 0.205241 0.961996
vt 0.241645 0.980035
vt 0.225505 0.961996
vt 0.225505 0.982259
vt 0.214193 0.932943
vt 0.234375 0.953125
vt 0.210938 1.000000
vt 0.234375 1.000000
vt 0.257813 1.000000
vt 0.234375 0.953125
vt 0.077823 0.489898
vt 0.078822 0.495261
vt 0.073025 0.497612
vt 0.070159 0.495261
vt 0.077823 0.501566
vt 0.070161 0.502452
vt 0.078822 0.495261
vt 0.063521 0.501566
vt 0.070159 0.495261
vt 0.070161 0.502452
vt 0.086601 0.485491
vt 0.074870 0.485491
vt 0.086734 0.492223
vt 0.066407 0.492223
vt 0.074838 0.509223
vt 0.086643 0.499000
vt 0.066425 0.509404
vt 0.086734 0.492223
vt 0.058032 0.509180
vt 0.066407 0.492223
vt 0.036688 0.489872
vt 0.037728 0.495144
vt 0.031142 0.497395
vt 0.027814 0.495144
vt 0.036855 0.501157
vt 0.027817 0.501898
vt 0.037728 0.495144
vt 0.019790 0.501157
vt 0.027814 0.495144
vt 0.027817 0.501898
vt 0.046137 0.485487
vt 0.033472 0.485487
vt 0.023419 0.492187
vt 0.035156 0.507812
vt 0.046212 0.498890
vt 0.023438 0.507812
vt 0.013344 0.498915
vt 0.011719 0.507812
vt 0.023419 0.492187
vt 0.163556 0.489764
vt 0.164483 0.495144
vt 0.158854 0.497395
vt 0.156037 0.495144
vt 0.163692 0.501266
vt 0.156040 0.501898
vt 0.164483 0.495144
vt 0.149310 0.501157
vt 0.156037 0.495144
vt 0.171875 0.484375
vt 0.160751 0.485460
vt 0.171875 0.492187
vt 0.152325 0.492187
vt 0.162109 0.507812
vt 0.171875 0.500000
vt 0.152344 0.507812
vt 0.143878 0.498887
vt 0.142578 0.507812
vt 0.152325 0.492187
vt 0.122625 0.489872
vt 0.123665 0.495144
vt 0.117079 0.497395
vt 0.113754 0.495144
vt 0.122793 0.501157
vt 0.113754 0.501898
vt 0.123665 0.495144
vt 0.105733 0.501157
vt 0.132074 0.485487
vt 0.119412 0.485487
vt 0.132016 0.492187
vt 0.109375 0.492187
vt 0.121094 0.507812
vt 0.132149 0.498887
vt 0.109375 0.507812
vt 0.132016 0.492187
vt 0.099338 0.498890
vt 0.097657 0.507812
vt 0.109375 0.492187
vt 0.055194 0.534910
vt 0.054267 0.526927
vt 0.059896 0.523654
vt 0.062710 0.526932
vt 0.055194 0.518032
vt 0.062713 0.517236
vt 0.054267 0.526927
vt 0.069305 0.518204
vt 0.062710 0.526932
vt 0.062713 0.517236
vt 0.046875 0.542969
vt 0.057997 0.541346
vt 0.046875 0.531250
vt 0.066407 0.531286
vt 0.046875 0.519531
vt 0.074783 0.521272
vt 0.094257 0.527615
vt 0.093330 0.535685
vt 0.098959 0.539063
vt 0.101773 0.535685
vt 0.094121 0.544868
vt 0.101773 0.545817
vt 0.093330 0.535685
vt 0.108498 0.544705
vt 0.101773 0.535685
vt 0.101773 0.545817
vt 0.105469 0.531250
vt 0.095704 0.554688
vt 0.105469 0.554688
vt 0.113878 0.541341
vt 0.115235 0.554688
vt 0.105469 0.554688
vt 0.943648 0.975028
vt 0.943834 0.980451
vt 0.942708 0.981880
vt 0.942145 0.979578
vt 0.943648 0.985737
vt 0.942145 0.985678
vt 0.943834 0.980451
vt 0.940827 0.984970
vt 0.942145 0.979578
vt 0.942145 0.985678
vt 0.943088 0.970082
vt 0.945312 0.979692
vt 0.943081 0.990298
vt 0.945305 0.985911
vt 0.941406 0.989873
vt 0.945312 0.979692
vt 0.939731 0.983103
vt 0.939731 0.990078
vt 0.941406 0.989873
vt 0.935836 0.974248
vt 0.936022 0.979520
vt 0.934896 0.981771
vt 0.934333 0.979520
vt 0.935864 0.985533
vt 0.934333 0.986274
vt 0.936022 0.979520
vt 0.932988 0.985533
vt 0.934333 0.979520
vt 0.934333 0.986274
vt 0.937493 0.969863
vt 0.935276 0.969863
vt 0.937500 0.976563
vt 0.935547 0.992188
vt 0.937507 0.983260
vt 0.933594 0.992188
vt 0.937500 0.976563
vt 0.931912 0.983291
vt 0.931641 0.992188
vt 0.933594 0.976563
vt 0.959274 0.974139
vt 0.959460 0.979520
vt 0.958334 0.981771
vt 0.957771 0.979511
vt 0.959301 0.985642
vt 0.957771 0.986274
vt 0.956426 0.985514
vt 0.957771 0.986274
vt 0.960938 0.968751
vt 0.958714 0.969827
vt 0.960938 0.976563
vt 0.957032 0.976491
vt 0.960938 0.992188
vt 0.958985 0.992188
vt 0.960938 0.984376
vt 0.957032 0.992188
vt 0.955350 0.983037
vt 0.955078 0.992188
vt 0.957032 0.976491
vt 0.948613 0.967563
vt 0.949958 0.966627
vt 0.950521 0.970921
vt 0.949958 0.973382
vt 0.951488 0.966794
vt 0.951647 0.972500
vt 0.951461 0.978061
vt 0.951647 0.972500
vt 0.947265 0.960938
vt 0.947537 0.970080
vt 0.949219 0.960938
vt 0.949219 0.976563
vt 0.953125 0.967051
vt 0.951172 0.960938
vt 0.953125 0.973380
vt 0.950901 0.983046
vt 0.953125 0.980442
vt 0.949219 0.976563
vt 0.939164 0.996663
vt 0.938978 0.995187
vt 0.940104 0.994466
vt 0.940667 0.995180
vt 0.939164 0.993227
vt 0.940667 0.992846
vt 0.938978 0.995187
vt 0.941985 0.993257
vt 0.940667 0.995180
vt 0.940667 0.992846
vt 0.937500 0.998047
vt 0.939724 0.997769
vt 0.937500 0.996094
vt 0.939731 0.990078
vt 0.937500 0.994141
vt 0.943081 0.990298
vt 0.941406 0.996040
vt 0.946976 0.995488
vt 0.946791 0.996833
vt 0.947916 0.997396
vt 0.948479 0.996833
vt 0.946949 0.998364
vt 0.948479 0.998522
vt 0.946791 0.996833
vt 0.949824 0.998336
vt 0.948479 0.996833
vt 0.948479 0.998522
vt 0.947537 0.994412
vt 0.949219 0.996094
vt 0.947265 1.000000
vt 0.949219 1.000000
vt 0.950901 0.997776
vt 0.951172 1.000000
vt 0.949219 0.996094
vt 0.963350 0.987907
vt 0.963762 0.989297
vt 0.960720 0.989692
vt 0.959136 0.989079
vt 0.963350 0.990729
vt 0.959132 0.990768
vt 0.955279 0.990537
vt 0.959132 0.990768
vt 0.967339 0.987312
vt 0.961968 0.986663
vt 0.967159 0.989077
vt 0.957031 0.988300
vt 0.961943 0.992245
vt 0.967335 0.990661
vt 0.956995 0.992206
vt 0.952114 0.989959
vt 0.952004 0.992184
vt 0.956995 0.992206
vt 0.944057 0.987703
vt 0.944387 0.989021
vt 0.942925 0.989584
vt 0.942262 0.989021
vt 0.944075 0.990524
vt 0.942258 0.990710
vt 0.944387 0.989021
vt 0.940825 0.990524
vt 0.942262 0.989021
vt 0.942258 0.990710
vt 0.946700 0.986606
vt 0.943201 0.986606
vt 0.946904 0.988282
vt 0.941442 0.988282
vt 0.943359 0.992188
vt 0.946727 0.989957
vt 0.941406 0.992188
vt 0.946904 0.988282
vt 0.939729 0.989963
vt 0.939453 0.992188
vt 0.941442 0.988282
vt 0.995009 0.987675
vt 0.995565 0.989021
vt 0.992187 0.989584
vt 0.990503 0.989019
vt 0.995090 0.990551
vt 0.990499 0.990710
vt 0.986473 0.990519
vt 0.990503 0.989019
vt 0.990499 0.990710
vt 1.000000 0.986328
vt 1.000000 0.988282
vt 0.988317 0.988264
vt 1.000000 0.992188
vt 0.994141 0.992188
vt 1.000000 0.990235
vt 0.988281 0.992188
vt 0.983349 0.989900
vt 0.982422 0.992188
vt 0.972065 0.986031
vt 0.973508 0.985797
vt 0.974175 0.986871
vt 0.973508 0.987486
vt 0.975325 0.985839
vt 0.975637 0.987266
vt 0.973508 0.985797
vt 0.975307 0.988656
vt 0.975637 0.987266
vt 0.970703 0.984375
vt 0.970866 0.986661
vt 0.972656 0.984375
vt 0.972656 0.988282
vt 0.977955 0.985903
vt 0.974609 0.984375
vt 0.978154 0.987486
vt 0.974446 0.989902
vt 0.977973 0.989251
vt 0.950304 0.996700
vt 0.949747 0.995355
vt 0.953125 0.994792
vt 0.954813 0.995355
vt 0.950303 0.993825
vt 0.954809 0.993669
vt 0.958758 0.993856
vt 0.951985 0.997776
vt 0.957031 0.996094
vt 0.952003 0.992184
vt 0.956995 0.992206
vt 0.962054 0.994413
vt 0.961943 0.992244
vt 0.957031 0.996094
vt 0.973742 0.995488
vt 0.973185 0.996833
vt 0.976563 0.997396
vt 0.978251 0.996833
vt 0.973660 0.998364
vt 0.978251 0.998522
vt 0.973185 0.996833
vt 0.982287 0.998336
vt 0.978251 0.996833
vt 0.978252 0.998522
vt 0.975424 0.994412
vt 0.974610 1.000000
vt 0.980469 1.000000
vt 0.985515 0.997776
vt 0.986329 1.000000
vt 0.980469 0.996094
vt 0.420989 0.644066
vt 0.423300 0.645796
vt 0.412543 0.646810
vt 0.406414 0.645796
vt 0.422907 0.648615
vt 0.408595 0.649448
vt 0.423300 0.645796
vt 0.394695 0.648615
vt 0.406414 0.645796
vt 0.437455 0.642877
vt 0.437681 0.644694
vt 0.398618 0.644694
vt 0.438065 0.646715
vt 0.398618 0.644694
vt 0.406395 0.655599
vt 0.342737 0.643953
vt 0.344591 0.645271
vt 0.333333 0.645834
vt 0.327705 0.645271
vt 0.343009 0.646774
vt 0.327705 0.646959
vt 0.344591 0.645271
vt 0.314254 0.646774
vt 0.327705 0.645271
vt 0.359307 0.642856
vt 0.337131 0.642856
vt 0.320313 0.644532
vt 0.339844 0.648438
vt 0.320313 0.648438
vt 0.359375 0.644532
vt 0.303494 0.646214
vt 0.300781 0.648438
vt 0.577112 0.643926
vt 0.578966 0.645271
vt 0.567708 0.645834
vt 0.562080 0.645271
vt 0.577384 0.646801
vt 0.562080 0.646959
vt 0.578966 0.645271
vt 0.548629 0.646774
vt 0.562080 0.645271
vt 0.562080 0.646960
vt 0.593750 0.642578
vt 0.593750 0.644532
vt 0.554688 0.644532
vt 0.593750 0.648438
vt 0.574219 0.648438
vt 0.593750 0.646485
vt 0.554688 0.648438
vt 0.593750 0.644532
vt 0.535156 0.648438
vt 0.554688 0.648438
vt 0.498987 0.643953
vt 0.500841 0.645271
vt 0.489583 0.645834
vt 0.483955 0.645271
vt 0.499259 0.646774
vt 0.483955 0.646959
vt 0.500841 0.645271
vt 0.470504 0.646774
vt 0.483955 0.645271
vt 0.515557 0.642856
vt 0.493381 0.642856
vt 0.515625 0.644531
vt 0.459755 0.646217
vt 0.404499 0.709927
vt 0.391045 0.711778
vt 0.385417 0.700521
vt 0.391068 0.694912
vt 0.375742 0.710196
vt 0.374159 0.694892
vt 0.391046 0.711778
vt 0.376061 0.681485
vt 0.391068 0.694912
vt 0.374159 0.694892
vt 0.417969 0.726562
vt 0.415279 0.704339
vt 0.398438 0.726562
vt 0.398618 0.687663
vt 0.359375 0.726562
vt 0.359375 0.707031
vt 0.378906 0.726562
vt 0.359375 0.687500
vt 0.398438 0.726562
vt 0.359375 0.667969
vt 0.454138 0.681442
vt 0.452284 0.694892
vt 0.463542 0.700521
vt 0.469171 0.694892
vt 0.453867 0.710196
vt 0.469171 0.711778
vt 0.482621 0.709925
vt 0.469170 0.694892
vt 0.459744 0.670682
vt 0.437500 0.726562
vt 0.457031 0.726562
vt 0.476563 0.726562
vt 0.493381 0.704318
vt 0.496094 0.726562
vt 0.420862 0.558129
vt 0.422716 0.559859
vt 0.411458 0.560873
vt 0.405830 0.559859
vt 0.420862 0.562677
vt 0.405830 0.563511
vt 0.422716 0.559859
vt 0.392650 0.562677
vt 0.405830 0.559859
vt 0.405830 0.563511
vt 0.437432 0.556939
vt 0.415256 0.556939
vt 0.437500 0.558757
vt 0.415188 0.568848
vt 0.437500 0.560778
vt 0.398438 0.569662
vt 0.437500 0.558757
vt 0.381687 0.560778
vt 0.381687 0.568770
vt 0.398438 0.569662
vt 0.342737 0.558015
vt 0.344591 0.559333
vt 0.333333 0.559896
vt 0.327705 0.559333
vt 0.343009 0.560836
vt 0.327705 0.561022
vt 0.314254 0.560836
vt 0.327705 0.559333
vt 0.327705 0.561022
vt 0.359307 0.556919
vt 0.337131 0.556919
vt 0.359375 0.558594
vt 0.339844 0.562500
vt 0.359443 0.560279
vt 0.320313 0.562500
vt 0.303494 0.560276
vt 0.300781 0.562500
vt 0.320313 0.558594
vt 0.577112 0.557988
vt 0.578966 0.559333
vt 0.567708 0.559896
vt 0.562080 0.559333
vt 0.577384 0.560864
vt 0.562080 0.561022
vt 0.578966 0.559333
vt 0.548629 0.560836
vt 0.562080 0.559333
vt 0.562080 0.561022
vt 0.593750 0.556641
vt 0.571506 0.556912
vt 0.593750 0.558594
vt 0.593750 0.562500
vt 0.574219 0.562500
vt 0.593750 0.560547
vt 0.554688 0.562500
vt 0.537869 0.560269
vt 0.535156 0.562500
vt 0.554688 0.558594
vt 0.554688 0.562500
vt 0.498987 0.558015
vt 0.500841 0.559333
vt 0.489583 0.559896
vt 0.483955 0.559333
vt 0.499259 0.560836
vt 0.483955 0.561022
vt 0.470504 0.560836
vt 0.483955 0.559333
vt 0.483955 0.561022
vt 0.515557 0.556919
vt 0.515625 0.558594
vt 0.496094 0.562500
vt 0.515693 0.560269
vt 0.476563 0.562500
vt 0.459744 0.560279
vt 0.457031 0.562500
vt 0.476563 0.558594
vt 0.376013 0.607732
vt 0.374159 0.594676
vt 0.385417 0.589518
vt 0.391045 0.594696
vt 0.376013 0.580664
vt 0.391045 0.579773
vt 0.374159 0.594676
vt 0.404225 0.580978
vt 0.391045 0.594696
vt 0.359375 0.621094
vt 0.359375 0.601563
vt 0.381687 0.568770
vt 0.359375 0.582031
vt 0.398438 0.569662
vt 0.359375 0.601563
vt 0.415188 0.585253
vt 0.415188 0.568848
vt 0.398438 0.601725
vt 0.398438 0.569662
vt 0.482621 0.579138
vt 0.469171 0.577284
vt 0.463542 0.588542
vt 0.469171 0.594171
vt 0.453867 0.578867
vt 0.452284 0.594171
vt 0.454138 0.607621
vt 0.493381 0.584744
vt 0.476563 0.601563
vt 0.437500 0.562500
vt 0.459744 0.618381
vt 0.514612 0.917504
vt 0.516466 0.919233
vt 0.505208 0.920247
vt 0.499580 0.919233
vt 0.514612 0.922052
vt 0.499580 0.922885
vt 0.516466 0.919234
vt 0.486401 0.922052
vt 0.499580 0.919234
vt 0.531182 0.916314
vt 0.509006 0.916314
vt 0.531250 0.918131
vt 0.508938 0.928223
vt 0.531250 0.920152
vt 0.492188 0.929036
vt 0.531250 0.918131
vt 0.475437 0.920152
vt 0.475437 0.928145
vt 0.492188 0.918131
vt 0.492188 0.929037
vt 0.436487 0.917390
vt 0.438341 0.918708
vt 0.427083 0.919271
vt 0.421455 0.918708
vt 0.436759 0.920211
vt 0.421455 0.920397
vt 0.438341 0.918708
vt 0.408004 0.920211
vt 0.421455 0.918708
vt 0.421455 0.920397
vt 0.453057 0.916294
vt 0.430881 0.916294
vt 0.453125 0.917969
vt 0.433594 0.921875
vt 0.453193 0.919654
vt 0.414063 0.921875
vt 0.397244 0.919651
vt 0.394531 0.921875
vt 0.670862 0.917363
vt 0.672716 0.918708
vt 0.661458 0.919271
vt 0.655830 0.918708
vt 0.671134 0.920238
vt 0.655830 0.920397
vt 0.672716 0.918708
vt 0.642379 0.920211
vt 0.655830 0.918708
vt 0.655830 0.920397
vt 0.687500 0.916015
vt 0.665256 0.916287
vt 0.687500 0.917969
vt 0.648438 0.917969
vt 0.687500 0.921875
vt 0.667969 0.921875
vt 0.687500 0.919922
vt 0.648438 0.921875
vt 0.631619 0.919644
vt 0.628906 0.921875
vt 0.648438 0.921875
vt 0.592737 0.917390
vt 0.594591 0.918708
vt 0.583333 0.919271
vt 0.577705 0.918708
vt 0.593009 0.920211
vt 0.577705 0.920397
vt 0.594591 0.918708
vt 0.564254 0.920211
vt 0.577705 0.918708
vt 0.577705 0.920397
vt 0.609307 0.916294
vt 0.587131 0.916294
vt 0.589844 0.921875
vt 0.609443 0.919644
vt 0.570313 0.921875
vt 0.553494 0.919654
vt 0.550781 0.921875
vt 0.469763 0.967107
vt 0.467909 0.954051
vt 0.479167 0.948893
vt 0.484796 0.954071
vt 0.469763 0.940039
vt 0.484796 0.939148
vt 0.497975 0.940353
vt 0.484795 0.954071
vt 0.453125 0.980469
vt 0.475369 0.977777
vt 0.453125 0.960938
vt 0.492188 0.961100
vt 0.475437 0.928145
vt 0.453125 0.941406
vt 0.492188 0.961100
vt 0.576371 0.938513
vt 0.562921 0.936659
vt 0.557292 0.947917
vt 0.562921 0.953546
vt 0.547616 0.938242
vt 0.546034 0.953546
vt 0.562921 0.936659
vt 0.547888 0.966996
vt 0.546034 0.953546
vt 0.587131 0.944119
vt 0.570313 0.960938
vt 0.531250 0.921875
vt 0.553494 0.977756
vt 0.570312 0.960938
vt 0.514739 0.831566
vt 0.517050 0.833296
vt 0.506293 0.834310
vt 0.500164 0.833296
vt 0.516657 0.836115
vt 0.502345 0.836948
vt 0.488445 0.836114
vt 0.500164 0.833296
vt 0.531205 0.830377
vt 0.509029 0.830377
vt 0.531431 0.832194
vt 0.515980 0.842208
vt 0.531815 0.834215
vt 0.531431 0.832194
vt 0.476002 0.834215
vt 0.492368 0.832194
vt 0.436487 0.831453
vt 0.438341 0.832771
vt 0.427083 0.833334
vt 0.421455 0.832771
vt 0.436759 0.834274
vt 0.421455 0.834460
vt 0.438341 0.832771
vt 0.408004 0.834274
vt 0.421455 0.832771
vt 0.421455 0.834459
vt 0.453057 0.830356
vt 0.430881 0.830356
vt 0.453125 0.832032
vt 0.433594 0.835938
vt 0.453204 0.833717
vt 0.414063 0.835938
vt 0.397244 0.833713
vt 0.394531 0.835938
vt 0.670862 0.831426
vt 0.672716 0.832771
vt 0.661458 0.833334
vt 0.655830 0.832771
vt 0.671134 0.834301
vt 0.655830 0.834460
vt 0.672716 0.832771
vt 0.642379 0.834274
vt 0.655830 0.832771
vt 0.687500 0.830078
vt 0.665256 0.830350
vt 0.687500 0.832032
vt 0.687500 0.835938
vt 0.667969 0.835938
vt 0.687500 0.833985
vt 0.648438 0.835938
vt 0.687500 0.832032
vt 0.631619 0.833707
vt 0.628906 0.835938
vt 0.648438 0.835938
vt 0.592737 0.831453
vt 0.594591 0.832771
vt 0.583333 0.833334
vt 0.577705 0.832771
vt 0.593009 0.834274
vt 0.577705 0.834460
vt 0.594591 0.832771
vt 0.564254 0.834274
vt 0.577705 0.832771
vt 0.577705 0.834459
vt 0.609307 0.830356
vt 0.587131 0.830356
vt 0.609375 0.832032
vt 0.609443 0.833707
vt 0.553505 0.833717
vt 0.498249 0.897427
vt 0.484796 0.899278
vt 0.479167 0.888021
vt 0.484818 0.882412
vt 0.469492 0.897696
vt 0.467909 0.882392
vt 0.484796 0.899278
vt 0.469811 0.868985
vt 0.484818 0.882412
vt 0.467909 0.882392
vt 0.509029 0.891839
vt 0.492368 0.875163
vt 0.453125 0.914062
vt 0.453125 0.894531
vt 0.453125 0.875000
vt 0.476002 0.858690
vt 0.453125 0.855469
vt 0.547888 0.868942
vt 0.546034 0.882392
vt 0.557292 0.888021
vt 0.562921 0.882392
vt 0.547617 0.897696
vt 0.562921 0.899278
vt 0.576371 0.897425
vt 0.562920 0.882392
vt 0.562921 0.899278
vt 0.553494 0.858182
vt 0.570312 0.875000
vt 0.531250 0.914062
vt 0.570313 0.875000
vt 0.514739 0.745629
vt 0.517050 0.747359
vt 0.506293 0.748373
vt 0.500164 0.747359
vt 0.516657 0.750177
vt 0.502345 0.751011
vt 0.488445 0.750177
vt 0.500164 0.747359
vt 0.531205 0.744439
vt 0.509029 0.744439
vt 0.531431 0.746257
vt 0.492368 0.746257
vt 0.515980 0.756270
vt 0.531815 0.748278
vt 0.500145 0.757162
vt 0.531431 0.746257
vt 0.476002 0.748278
vt 0.436487 0.745515
vt 0.438341 0.746833
vt 0.427083 0.747396
vt 0.421455 0.746833
vt 0.436759 0.748336
vt 0.421455 0.748522
vt 0.438341 0.746833
vt 0.408004 0.748336
vt 0.421455 0.746833
vt 0.421455 0.748522
vt 0.453057 0.744419
vt 0.430881 0.744419
vt 0.453125 0.746094
vt 0.414063 0.746094
vt 0.433594 0.750000
vt 0.453204 0.747779
vt 0.414063 0.750000
vt 0.397244 0.747776
vt 0.394531 0.750000
vt 0.670862 0.745488
vt 0.672716 0.746833
vt 0.661458 0.747396
vt 0.655830 0.746833
vt 0.671134 0.748363
vt 0.655830 0.748522
vt 0.672716 0.746833
vt 0.642379 0.748336
vt 0.655830 0.746833
vt 0.687500 0.744141
vt 0.665256 0.744412
vt 0.687500 0.746094
vt 0.648438 0.746094
vt 0.687500 0.750000
vt 0.667969 0.750000
vt 0.687500 0.748047
vt 0.648438 0.750000
vt 0.631619 0.747769
vt 0.628906 0.750000
vt 0.648438 0.746094
vt 0.648438 0.750000
vt 0.592737 0.745515
vt 0.594591 0.746833
vt 0.583333 0.747396
vt 0.577705 0.746833
vt 0.593009 0.748336
vt 0.577705 0.748522
vt 0.594591 0.746833
vt 0.564254 0.748336
vt 0.577705 0.746833
vt 0.577705 0.748522
vt 0.609307 0.744419
vt 0.587131 0.744419
vt 0.609375 0.746094
vt 0.609443 0.747769
vt 0.553505 0.747779
vt 0.498249 0.811490
vt 0.484796 0.813341
vt 0.479167 0.802083
vt 0.484818 0.796475
vt 0.469492 0.811759
vt 0.467909 0.796455
vt 0.484796 0.813341
vt 0.469811 0.783047
vt 0.467909 0.796455
vt 0.492368 0.789225
vt 0.453125 0.828125
vt 0.453125 0.808594
vt 0.453125 0.789063
vt 0.476002 0.772753
vt 0.453125 0.769531
vt 0.547888 0.783004
vt 0.546034 0.796455
vt 0.557292 0.802083
vt 0.562921 0.796455
vt 0.547617 0.811759
vt 0.562921 0.813341
vt 0.576371 0.811487
vt 0.562920 0.796455
vt 0.562921 0.813341
vt 0.553494 0.772244
vt 0.570312 0.789062
vt 0.531250 0.828125
vt 0.570313 0.789063
vt 0.167535 0.730029
vt 0.169759 0.731850
vt 0.156250 0.732964
vt 0.149495 0.731850
vt 0.167535 0.734961
vt 0.149495 0.735939
vt 0.133681 0.734961
vt 0.149495 0.731850
vt 0.149495 0.735939
vt 0.187419 0.728818
vt 0.187500 0.730668
vt 0.140625 0.730668
vt 0.160726 0.742133
vt 0.187500 0.732765
vt 0.140625 0.743128
vt 0.187500 0.730668
vt 0.120524 0.732765
vt 0.120524 0.742039
vt 0.140625 0.730668
vt 0.140625 0.743128
vt 0.073785 0.729890
vt 0.076009 0.731208
vt 0.062500 0.731771
vt 0.055745 0.731208
vt 0.074110 0.732711
vt 0.055745 0.732897
vt 0.039605 0.732711
vt 0.055745 0.731208
vt 0.093669 0.728793
vt 0.093750 0.730469
vt 0.070313 0.734375
vt 0.093831 0.732156
vt 0.046875 0.734375
vt 0.093750 0.730469
vt 0.026693 0.732151
vt 0.023438 0.734375
vt 0.355035 0.729863
vt 0.357259 0.731208
vt 0.343750 0.731771
vt 0.336995 0.731208
vt 0.355360 0.732738
vt 0.336995 0.732897
vt 0.320855 0.732711
vt 0.375000 0.728515
vt 0.375000 0.730469
vt 0.375000 0.734375
vt 0.351563 0.734375
vt 0.375000 0.732422
vt 0.328125 0.734375
vt 0.304688 0.734375
vt 0.328125 0.730469
vt 0.261285 0.729890
vt 0.263509 0.731208
vt 0.250000 0.731771
vt 0.243245 0.731208
vt 0.261610 0.732711
vt 0.243245 0.732897
vt 0.227105 0.732711
vt 0.243245 0.732897
vt 0.281250 0.730469
vt 0.281331 0.732144
vt 0.214193 0.732156
vt 0.113715 0.788656
vt 0.111491 0.772997
vt 0.125000 0.766819
vt 0.131755 0.773022
vt 0.113715 0.756211
vt 0.131755 0.755158
vt 0.111491 0.772997
vt 0.147569 0.756590
vt 0.131755 0.773022
vt 0.131755 0.755158
vt 0.093750 0.804688
vt 0.120443 0.801457
vt 0.093750 0.781250
vt 0.120524 0.742040
vt 0.093750 0.757813
vt 0.140625 0.743128
vt 0.160726 0.761689
vt 0.140625 0.781449
vt 0.140625 0.743128
vt 0.207465 0.773980
vt 0.205241 0.790121
vt 0.218750 0.796875
vt 0.225505 0.790120
vt 0.207140 0.808485
vt 0.225505 0.810384
vt 0.205241 0.790120
vt 0.241645 0.808160
vt 0.225505 0.790120
vt 0.214193 0.761068
vt 0.234375 0.781250
s 1
usemtl m_632d92f5-cfab-e993-36d1-3ec53c902688.001
f 1056/1/1 1057/2/2 1055/3/3 1061/4/4
f 1058/5/5 1059/6/6 1055/3/3 1057/2/2
f 1060/7/7 1061/8/4 1055/3/3 1059/6/6
f 7/9/8 142/10/9 1056/1/1 139/11/10
f 142/10/9 141/12/11 1057/2/2 1056/1/1
f 139/11/10 1056/1/1 1061/4/4 138/13/12
f 2/14/13 143/15/14 1058/5/5 140/16/15
f 143/15/14 144/17/16 1059/6/6 1058/5/5
f 140/16/15 1058/5/5 1057/2/2 141/18/11
f 4/19/17 137/20/18 1060/7/7 145/21/19
f 137/20/18 138/13/12 1061/8/4 1060/7/7
f 145/21/19 1060/7/7 1059/6/6 144/22/16
f 1063/23/20 1064/24/21 1062/25/22 1068/26/23
f 1065/27/24 1066/28/25 1062/25/22 1064/29/21
f 1067/30/26 1068/31/23 1062/25/22 1066/28/25
f 4/19/27 151/32/28 1063/23/20 148/33/29
f 151/32/28 150/34/30 1064/24/21 1063/23/20
f 148/33/29 1063/23/20 1068/26/23 147/35/31
f 1/36/32 152/37/33 1065/27/24 149/38/34
f 152/37/33 153/39/35 1066/28/25 1065/27/24
f 149/38/34 1065/27/24 1064/29/21 150/40/30
f 3/41/36 146/42/37 1067/30/26 154/43/38
f 146/42/37 147/44/31 1068/31/23 1067/30/26
f 154/43/38 1067/30/26 1066/28/25 153/39/35
f 1070/45/39 1071/46/40 1069/47/41 1075/48/42
f 1072/49/43 1073/50/44 1069/47/41 1071/51/40
f 1074/52/45 1075/53/42 1069/47/41 1073/50/44
f 3/54/46 158/55/47 1070/45/39 155/56/48
f 158/55/47 159/57/49 1071/46/40 1070/45/39
f 155/56/48 1070/45/39 1075/48/42 156/58/50
f 6/59/51 161/60/52 1072/49/43 160/61/53
f 161/60/52 162/62/54 1073/50/44 1072/49/43
f 160/61/53 1072/49/43 1071/51/40 159/63/49
f 8/64/55 157/65/56 1074/52/45 163/66/57
f 157/65/56 156/58/50 1075/53/42 1074/52/45
f 163/66/57 1074/52/45 1073/50/44 162/62/54
f 1077/67/58 1078/68/59 1076/69/60 1082/70/61
f 1079/71/62 1080/72/63 1076/69/60 1078/68/59
f 1081/73/64 1082/74/61 1076/69/60 1080/72/63
f 8/64/65 169/75/66 1077/67/58 166/76/67
f 169/75/66 168/77/68 1078/68/59 1077/67/58
f 166/76/67 1077/67/58 1082/70/61 165/78/69
f 5/79/70 170/80/71 1079/71/62 167/81/72
f 170/80/71 171/82/73 1080/72/63 1079/71/62
f 167/81/72 1079/71/62 1078/68/59 168/83/68
f 7/9/74 164/84/75 1081/73/64 172/85/76
f 164/84/75 165/78/69 1082/74/61 1081/73/64
f 172/85/76 1081/73/64 1080/72/63 171/82/73
f 1084/86/77 1085/87/78 1083/88/79 1089/89/80
f 1086/90/81 1087/91/82 1083/88/79 1085/92/78
f 1088/93/83 1089/89/80 1083/88/79 1087/94/82
f 1/95/84 176/96/85 1084/86/77 173/97/86
f 176/96/85 177/98/87 1085/87/78 1084/86/77
f 173/97/86 1084/86/77 1089/89/80 174/99/88
f 5/79/89 179/100/90 1086/90/81 178/101/91
f 179/100/90 180/102/92 1087/91/82 1086/90/81
f 178/101/91 1086/90/81 1085/92/78 177/98/87
f 6/103/93 175/104/94 1088/93/83 181/105/95
f 175/104/94 174/99/88 1089/89/80 1088/93/83
f 181/105/95 1088/93/83 1087/94/82 180/102/92
f 1091/106/96 1092/107/97 1090/108/98 1096/109/99
f 1093/110/100 1094/111/101 1090/108/98 1092/107/97
f 1095/112/102 1096/113/99 1090/108/98 1094/114/101
f 4/79/103 182/115/104 1091/106/96 137/116/105
f 182/115/104 183/117/106 1092/107/97 1091/106/96
f 137/116/105 1091/106/96 1096/109/99 138/118/107
f 8/119/108 166/120/109 1093/110/100 184/121/110
f 166/120/109 165/122/111 1094/111/101 1093/110/100
f 184/121/110 1093/110/100 1092/107/97 183/123/106
f 7/124/112 139/125/113 1095/112/102 164/126/114
f 139/125/113 138/127/107 1096/113/99 1095/112/102
f 164/126/114 1095/112/102 1094/114/101 165/122/111
f 1098/128/1 1099/129/2 1097/130/3 1103/131/115
f 1100/132/5 1101/133/6 1097/130/3 1099/134/2
f 1102/135/7 1103/136/115 1097/130/3 1101/133/6
f 15/137/8 190/138/9 1098/128/1 187/139/116
f 190/138/9 189/140/11 1099/129/2 1098/128/1
f 187/139/116 1098/128/1 1103/131/115 186/141/117
f 10/142/13 191/143/14 1100/132/5 188/144/15
f 191/143/14 192/145/16 1101/133/6 1100/132/5
f 188/144/15 1100/132/5 1099/134/2 189/146/11
f 12/147/17 185/148/18 1102/135/7 193/149/19
f 185/148/18 186/150/117 1103/136/115 1102/135/7
f 193/149/19 1102/135/7 1101/133/6 192/151/16
f 1105/152/20 1106/153/21 1104/154/22 1110/155/23
f 1107/156/24 1108/157/25 1104/154/22 1106/158/21
f 1109/159/26 1110/160/23 1104/154/22 1108/161/25
f 12/147/27 199/162/28 1105/152/20 196/163/29
f 199/162/28 198/164/30 1106/153/21 1105/152/20
f 196/163/29 1105/152/20 1110/155/23 195/165/31
f 9/166/32 200/167/33 1107/156/24 197/168/34
f 200/167/33 201/169/35 1108/157/25 1107/156/24
f 197/168/34 1107/156/24 1106/158/21 198/170/30
f 11/171/36 194/172/37 1109/159/26 202/173/38
f 194/172/37 195/174/31 1110/160/23 1109/159/26
f 202/173/38 1109/159/26 1108/161/25 201/169/35
f 1112/175/39 1113/176/40 1111/177/41 1117/178/42
f 1114/179/43 1115/180/44 1111/177/41 1113/176/40
f 1116/181/45 1117/182/42 1111/177/41 1115/183/44
f 11/184/46 206/185/47 1112/175/39 203/186/48
f 206/185/47 207/187/49 1113/176/40 1112/175/39
f 203/186/48 1112/175/39 1117/178/42 204/188/50
f 14/189/51 209/190/52 1114/179/43 208/191/53
f 209/190/52 210/192/54 1115/180/44 1114/179/43
f 208/191/53 1114/179/43 1113/176/40 207/193/49
f 16/194/55 205/195/56 1116/181/45 211/196/57
f 205/195/56 204/188/50 1117/182/42 1116/181/45
f 211/196/57 1116/181/45 1115/183/44 210/197/54
f 1119/198/58 1120/199/59 1118/200/60 1124/201/61
f 1121/202/62 1122/203/63 1118/200/60 1120/199/59
f 1123/204/64 1124/205/61 1118/200/60 1122/206/63
f 16/194/65 217/207/66 1119/198/58 214/208/67
f 217/207/66 216/209/68 1120/199/59 1119/198/58
f 214/208/67 1119/198/58 1124/201/61 213/210/69
f 13/211/70 218/212/71 1121/202/62 215/213/72
f 218/212/71 219/214/73 1122/203/63 1121/202/62
f 215/213/72 1121/202/62 1120/199/59 216/215/68
f 15/137/118 212/216/75 1123/204/64 220/217/76
f 212/216/75 213/210/69 1124/205/61 1123/204/64
f 220/217/76 1123/204/64 1122/206/63 219/218/73
f 1126/219/77 1127/220/78 1125/221/79 1131/222/80
f 1128/223/81 1129/224/82 1125/221/79 1127/225/78
f 1130/226/83 1131/222/80 1125/221/79 1129/227/82
f 9/228/119 224/229/85 1126/219/77 221/230/120
f 224/229/85 225/231/87 1127/220/78 1126/219/77
f 221/230/120 1126/219/77 1131/222/80 222/232/88
f 13/211/89 227/233/90 1128/223/81 226/234/91
f 227/233/90 228/235/92 1129/224/82 1128/223/81
f 226/234/91 1128/223/81 1127/225/78 225/231/87
f 14/236/93 223/237/94 1130/226/83 229/238/121
f 223/237/94 222/239/88 1131/222/80 1130/226/83
f 229/238/121 1130/226/83 1129/227/82 228/235/92
f 1133/240/96 1134/241/97 1132/242/98 1138/243/99
f 1135/244/100 1136/245/101 1132/242/98 1134/241/97
f 1137/246/102 1138/247/99 1132/242/98 1136/248/101
f 12/211/103 230/249/104 1133/240/96 185/250/122
f 230/249/104 231/251/106 1134/241/97 1133/240/96
f 185/250/122 1133/240/96 1138/243/99 186/252/107
f 16/253/108 214/254/109 1135/244/100 232/255/110
f 214/254/109 213/256/111 1136/245/101 1135/244/100
f 232/255/110 1135/244/100 1134/241/97 231/251/106
f 15/257/112 187/258/113 1137/246/102 212/259/114
f 187/258/113 186/252/107 1138/247/99 1137/246/102
f 212/259/114 1137/246/102 1136/248/101 213/256/111
f 1140/260/123 1141/261/124 1139/262/125 1145/263/126
f 1142/264/127 1143/265/128 1139/262/125 1141/266/124
f 1144/267/129 1145/263/126 1139/262/125 1143/268/128
f 20/269/130 236/270/131 1140/260/123 235/271/132
f 236/270/131 237/272/133 1141/261/124 1140/260/123
f 235/271/132 1140/260/123 1145/263/126 234/273/134
f 21/274/135 241/275/136 1142/264/127 238/276/137
f 241/275/136 240/277/138 1143/265/128 1142/264/127
f 238/276/137 1142/264/127 1141/266/124 237/278/133
f 18/279/139 233/280/140 1144/267/129 239/281/141
f 233/280/140 234/282/134 1145/263/126 1144/267/129
f 239/281/141 1144/267/129 1143/268/128 240/277/138
f 1147/283/142 1148/284/143 1146/285/144 1152/286/145
f 1149/287/146 1150/288/147 1146/285/144 1148/289/143
f 1151/290/148 1152/286/145 1146/285/144 1150/291/147
f 19/292/149 247/293/150 1147/283/142 244/294/151
f 247/293/150 246/295/152 1148/284/143 1147/283/142
f 244/294/151 1147/283/142 1152/286/145 243/296/153
f 18/279/154 250/297/155 1149/287/146 245/298/156
f 250/297/155 249/299/157 1150/288/147 1149/287/146
f 245/298/156 1149/287/146 1148/289/143 246/300/152
f 17/301/158 242/302/159 1151/290/148 248/303/160
f 242/302/159 243/296/153 1152/286/145 1151/290/148
f 248/303/160 1151/290/148 1150/291/147 249/304/157
f 1154/305/161 1155/306/162 1153/307/163 1159/308/164
f 1156/309/165 1157/310/166 1153/307/163 1155/311/162
f 1158/312/167 1159/308/164 1153/307/163 1157/313/166
f 24/314/168 256/315/169 1154/305/161 253/316/170
f 256/315/169 255/317/171 1155/306/162 1154/305/161
f 253/316/170 1154/305/161 1159/308/164 252/318/172
f 17/319/173 257/320/174 1156/309/165 254/321/175
f 257/320/174 258/322/176 1157/310/166 1156/309/165
f 254/321/175 1156/309/165 1155/311/162 255/323/171
f 22/324/177 251/325/178 1158/312/167 259/326/179
f 251/325/178 252/327/172 1159/308/164 1158/312/167
f 259/326/179 1158/312/167 1157/313/166 258/322/176
f 1161/328/180 1162/329/181 1160/330/182 1166/331/183
f 1163/332/184 1164/333/185 1160/330/182 1162/334/181
f 1165/335/186 1166/336/183 1160/330/182 1164/333/185
f 24/314/187 265/337/188 1161/328/180 262/338/189
f 265/337/188 264/339/190 1162/329/181 1161/328/180
f 262/338/189 1161/328/180 1166/331/183 261/340/191
f 21/274/192 266/341/193 1163/332/184 263/342/194
f 266/341/193 267/343/195 1164/333/185 1163/332/184
f 263/342/194 1163/332/184 1162/334/181 264/344/190
f 23/345/196 260/346/197 1165/335/186 268/347/198
f 260/346/197 261/340/191 1166/336/183 1165/335/186
f 268/347/198 1165/335/186 1164/333/185 267/348/195
f 1168/349/199 1169/350/200 1167/351/201 1173/352/202
f 1170/353/203 1171/354/204 1167/351/201 1169/355/200
f 1172/356/205 1173/352/202 1167/351/201 1171/357/204
f 17/19/206 269/358/207 1168/349/199 257/20/208
f 269/358/207 270/359/209 1169/350/200 1168/349/199
f 257/20/208 1168/349/199 1173/352/202 258/13/210
f 21/274/211 272/360/212 1170/353/203 271/361/213
f 272/360/212 273/362/214 1171/354/204 1170/353/203
f 271/361/213 1170/353/203 1169/355/200 270/359/209
f 22/363/215 259/11/216 1172/356/205 274/364/217
f 259/11/216 258/13/210 1173/352/202 1172/356/205
f 274/364/217 1172/356/205 1171/357/204 273/362/214
f 1175/365/218 1176/366/219 1174/367/220 1180/368/221
f 1177/369/222 1178/370/223 1174/367/220 1176/366/219
f 1179/371/224 1180/368/221 1174/367/220 1178/372/223
f 20/274/225 278/373/226 1175/365/218 275/374/227
f 278/373/226 279/375/228 1176/366/219 1175/365/218
f 275/374/227 1175/365/218 1180/368/221 276/326/229
f 24/376/230 262/377/231 1177/369/222 280/378/232
f 262/377/231 261/379/233 1178/370/223 1177/369/222
f 280/378/232 1177/369/222 1176/366/219 279/380/228
f 23/381/234 277/322/235 1179/371/224 260/382/236
f 277/322/235 276/383/229 1180/368/221 1179/371/224
f 260/382/236 1179/371/224 1178/372/223 261/379/233
f 1182/384/237 1183/385/238 1181/386/239 1187/387/240
f 1184/388/241 1185/389/242 1181/386/239 1183/390/238
f 1186/391/243 1187/392/240 1181/386/239 1185/389/242
f 28/393/244 284/394/245 1182/384/237 283/395/246
f 284/394/245 285/396/247 1183/385/238 1182/384/237
f 283/395/246 1182/384/237 1187/387/240 282/397/248
f 29/398/249 289/399/250 1184/388/241 286/400/251
f 289/399/250 288/401/252 1185/389/242 1184/388/241
f 286/400/251 1184/388/241 1183/390/238 285/402/247
f 26/403/253 281/404/254 1186/391/243 287/405/255
f 281/404/254 282/406/248 1187/392/240 1186/391/243
f 287/405/255 1186/391/243 1185/389/242 288/407/252
f 1189/408/256 1190/409/257 1188/410/258 1194/411/259
f 1191/412/260 1192/413/261 1188/410/258 1190/414/257
f 1193/415/262 1194/416/259 1188/410/258 1192/417/261
f 28/393/263 295/418/264 1189/408/256 292/419/265
f 295/418/264 294/420/266 1190/409/257 1189/408/256
f 292/419/265 1189/408/256 1194/411/259 291/421/267
f 25/319/268 296/422/269 1191/412/260 293/423/270
f 296/422/269 297/424/271 1192/413/261 1191/412/260
f 293/423/270 1191/412/260 1190/414/257 294/420/266
f 27/425/272 290/426/273 1193/415/262 298/427/274
f 290/426/273 291/428/267 1194/416/259 1193/415/262
f 298/427/274 1193/415/262 1192/417/261 297/424/271
f 1196/429/275 1197/430/276 1195/431/277 1201/432/278
f 1198/433/279 1199/434/280 1195/431/277 1197/430/276
f 1200/435/281 1201/436/278 1195/431/277 1199/437/280
f 27/438/282 302/439/283 1196/429/275 299/440/284
f 302/439/283 303/441/285 1197/430/276 1196/429/275
f 299/440/284 1196/429/275 1201/432/278 300/442/286
f 30/443/287 305/444/288 1198/433/279 304/445/289
f 305/444/288 306/446/290 1199/434/280 1198/433/279
f 304/445/289 1198/433/279 1197/430/276 303/441/285
f 32/447/291 301/448/292 1200/435/281 307/449/293
f 301/448/292 300/442/286 1201/436/278 1200/435/281
f 307/449/293 1200/435/281 1199/437/280 306/450/290
f 1203/451/294 1204/452/295 1202/453/296 1208/454/297
f 1205/455/298 1206/456/299 1202/453/296 1204/457/295
f 1207/458/300 1208/459/297 1202/453/296 1206/456/299
f 32/447/301 313/460/302 1203/451/294 310/461/303
f 313/460/302 312/462/304 1204/452/295 1203/451/294
f 310/461/303 1203/451/294 1208/454/297 309/463/305
f 29/398/306 314/464/307 1205/455/298 311/465/308
f 314/464/307 315/466/309 1206/456/299 1205/455/298
f 311/465/308 1205/455/298 1204/457/295 312/462/304
f 31/467/310 308/468/311 1207/458/300 316/469/312
f 308/468/311 309/463/305 1208/459/297 1207/458/300
f 316/469/312 1207/458/300 1206/456/299 315/470/309
f 1210/471/313 1211/472/314 1209/473/315 1215/474/316
f 1212/475/317 1213/476/318 1209/473/315 1211/477/314
f 1214/478/319 1215/474/316 1209/473/315 1213/479/318
f 25/147/320 320/480/321 1210/471/313 317/148/322
f 320/480/321 321/481/323 1211/472/314 1210/471/313
f 317/148/322 1210/471/313 1215/474/316 318/150/324
f 29/398/325 323/482/326 1212/475/317 322/483/327
f 323/482/326 324/484/328 1213/476/318 1212/475/317
f 322/483/327 1212/475/317 1211/477/314 321/485/323
f 30/486/329 319/139/330 1214/478/319 325/487/331
f 319/139/330 318/141/324 1215/474/316 1214/478/319
f 325/487/331 1214/478/319 1213/479/318 324/484/328
f 1217/488/332 1218/489/333 1216/490/334 1222/491/335
f 1219/492/336 1220/493/337 1216/490/334 1218/494/333
f 1221/495/338 1222/491/335 1216/490/334 1220/496/337
f 31/497/339 328/498/340 1217/488/332 308/499/341
f 328/498/340 327/500/342 1218/489/333 1217/488/332
f 308/499/341 1217/488/332 1222/491/335 309/501/343
f 27/137/344 299/502/345 1219/492/336 326/503/346
f 299/502/345 300/195/347 1220/493/337 1219/492/336
f 326/503/346 1219/492/336 1218/494/333 327/504/342
f 32/186/348 310/505/349 1221/495/338 301/188/350
f 310/505/349 309/501/343 1222/491/335 1221/495/338
f 301/188/350 1221/495/338 1220/496/337 300/195/347
f 1224/506/351 1225/507/352 1223/508/353 1229/509/354
f 1226/510/355 1227/511/356 1223/508/353 1225/512/352
f 1228/513/357 1229/514/354 1223/508/353 1227/515/356
f 39/516/358 334/517/359 1224/506/351 331/518/360
f 334/517/359 333/519/11 1225/507/352 1224/506/351
f 331/518/360 1224/506/351 1229/509/354 330/520/361
f 34/521/362 335/522/363 1226/510/355 332/523/364
f 335/522/363 336/524/365 1227/511/356 1226/510/355
f 332/523/364 1226/510/355 1225/512/352 333/525/11
f 36/526/366 329/527/367 1228/513/357 337/528/368
f 329/527/367 330/520/361 1229/514/354 1228/513/357
f 337/528/368 1228/513/357 1227/515/356 336/529/365
f 1231/530/369 1232/531/370 1230/532/371 1236/533/372
f 1233/534/373 1234/535/374 1230/532/371 1232/536/370
f 1235/537/375 1236/538/372 1230/532/371 1234/539/374
f 36/526/376 343/540/377 1231/530/369 340/541/378
f 343/540/377 342/542/30 1232/531/370 1231/530/369
f 340/541/378 1231/530/369 1236/533/372 339/543/379
f 33/544/380 344/545/381 1233/534/373 341/546/382
f 344/545/381 345/547/383 1234/535/374 1233/534/373
f 341/546/382 1233/534/373 1232/536/370 342/548/30
f 35/549/384 338/550/385 1235/537/375 346/551/386
f 338/550/385 339/543/379 1236/538/372 1235/537/375
f 346/551/386 1235/537/375 1234/539/374 345/547/383
f 1238/552/387 1239/553/388 1237/554/389 1243/555/390
f 1240/556/391 1241/557/392 1237/554/389 1239/558/388
f 1242/559/393 1243/555/390 1237/554/389 1241/557/392
f 35/560/394 350/561/395 1238/552/387 347/562/396
f 350/561/395 351/563/49 1239/553/388 1238/552/387
f 347/562/396 1238/552/387 1243/555/390 348/103/397
f 38/564/398 353/565/399 1240/556/391 352/566/400
f 353/565/399 354/567/401 1241/557/392 1240/556/391
f 352/566/400 1240/556/391 1239/558/388 351/568/49
f 40/569/402 349/570/403 1242/559/393 355/571/404
f 349/570/403 348/103/397 1243/555/390 1242/559/393
f 355/571/404 1242/559/393 1241/557/392 354/572/401
f 1245/573/405 1246/574/406 1244/575/407 1250/576/408
f 1247/577/409 1248/578/410 1244/575/407 1246/579/406
f 1249/580/411 1250/581/408 1244/575/407 1248/578/410
f 40/569/412 361/582/413 1245/573/405 358/583/414
f 361/582/413 360/584/68 1246/574/406 1245/573/405
f 358/583/414 1245/573/405 1250/576/408 357/585/415
f 37/586/416 362/587/417 1247/577/409 359/588/418
f 362/587/417 363/589/419 1248/578/410 1247/577/409
f 359/588/418 1247/577/409 1246/579/406 360/590/68
f 39/516/420 356/591/421 1249/580/411 364/592/422
f 356/591/421 357/593/415 1250/581/408 1249/580/411
f 364/592/422 1249/580/411 1248/578/410 363/589/419
f 1252/594/423 1253/595/424 1251/596/425 1257/597/426
f 1254/598/427 1255/599/428 1251/596/425 1253/600/424
f 1256/601/429 1257/602/426 1251/596/425 1255/603/428
f 33/604/430 368/605/431 1252/594/423 365/606/432
f 368/605/431 369/607/87 1253/595/424 1252/594/423
f 365/606/432 1252/594/423 1257/597/426 366/608/433
f 37/586/434 371/609/435 1254/598/427 370/610/436
f 371/609/435 372/611/437 1255/599/428 1254/598/427
f 370/610/436 1254/598/427 1253/600/424 369/612/87
f 38/613/438 367/614/439 1256/601/429 373/615/440
f 367/614/439 366/608/433 1257/602/426 1256/601/429
f 373/615/440 1256/601/429 1255/603/428 372/611/437
f 1259/616/441 1260/617/442 1258/618/443 1264/619/444
f 1261/620/445 1262/621/446 1258/618/443 1260/622/442
f 1263/623/447 1264/624/444 1258/618/443 1262/625/446
f 36/586/448 374/626/449 1259/616/441 329/627/450
f 374/626/449 375/628/106 1260/617/442 1259/616/441
f 329/627/450 1259/616/441 1264/619/444 330/629/451
f 40/630/452 358/631/453 1261/620/445 376/632/454
f 358/631/453 357/633/455 1262/621/446 1261/620/445
f 376/632/454 1261/620/445 1260/622/442 375/634/106
f 39/635/456 331/636/457 1263/623/447 356/637/458
f 331/636/457 330/629/451 1264/624/444 1263/623/447
f 356/637/458 1263/623/447 1262/625/446 357/633/455
f 1266/638/459 1267/639/460 1265/640/461 1271/641/462
f 1268/642/463 1269/643/464 1265/640/461 1267/639/460
f 1270/644/465 1271/645/462 1265/640/461 1269/646/464
f 47/647/466 382/648/467 1266/638/459 379/649/468
f 382/648/467 381/650/11 1267/639/460 1266/638/459
f 379/649/468 1266/638/459 1271/641/462 378/651/469
f 42/652/470 383/653/471 1268/642/463 380/654/472
f 383/653/471 384/655/473 1269/643/464 1268/642/463
f 380/654/472 1268/642/463 1267/639/460 381/656/11
f 44/657/474 377/658/475 1270/644/465 385/659/476
f 377/658/475 378/651/469 1271/645/462 1270/644/465
f 385/659/476 1270/644/465 1269/646/464 384/660/473
f 1273/661/477 1274/662/478 1272/663/479 1278/664/480
f 1275/665/481 1276/666/482 1272/663/479 1274/667/478
f 1277/668/483 1278/669/480 1272/663/479 1276/666/482
f 44/657/484 391/670/485 1273/661/477 388/671/486
f 391/670/485 390/672/30 1274/662/478 1273/661/477
f 388/671/486 1273/661/477 1278/664/480 387/673/487
f 41/674/488 392/675/489 1275/665/481 389/676/490
f 392/675/489 393/677/491 1276/666/482 1275/665/481
f 389/676/490 1275/665/481 1274/667/478 390/678/30
f 43/679/492 386/680/493 1277/668/483 394/681/494
f 386/680/493 387/673/487 1278/669/480 1277/668/483
f 394/681/494 1277/668/483 1276/666/482 393/677/491
f 1280/682/495 1281/683/496 1279/684/497 1285/685/498
f 1282/686/499 1283/687/500 1279/684/497 1281/688/496
f 1284/689/501 1285/690/498 1279/684/497 1283/691/500
f 43/692/502 398/693/503 1280/682/495 395/694/504
f 398/693/503 399/695/49 1281/683/496 1280/682/495
f 395/694/504 1280/682/495 1285/685/498 396/696/505
f 46/697/506 401/698/507 1282/686/499 400/699/508
f 401/698/507 402/700/509 1283/687/500 1282/686/499
f 400/699/508 1282/686/499 1281/688/496 399/701/49
f 48/702/510 397/703/511 1284/689/501 403/704/512
f 397/703/511 396/696/505 1285/690/498 1284/689/501
f 403/704/512 1284/689/501 1283/691/500 402/705/509
f 1287/706/513 1288/707/514 1286/708/515 1292/709/516
f 1289/710/517 1290/711/518 1286/708/515 1288/712/514
f 1291/713/519 1292/714/516 1286/708/515 1290/711/518
f 48/702/520 409/715/521 1287/706/513 406/716/522
f 409/715/521 408/717/68 1288/707/514 1287/706/513
f 406/716/522 1287/706/513 1292/709/516 405/718/523
f 45/719/524 410/720/525 1289/710/517 407/721/526
f 410/720/525 411/722/527 1290/711/518 1289/710/517
f 407/721/526 1289/710/517 1288/712/514 408/723/68
f 47/647/528 404/724/529 1291/713/519 412/725/530
f 404/724/529 405/718/523 1292/714/516 1291/713/519
f 412/725/530 1291/713/519 1290/711/518 411/726/527
f 1294/727/531 1295/728/532 1293/729/533 1299/730/534
f 1296/731/535 1297/732/536 1293/729/533 1295/733/532
f 1298/734/537 1299/735/534 1293/729/533 1297/736/536
f 41/737/538 416/738/539 1294/727/531 413/739/540
f 416/738/539 417/740/87 1295/728/532 1294/727/531
f 413/739/540 1294/727/531 1299/730/534 414/741/541
f 45/719/542 419/742/543 1296/731/535 418/743/544
f 419/742/543 420/744/545 1297/732/536 1296/731/535
f 418/743/544 1296/731/535 1295/733/532 417/745/87
f 46/746/546 415/747/547 1298/734/537 421/748/548
f 415/747/547 414/741/541 1299/735/534 1298/734/537
f 421/748/548 1298/734/537 1297/736/536 420/744/545
f 1301/749/549 1302/750/550 1300/751/551 1306/752/552
f 1303/753/553 1304/754/554 1300/751/551 1302/755/550
f 1305/756/555 1306/757/552 1300/751/551 1304/754/554
f 44/719/556 422/758/557 1301/749/549 377/759/558
f 422/758/557 423/760/106 1302/750/550 1301/749/549
f 377/759/558 1301/749/549 1306/752/552 378/761/559
f 48/762/560 406/763/561 1303/753/553 424/764/562
f 406/763/561 405/765/563 1304/754/554 1303/753/553
f 424/764/562 1303/753/553 1302/755/550 423/766/106
f 47/767/564 379/768/565 1305/756/555 404/769/566
f 379/768/565 378/761/559 1306/757/552 1305/756/555
f 404/769/566 1305/756/555 1304/754/554 405/765/563
f 1308/770/567 1309/771/568 1307/772/569 1313/773/570
f 1310/774/571 1311/775/572 1307/772/569 1309/776/568
f 1312/777/573 1313/778/570 1307/772/569 1311/779/572
f 55/780/574 430/781/575 1308/770/567 427/782/576
f 430/781/575 429/783/11 1309/771/568 1308/770/567
f 427/782/576 1308/770/567 1313/773/570 426/784/577
f 50/785/578 431/786/579 1310/774/571 428/787/580
f 431/786/579 432/788/581 1311/775/572 1310/774/571
f 428/787/580 1310/774/571 1309/776/568 429/789/11
f 52/790/582 425/791/583 1312/777/573 433/792/584
f 425/791/583 426/784/577 1313/778/570 1312/777/573
f 433/792/584 1312/777/573 1311/779/572 432/793/581
f 1315/794/585 1316/795/586 1314/796/587 1320/797/588
f 1317/798/589 1318/799/590 1314/796/587 1316/795/586
f 1319/800/591 1320/801/588 1314/796/587 1318/799/590
f 52/790/592 439/802/593 1315/794/585 436/803/594
f 439/802/593 438/804/30 1316/795/586 1315/794/585
f 436/803/594 1315/794/585 1320/797/588 435/805/595
f 49/806/596 440/807/597 1317/798/589 437/808/598
f 440/807/597 441/809/599 1318/799/590 1317/798/589
f 437/808/598 1317/798/589 1316/795/586 438/810/30
f 51/811/600 434/812/601 1319/800/591 442/813/602
f 434/812/601 435/805/595 1320/801/588 1319/800/591
f 442/813/602 1319/800/591 1318/799/590 441/809/599
f 1322/814/603 1323/815/604 1321/816/605 1327/817/606
f 1324/818/607 1325/819/608 1321/816/605 1323/815/604
f 1326/820/609 1327/821/606 1321/816/605 1325/822/608
f 51/823/610 446/824/611 1322/814/603 443/825/612
f 446/824/611 447/826/49 1323/815/604 1322/814/603
f 443/825/612 1322/814/603 1327/817/606 444/827/613
f 54/828/614 449/829/615 1324/818/607 448/830/616
f 449/829/615 450/831/617 1325/819/608 1324/818/607
f 448/830/616 1324/818/607 1323/815/604 447/832/49
f 56/833/618 445/834/619 1326/820/609 451/835/620
f 445/834/619 444/827/613 1327/821/606 1326/820/609
f 451/835/620 1326/820/609 1325/822/608 450/836/617
f 1329/837/621 1330/838/622 1328/839/623 1334/840/624
f 1331/841/625 1332/842/626 1328/839/623 1330/843/622
f 1333/844/627 1334/845/624 1328/839/623 1332/846/626
f 56/833/628 457/847/629 1329/837/621 454/848/630
f 457/847/629 456/849/68 1330/838/622 1329/837/621
f 454/848/630 1329/837/621 1334/840/624 453/850/631
f 53/851/632 458/852/633 1331/841/625 455/853/634
f 458/852/633 459/854/635 1332/842/626 1331/841/625
f 455/853/634 1331/841/625 1330/843/622 456/855/68
f 55/780/636 452/856/637 1333/844/627 460/857/638
f 452/856/637 453/850/631 1334/845/624 1333/844/627
f 460/857/638 1333/844/627 1332/846/626 459/854/635
f 1336/858/639 1337/859/640 1335/860/641 1341/861/642
f 1338/862/643 1339/863/644 1335/860/641 1337/864/640
f 1340/865/645 1341/861/642 1335/860/641 1339/866/644
f 49/867/646 464/868/647 1336/858/639 461/869/648
f 464/868/647 465/870/87 1337/859/640 1336/858/639
f 461/869/648 1336/858/639 1341/861/642 462/871/649
f 53/851/650 467/872/651 1338/862/643 466/873/652
f 467/872/651 468/874/653 1339/863/644 1338/862/643
f 466/873/652 1338/862/643 1337/864/640 465/870/87
f 54/875/654 463/876/655 1340/865/645 469/877/656
f 463/876/655 462/871/649 1341/861/642 1340/865/645
f 469/877/656 1340/865/645 1339/866/644 468/874/653
f 1343/878/657 1344/879/658 1342/880/659 1348/881/660
f 1345/882/661 1346/883/662 1342/880/659 1344/884/658
f 1347/885/663 1348/881/660 1342/880/659 1346/886/662
f 52/851/664 470/887/665 1343/878/657 425/888/666
f 470/887/665 471/889/106 1344/879/658 1343/878/657
f 425/888/666 1343/878/657 1348/881/660 426/890/667
f 56/891/668 454/892/669 1345/882/661 472/893/670
f 454/892/669 453/894/671 1346/883/662 1345/882/661
f 472/893/670 1345/882/661 1344/884/658 471/889/106
f 55/895/672 427/896/673 1347/885/663 452/897/674
f 427/896/673 426/898/667 1348/881/660 1347/885/663
f 452/897/674 1347/885/663 1346/886/662 453/894/671
f 1350/899/675 1351/900/676 1349/901/677 1355/902/678
f 1352/903/679 1353/904/680 1349/901/677 1351/905/676
f 1354/906/681 1355/907/678 1349/901/677 1353/904/680
f 63/908/682 478/909/683 1350/899/675 475/910/684
f 478/909/683 477/911/685 1351/900/676 1350/899/675
f 475/910/684 1350/899/675 1355/902/678 474/912/686
f 58/913/687 479/914/688 1352/903/679 476/915/689
f 479/914/688 480/916/690 1353/904/680 1352/903/679
f 476/915/689 1352/903/679 1351/905/676 477/917/685
f 60/918/691 473/919/692 1354/906/681 481/920/693
f 473/919/692 474/912/686 1355/907/678 1354/906/681
f 481/920/693 1354/906/681 1353/904/680 480/921/690
f 1357/922/694 1358/923/695 1356/924/696 1362/925/697
f 1359/926/698 1360/927/699 1356/924/696 1358/928/695
f 1361/929/700 1362/930/697 1356/924/696 1360/931/699
f 60/918/701 487/932/702 1357/922/694 484/933/703
f 487/932/702 486/934/30 1358/923/695 1357/922/694
f 484/933/703 1357/922/694 1362/925/697 483/935/704
f 57/936/705 488/937/706 1359/926/698 485/938/707
f 488/937/706 489/939/708 1360/927/699 1359/926/698
f 485/938/707 1359/926/698 1358/928/695 486/940/30
f 59/941/709 482/942/710 1361/929/700 490/943/711
f 482/942/710 483/935/704 1362/930/697 1361/929/700
f 490/943/711 1361/929/700 1360/931/699 489/939/708
f 1364/944/712 1365/945/713 1363/946/714 1369/947/715
f 1366/948/716 1367/949/717 1363/946/714 1365/945/713
f 1368/950/718 1369/951/715 1363/946/714 1367/952/717
f 59/953/719 494/954/720 1364/944/712 491/955/721
f 494/954/720 495/956/722 1365/945/713 1364/944/712
f 491/955/721 1364/944/712 1369/947/715 492/957/723
f 62/958/724 497/959/725 1366/948/716 496/960/726
f 497/959/725 498/961/727 1367/949/717 1366/948/716
f 496/960/726 1366/948/716 1365/945/713 495/956/722
f 64/962/728 493/963/729 1368/950/718 499/964/730
f 493/963/729 492/957/723 1369/951/715 1368/950/718
f 499/964/730 1368/950/718 1367/952/717 498/961/727
f 1371/965/731 1372/966/732 1370/967/733 1376/968/734
f 1373/969/735 1374/970/736 1370/967/733 1372/971/732
f 1375/972/737 1376/968/734 1370/967/733 1374/973/736
f 63/908/738 505/974/739 1371/965/731 502/975/740
f 505/974/739 504/976/68 1372/966/732 1371/965/731
f 502/975/740 1371/965/731 1376/968/734 501/977/741
f 62/958/742 508/978/743 1373/969/735 503/979/744
f 508/978/743 507/980/745 1374/970/736 1373/969/735
f 503/979/744 1373/969/735 1372/971/732 504/981/68
f 61/982/746 500/983/747 1375/972/737 506/984/748
f 500/983/747 501/977/741 1376/968/734 1375/972/737
f 506/984/748 1375/972/737 1374/973/736 507/980/745
f 1378/985/749 1379/986/750 1377/987/751 1383/988/752
f 1380/989/753 1381/990/754 1377/987/751 1379/991/750
f 1382/992/755 1383/993/752 1377/987/751 1381/994/754
f 57/995/756 512/996/757 1378/985/749 509/997/758
f 512/996/757 513/998/759 1379/986/750 1378/985/749
f 509/997/758 1378/985/749 1383/988/752 510/999/760
f 61/982/761 506/1000/762 1380/989/753 514/1001/763
f 506/1000/762 507/1002/764 1381/990/754 1380/989/753
f 514/1001/763 1380/989/753 1379/991/750 513/1003/759
f 62/1004/765 511/1005/766 1382/992/755 508/1006/767
f 511/1005/766 510/999/760 1383/993/752 1382/992/755
f 508/1006/767 1382/992/755 1381/994/754 507/1002/764
f 1385/1007/768 1386/1008/769 1384/1009/770 1390/1010/771
f 1387/1011/772 1388/1012/773 1384/1009/770 1386/1013/769
f 1389/1014/774 1390/1015/771 1384/1009/770 1388/1016/773
f 60/982/775 515/1017/776 1385/1007/768 473/984/777
f 515/1017/776 516/1018/778 1386/1008/769 1385/1007/768
f 473/984/777 1385/1007/768 1390/1010/771 474/980/779
f 64/1019/780 520/1020/781 1387/1011/772 517/1021/782
f 520/1020/781 519/1022/783 1388/1012/773 1387/1011/772
f 517/1021/782 1387/1011/772 1386/1013/769 516/1023/778
f 63/1024/784 475/978/785 1389/1014/774 518/1025/786
f 475/978/785 474/980/779 1390/1015/771 1389/1014/774
f 518/1025/786 1389/1014/774 1388/1016/773 519/1022/783
f 1392/1026/787 1393/1027/788 1391/1028/789 1397/1029/790
f 1394/1030/791 1395/1031/792 1391/1028/789 1393/1027/788
f 1396/1032/793 1397/1033/790 1391/1028/789 1395/1034/792
f 71/1035/794 526/1036/795 1392/1026/787 523/1037/796
f 526/1036/795 525/1038/797 1393/1027/788 1392/1026/787
f 523/1037/796 1392/1026/787 1397/1029/790 522/1039/798
f 66/982/799 527/1040/800 1394/1030/791 524/1041/801
f 527/1040/800 528/1042/802 1395/1031/792 1394/1030/791
f 524/1041/801 1394/1030/791 1393/1027/788 525/1043/797
f 68/1044/803 521/1045/804 1396/1032/793 529/1046/805
f 521/1045/804 522/1039/798 1397/1033/790 1396/1032/793
f 529/1046/805 1396/1032/793 1395/1034/792 528/1042/802
f 1399/1047/806 1400/1048/807 1398/1049/808 1404/1050/809
f 1401/1051/810 1402/1052/811 1398/1049/808 1400/1053/807
f 1403/1054/812 1404/1055/809 1398/1049/808 1402/1056/811
f 68/1044/813 535/1057/814 1399/1047/806 532/1058/815
f 535/1057/814 534/1059/30 1400/1048/807 1399/1047/806
f 532/1058/815 1399/1047/806 1404/1050/809 531/1060/816
f 65/913/817 536/1061/818 1401/1051/810 533/1062/819
f 536/1061/818 537/1063/820 1402/1052/811 1401/1051/810
f 533/1062/819 1401/1051/810 1400/1053/807 534/1064/30
f 67/1065/821 530/1066/822 1403/1054/812 538/1067/823
f 530/1066/822 531/1060/816 1404/1055/809 1403/1054/812
f 538/1067/823 1403/1054/812 1402/1056/811 537/1063/820
f 1406/1068/824 1407/1069/825 1405/1070/826 1411/1071/827
f 1408/1072/828 1409/1073/829 1405/1070/826 1407/1074/825
f 1410/1075/830 1411/1076/827 1405/1070/826 1409/1077/829
f 67/1078/831 542/1079/832 1406/1068/824 539/1080/833
f 542/1079/832 543/1081/834 1407/1069/825 1406/1068/824
f 539/1080/833 1406/1068/824 1411/1071/827 540/1082/835
f 70/1083/836 545/1084/837 1408/1072/828 544/1085/838
f 545/1084/837 546/1086/839 1409/1073/829 1408/1072/828
f 544/1085/838 1408/1072/828 1407/1074/825 543/1087/834
f 72/1088/840 541/1089/841 1410/1075/830 547/1090/842
f 541/1089/841 540/1082/835 1411/1076/827 1410/1075/830
f 547/1090/842 1410/1075/830 1409/1077/829 546/1091/839
f 1413/1092/843 1414/1093/844 1412/1094/845 1418/1095/846
f 1415/1096/847 1416/1097/848 1412/1094/845 1414/1098/844
f 1417/1099/849 1418/1100/846 1412/1094/845 1416/1101/848
f 71/1035/850 553/1102/851 1413/1092/843 550/1103/852
f 553/1102/851 552/1104/68 1414/1093/844 1413/1092/843
f 550/1103/852 1413/1092/843 1418/1095/846 549/1105/853
f 70/1083/854 556/1106/855 1415/1096/847 551/1107/856
f 556/1106/855 555/1108/857 1416/1097/848 1415/1096/847
f 551/1107/856 1415/1096/847 1414/1098/844 552/1109/68
f 69/1110/858 548/1111/859 1417/1099/849 554/1112/860
f 548/1111/859 549/1105/853 1418/1100/846 1417/1099/849
f 554/1112/860 1417/1099/849 1416/1101/848 555/1108/857
f 1420/1113/861 1421/1114/862 1419/1115/863 1425/1116/864
f 1422/1117/865 1423/1118/866 1419/1115/863 1421/1114/862
f 1424/1119/867 1425/1120/864 1419/1115/863 1423/1121/866
f 65/1122/868 560/1123/869 1420/1113/861 557/1124/870
f 560/1123/869 561/1125/871 1421/1114/862 1420/1113/861
f 557/1124/870 1420/1113/861 1425/1116/864 558/1126/872
f 69/1110/873 554/1127/874 1422/1117/865 562/1128/875
f 554/1127/874 555/1129/876 1423/1118/866 1422/1117/865
f 562/1128/875 1422/1117/865 1421/1114/862 561/1130/871
f 70/1131/877 559/1132/878 1424/1119/867 556/1133/879
f 559/1132/878 558/1126/872 1425/1120/864 1424/1119/867
f 556/1133/879 1424/1119/867 1423/1121/866 555/1129/876
f 1427/1134/880 1428/1135/881 1426/1136/882 1432/1137/883
f 1429/1138/884 1430/1139/885 1426/1136/882 1428/1135/881
f 1431/1140/886 1432/1141/883 1426/1136/882 1430/1142/885
f 68/1110/887 563/1143/888 1427/1134/880 521/1144/889
f 563/1143/888 564/1145/890 1428/1135/881 1427/1134/880
f 521/1144/889 1427/1134/880 1432/1137/883 522/1146/891
f 72/1147/892 568/1148/893 1429/1138/884 565/1149/894
f 568/1148/893 567/1150/895 1430/1139/885 1429/1138/884
f 565/1149/894 1429/1138/884 1428/1135/881 564/1151/890
f 71/1152/896 523/1153/897 1431/1140/886 566/1154/898
f 523/1153/897 522/1146/891 1432/1141/883 1431/1140/886
f 566/1154/898 1431/1140/886 1430/1142/885 567/1150/895
f 1434/1026/899 1435/1027/900 1433/1028/901 1439/1029/902
f 1436/1030/903 1437/1031/904 1433/1028/901 1435/1027/900
f 1438/1032/905 1439/1033/902 1433/1028/901 1437/1034/904
f 79/1035/906 574/1036/907 1434/1026/899 571/1037/908
f 574/1036/907 573/1038/909 1435/1027/900 1434/1026/899
f 571/1037/908 1434/1026/899 1439/1029/902 570/1039/910
f 74/982/911 575/1040/912 1436/1030/903 572/1041/913
f 575/1040/912 576/1042/914 1437/1031/904 1436/1030/903
f 572/1041/913 1436/1030/903 1435/1027/900 573/1043/909
f 76/1044/915 569/1045/916 1438/1032/905 577/1046/917
f 569/1045/916 570/1039/910 1439/1033/902 1438/1032/905
f 577/1046/917 1438/1032/905 1437/1034/904 576/1042/914
f 1441/1047/918 1442/1048/919 1440/1049/920 1446/1050/921
f 1443/1051/922 1444/1052/923 1440/1049/920 1442/1053/919
f 1445/1054/924 1446/1055/921 1440/1049/920 1444/1056/923
f 76/1044/925 583/1057/926 1441/1047/918 580/1058/927
f 583/1057/926 582/1059/30 1442/1048/919 1441/1047/918
f 580/1058/927 1441/1047/918 1446/1050/921 579/1060/928
f 73/913/929 584/1061/930 1443/1051/922 581/1062/931
f 584/1061/930 585/1063/932 1444/1052/923 1443/1051/922
f 581/1062/931 1443/1051/922 1442/1053/919 582/1064/30
f 75/1065/933 578/1066/934 1445/1054/924 586/1067/935
f 578/1066/934 579/1060/928 1446/1055/921 1445/1054/924
f 586/1067/935 1445/1054/924 1444/1056/923 585/1063/932
f 1448/1068/936 1449/1069/937 1447/1070/938 1453/1071/939
f 1450/1072/940 1451/1073/941 1447/1070/938 1449/1074/937
f 1452/1075/942 1453/1076/939 1447/1070/938 1451/1077/941
f 75/1078/943 590/1079/944 1448/1068/936 587/1080/945
f 590/1079/944 591/1081/946 1449/1069/937 1448/1068/936
f 587/1080/945 1448/1068/936 1453/1071/939 588/1082/947
f 78/1083/948 593/1084/949 1450/1072/940 592/1085/950
f 593/1084/949 594/1086/951 1451/1073/941 1450/1072/940
f 592/1085/950 1450/1072/940 1449/1074/937 591/1087/946
f 80/1088/952 589/1089/953 1452/1075/942 595/1090/954
f 589/1089/953 588/1082/947 1453/1076/939 1452/1075/942
f 595/1090/954 1452/1075/942 1451/1077/941 594/1091/951
f 1455/1092/955 1456/1093/956 1454/1094/957 1460/1095/958
f 1457/1096/959 1458/1097/960 1454/1094/957 1456/1098/956
f 1459/1099/961 1460/1100/958 1454/1094/957 1458/1101/960
f 79/1035/962 601/1102/963 1455/1092/955 598/1103/964
f 601/1102/963 600/1104/68 1456/1093/956 1455/1092/955
f 598/1103/964 1455/1092/955 1460/1095/958 597/1105/965
f 78/1083/966 604/1106/967 1457/1096/959 599/1107/968
f 604/1106/967 603/1108/969 1458/1097/960 1457/1096/959
f 599/1107/968 1457/1096/959 1456/1098/956 600/1109/68
f 77/1110/970 596/1111/971 1459/1099/961 602/1112/972
f 596/1111/971 597/1105/965 1460/1100/958 1459/1099/961
f 602/1112/972 1459/1099/961 1458/1101/960 603/1108/969
f 1462/1113/973 1463/1114/974 1461/1115/975 1467/1116/976
f 1464/1117/977 1465/1118/978 1461/1115/975 1463/1114/974
f 1466/1119/979 1467/1120/976 1461/1115/975 1465/1121/978
f 73/1122/980 608/1123/981 1462/1113/973 605/1124/982
f 608/1123/981 609/1125/983 1463/1114/974 1462/1113/973
f 605/1124/982 1462/1113/973 1467/1116/976 606/1126/984
f 77/1110/985 602/1127/986 1464/1117/977 610/1128/987
f 602/1127/986 603/1129/988 1465/1118/978 1464/1117/977
f 610/1128/987 1464/1117/977 1463/1114/974 609/1130/983
f 78/1131/989 607/1132/990 1466/1119/979 604/1133/991
f 607/1132/990 606/1126/984 1467/1120/976 1466/1119/979
f 604/1133/991 1466/1119/979 1465/1121/978 603/1129/988
f 1469/1134/992 1470/1135/993 1468/1136/994 1474/1137/995
f 1471/1138/996 1472/1139/997 1468/1136/994 1470/1135/993
f 1473/1140/998 1474/1141/995 1468/1136/994 1472/1142/997
f 76/1110/999 611/1143/1000 1469/1134/992 569/1144/1001
f 611/1143/1000 612/1145/1002 1470/1135/993 1469/1134/992
f 569/1144/1001 1469/1134/992 1474/1137/995 570/1146/1003
f 80/1147/1004 616/1148/1005 1471/1138/996 613/1149/1006
f 616/1148/1005 615/1150/1007 1472/1139/997 1471/1138/996
f 613/1149/1006 1471/1138/996 1470/1135/993 612/1151/1002
f 79/1152/1008 571/1153/1009 1473/1140/998 614/1154/1010
f 571/1153/1009 570/1146/1003 1474/1141/995 1473/1140/998
f 614/1154/1010 1473/1140/998 1472/1142/997 615/1150/1007
f 1476/899/1011 1477/900/1012 1475/901/1013 1481/902/1014
f 1478/903/1015 1479/904/1016 1475/901/1013 1477/905/1012
f 1480/906/1017 1481/907/1014 1475/901/1013 1479/904/1016
f 87/908/1018 622/909/1019 1476/899/1011 619/910/1020
f 622/909/1019 621/911/1021 1477/900/1012 1476/899/1011
f 619/910/1020 1476/899/1011 1481/902/1014 618/912/1022
f 82/913/1023 623/914/1024 1478/903/1015 620/915/1025
f 623/914/1024 624/916/1026 1479/904/1016 1478/903/1015
f 620/915/1025 1478/903/1015 1477/905/1012 621/917/1021
f 84/918/1027 617/919/1028 1480/906/1017 625/920/1029
f 617/919/1028 618/912/1022 1481/907/1014 1480/906/1017
f 625/920/1029 1480/906/1017 1479/904/1016 624/921/1026
f 1483/922/1030 1484/923/1031 1482/924/1032 1488/925/1033
f 1485/926/1034 1486/927/1035 1482/924/1032 1484/928/1031
f 1487/929/1036 1488/930/1033 1482/924/1032 1486/931/1035
f 84/918/1037 631/932/1038 1483/922/1030 628/933/1039
f 631/932/1038 630/934/30 1484/923/1031 1483/922/1030
f 628/933/1039 1483/922/1030 1488/925/1033 627/935/1040
f 81/936/1041 632/937/1042 1485/926/1034 629/938/1043
f 632/937/1042 633/939/1044 1486/927/1035 1485/926/1034
f 629/938/1043 1485/926/1034 1484/928/1031 630/940/30
f 83/941/1045 626/942/1046 1487/929/1036 634/943/1047
f 626/942/1046 627/935/1040 1488/930/1033 1487/929/1036
f 634/943/1047 1487/929/1036 1486/931/1035 633/939/1044
f 1490/944/1048 1491/945/1049 1489/946/1050 1495/947/1051
f 1492/948/1052 1493/949/1053 1489/946/1050 1491/945/1049
f 1494/950/1054 1495/951/1051 1489/946/1050 1493/952/1053
f 83/953/1055 638/954/1056 1490/944/1048 635/955/1057
f 638/954/1056 639/956/1058 1491/945/1049 1490/944/1048
f 635/955/1057 1490/944/1048 1495/947/1051 636/957/1059
f 86/958/1060 641/959/1061 1492/948/1052 640/960/1062
f 641/959/1061 642/961/1063 1493/949/1053 1492/948/1052
f 640/960/1062 1492/948/1052 1491/945/1049 639/956/1058
f 88/962/1064 637/963/1065 1494/950/1054 643/964/1066
f 637/963/1065 636/957/1059 1495/951/1051 1494/950/1054
f 643/964/1066 1494/950/1054 1493/952/1053 642/961/1063
f 1497/965/1067 1498/966/1068 1496/967/1069 1502/968/1070
f 1499/969/1071 1500/970/1072 1496/967/1069 1498/971/1068
f 1501/972/1073 1502/968/1070 1496/967/1069 1500/973/1072
f 87/908/1074 649/974/1075 1497/965/1067 646/975/1076
f 649/974/1075 648/976/68 1498/966/1068 1497/965/1067
f 646/975/1076 1497/965/1067 1502/968/1070 645/977/1077
f 86/958/1078 652/978/1079 1499/969/1071 647/979/1080
f 652/978/1079 651/980/1081 1500/970/1072 1499/969/1071
f 647/979/1080 1499/969/1071 1498/971/1068 648/981/68
f 85/982/1082 644/983/1083 1501/972/1073 650/984/1084
f 644/983/1083 645/977/1077 1502/968/1070 1501/972/1073
f 650/984/1084 1501/972/1073 1500/973/1072 651/980/1081
f 1504/985/1085 1505/986/1086 1503/987/1087 1509/988/1088
f 1506/989/1089 1507/990/1090 1503/987/1087 1505/991/1086
f 1508/992/1091 1509/993/1088 1503/987/1087 1507/994/1090
f 81/995/1092 656/996/1093 1504/985/1085 653/997/1094
f 656/996/1093 657/998/1095 1505/986/1086 1504/985/1085
f 653/997/1094 1504/985/1085 1509/988/1088 654/999/1096
f 85/982/1097 650/1000/1098 1506/989/1089 658/1001/1099
f 650/1000/1098 651/1002/1100 1507/990/1090 1506/989/1089
f 658/1001/1099 1506/989/1089 1505/991/1086 657/1003/1095
f 86/1004/1101 655/1005/1102 1508/992/1091 652/1006/1103
f 655/1005/1102 654/999/1096 1509/993/1088 1508/992/1091
f 652/1006/1103 1508/992/1091 1507/994/1090 651/1002/1100
f 1511/1007/1104 1512/1008/1105 1510/1009/1106 1516/1010/1107
f 1513/1011/1108 1514/1012/1109 1510/1009/1106 1512/1013/1105
f 1515/1014/1110 1516/1015/1107 1510/1009/1106 1514/1016/1109
f 84/982/1111 659/1017/1112 1511/1007/1104 617/984/1113
f 659/1017/1112 660/1018/1114 1512/1008/1105 1511/1007/1104
f 617/984/1113 1511/1007/1104 1516/1010/1107 618/980/1115
f 88/1019/1116 664/1020/1117 1513/1011/1108 661/1021/1118
f 664/1020/1117 663/1022/1119 1514/1012/1109 1513/1011/1108
f 661/1021/1118 1513/1011/1108 1512/1013/1105 660/1023/1114
f 87/1024/1120 619/978/1121 1515/1014/1110 662/1025/1122
f 619/978/1121 618/980/1115 1516/1015/1107 1515/1014/1110
f 662/1025/1122 1515/1014/1110 1514/1016/1109 663/1022/1119
f 1518/1155/1123 1519/1156/1124 1517/1157/1125 1523/1158/1126
f 1520/1159/1127 1521/1160/1128 1517/1157/1125 1519/1161/1124
f 1522/1162/1129 1523/1163/1126 1517/1157/1125 1521/1160/1128
f 95/1164/1130 670/1165/1131 1518/1155/1123 667/1166/1132
f 670/1165/1131 669/1167/1133 1519/1156/1124 1518/1155/1123
f 667/1166/1132 1518/1155/1123 1523/1158/1126 666/1168/1134
f 90/1169/1135 671/1170/1136 1520/1159/1127 668/1171/1137
f 671/1170/1136 672/1172/1138 1521/1160/1128 1520/1159/1127
f 668/1171/1137 1520/1159/1127 1519/1161/1124 669/1173/1133
f 92/1174/1139 665/1175/1140 1522/1162/1129 673/1176/1141
f 665/1175/1140 666/1177/1134 1523/1163/1126 1522/1162/1129
f 673/1176/1141 1522/1162/1129 1521/1160/1128 672/1178/1138
f 1525/1179/1142 1526/1180/1143 1524/1181/1144 1530/1182/1145
f 1527/1183/1146 1528/1184/1147 1524/1181/1144 1526/1185/1143
f 1529/1186/1148 1530/1187/1145 1524/1181/1144 1528/1188/1147
f 92/1174/1149 679/1189/1150 1525/1179/1142 676/1190/1151
f 679/1189/1150 678/1191/1152 1526/1180/1143 1525/1179/1142
f 676/1190/1151 1525/1179/1142 1530/1182/1145 675/1192/1153
f 89/1193/1154 680/1194/1155 1527/1183/1146 677/1195/1156
f 680/1194/1155 681/1196/1157 1528/1184/1147 1527/1183/1146
f 677/1195/1156 1527/1183/1146 1526/1185/1143 678/1191/1152
f 91/1197/1158 674/1198/1159 1529/1186/1148 682/1199/1160
f 674/1198/1159 675/1192/1153 1530/1187/1145 1529/1186/1148
f 682/1199/1160 1529/1186/1148 1528/1188/1147 681/1200/1157
f 1532/1201/1161 1533/1202/1162 1531/1203/1163 1537/1204/1164
f 1534/1205/1165 1535/1206/1166 1531/1203/1163 1533/1207/1162
f 1536/1208/1167 1537/1209/1164 1531/1203/1163 1535/1206/1166
f 91/1210/1168 686/1211/1169 1532/1201/1161 683/1212/1170
f 686/1211/1169 687/1213/1171 1533/1202/1162 1532/1201/1161
f 683/1212/1170 1532/1201/1161 1537/1204/1164 684/1214/1172
f 94/1215/1173 689/1216/1174 1534/1205/1165 688/1217/1175
f 689/1216/1174 690/1218/1176 1535/1206/1166 1534/1205/1165
f 688/1217/1175 1534/1205/1165 1533/1207/1162 687/1219/1171
f 96/1220/1177 685/1221/1178 1536/1208/1167 691/1222/1179
f 685/1221/1178 684/1223/1172 1537/1209/1164 1536/1208/1167
f 691/1222/1179 1536/1208/1167 1535/1206/1166 690/1224/1176
f 1539/1225/1180 1540/1226/1181 1538/1227/1182 1544/1228/1183
f 1541/1229/1184 1542/1230/1185 1538/1227/1182 1540/1231/1181
f 1543/1232/1186 1544/1233/1183 1538/1227/1182 1542/1234/1185
f 96/1220/1187 697/1235/1188 1539/1225/1180 694/1236/1189
f 697/1235/1188 696/1237/1190 1540/1226/1181 1539/1225/1180
f 694/1236/1189 1539/1225/1180 1544/1228/1183 693/1238/1191
f 93/1239/1192 698/1240/1193 1541/1229/1184 695/1241/1194
f 698/1240/1193 699/1242/1195 1542/1230/1185 1541/1229/1184
f 695/1241/1194 1541/1229/1184 1540/1231/1181 696/1243/1190
f 95/1164/1196 692/1244/1197 1543/1232/1186 700/1245/1198
f 692/1244/1197 693/1238/1191 1544/1233/1183 1543/1232/1186
f 700/1245/1198 1543/1232/1186 1542/1234/1185 699/1246/1195
f 1546/1247/1199 1547/1248/1200 1545/1249/1201 1551/1250/1202
f 1548/1251/1203 1549/1252/1204 1545/1249/1201 1547/1248/1200
f 1550/1253/1205 1551/1250/1202 1545/1249/1201 1549/1252/1204
f 94/1254/1206 706/1255/1207 1546/1247/1199 703/1256/1208
f 706/1255/1207 705/1257/87 1547/1248/1200 1546/1247/1199
f 703/1256/1208 1546/1247/1199 1551/1250/1202 702/1258/1209
f 90/1169/1210 707/1259/1211 1548/1251/1203 704/1260/1212
f 707/1259/1211 708/1261/1213 1549/1252/1204 1548/1251/1203
f 704/1260/1212 1548/1251/1203 1547/1248/1200 705/1262/87
f 93/1239/1214 701/1263/1215 1550/1253/1205 709/1264/1216
f 701/1263/1215 702/1258/1209 1551/1250/1202 1550/1253/1205
f 709/1264/1216 1550/1253/1205 1549/1252/1204 708/1265/1213
f 1553/1266/1217 1554/1267/1218 1552/1268/1219 1558/1269/1220
f 1555/1270/1221 1556/1271/1222 1552/1268/1219 1554/1272/1218
f 1557/1273/1223 1558/1274/1220 1552/1268/1219 1556/1271/1222
f 92/1239/1224 710/1275/1225 1553/1266/1217 665/1276/1226
f 710/1275/1225 711/1277/106 1554/1267/1218 1553/1266/1217
f 665/1276/1226 1553/1266/1217 1558/1269/1220 666/1278/1227
f 96/1279/1228 694/1280/1229 1555/1270/1221 712/1281/1230
f 694/1280/1229 693/1282/1231 1556/1271/1222 1555/1270/1221
f 712/1281/1230 1555/1270/1221 1554/1272/1218 711/1283/106
f 95/1284/1232 667/1285/1233 1557/1273/1223 692/1286/1234
f 667/1285/1233 666/1278/1227 1558/1274/1220 1557/1273/1223
f 692/1286/1234 1557/1273/1223 1556/1271/1222 693/1282/1231
f 1560/1287/1235 1561/1288/1236 1559/1289/1237 1565/1290/1238
f 1562/1291/1239 1563/1292/1240 1559/1289/1237 1561/1293/1236
f 1564/1294/1241 1565/1295/1238 1559/1289/1237 1563/1292/1240
f 103/1296/1242 718/1297/1243 1560/1287/1235 715/1298/1244
f 718/1297/1243 717/1299/1245 1561/1288/1236 1560/1287/1235
f 715/1298/1244 1560/1287/1235 1565/1290/1238 714/1300/1246
f 98/1301/1247 719/1302/1248 1562/1291/1239 716/1303/1249
f 719/1302/1248 720/1304/1250 1563/1292/1240 1562/1291/1239
f 716/1303/1249 1562/1291/1239 1561/1293/1236 717/1305/1245
f 100/1306/1251 713/1307/1252 1564/1294/1241 721/1308/1253
f 713/1307/1252 714/1309/1246 1565/1295/1238 1564/1294/1241
f 721/1308/1253 1564/1294/1241 1563/1292/1240 720/1310/1250
f 1567/1311/1254 1568/1312/1255 1566/1313/1256 1572/1314/1257
f 1569/1315/1258 1570/1316/1259 1566/1313/1256 1568/1317/1255
f 1571/1318/1260 1572/1319/1257 1566/1313/1256 1570/1320/1259
f 100/1306/1261 727/1321/1262 1567/1311/1254 724/1322/1263
f 727/1321/1262 726/1323/1264 1568/1312/1255 1567/1311/1254
f 724/1322/1263 1567/1311/1254 1572/1314/1257 723/1324/1265
f 97/1325/1266 728/1326/1267 1569/1315/1258 725/1327/1268
f 728/1326/1267 729/1328/1269 1570/1316/1259 1569/1315/1258
f 725/1327/1268 1569/1315/1258 1568/1317/1255 726/1323/1264
f 99/1329/1270 722/1330/1271 1571/1318/1260 730/1331/1272
f 722/1330/1271 723/1324/1265 1572/1319/1257 1571/1318/1260
f 730/1331/1272 1571/1318/1260 1570/1320/1259 729/1328/1269
f 1574/1332/1273 1575/1333/1274 1573/1334/1275 1579/1335/1276
f 1576/1336/1277 1577/1337/1278 1573/1334/1275 1575/1338/1274
f 1578/1339/1279 1579/1340/1276 1573/1334/1275 1577/1337/1278
f 99/1341/1280 734/1342/1281 1574/1332/1273 731/1343/1282
f 734/1342/1281 735/1344/1283 1575/1333/1274 1574/1332/1273
f 731/1343/1282 1574/1332/1273 1579/1335/1276 732/1345/1284
f 102/1346/1285 737/1347/1286 1576/1336/1277 736/1348/1287
f 737/1347/1286 738/1349/1288 1577/1337/1278 1576/1336/1277
f 736/1348/1287 1576/1336/1277 1575/1338/1274 735/1350/1283
f 104/1351/1289 733/1352/1290 1578/1339/1279 739/1353/1291
f 733/1352/1290 732/1354/1284 1579/1340/1276 1578/1339/1279
f 739/1353/1291 1578/1339/1279 1577/1337/1278 738/1355/1288
f 1581/1356/1292 1582/1357/1293 1580/1358/1294 1586/1359/1295
f 1583/1360/1296 1584/1361/1297 1580/1358/1294 1582/1362/1293
f 1585/1363/1298 1586/1364/1295 1580/1358/1294 1584/1365/1297
f 104/1351/1299 745/1366/1300 1581/1356/1292 742/1367/1301
f 745/1366/1300 744/1368/1302 1582/1357/1293 1581/1356/1292
f 742/1367/1301 1581/1356/1292 1586/1359/1295 741/1369/1303
f 101/1370/1304 746/1371/1305 1583/1360/1296 743/1372/1306
f 746/1371/1305 747/1373/1307 1584/1361/1297 1583/1360/1296
f 743/1372/1306 1583/1360/1296 1582/1362/1293 744/1374/1302
f 103/1296/1308 740/1375/1309 1585/1363/1298 748/1376/1310
f 740/1375/1309 741/1369/1303 1586/1364/1295 1585/1363/1298
f 748/1376/1310 1585/1363/1298 1584/1365/1297 747/1377/1307
f 1588/1378/1311 1589/1379/1312 1587/1380/1313 1593/1381/1314
f 1590/1382/1315 1591/1383/1316 1587/1380/1313 1589/1379/1312
f 1592/1384/1317 1593/1385/1314 1587/1380/1313 1591/1386/1316
f 97/1174/1318 752/1387/1319 1588/1378/1311 749/1175/1320
f 752/1387/1319 753/1388/87 1589/1379/1312 1588/1378/1311
f 749/1175/1320 1588/1378/1311 1593/1381/1314 750/1177/1321
f 101/1370/1322 755/1389/1323 1590/1382/1315 754/1390/1324
f 755/1389/1323 756/1391/1325 1591/1383/1316 1590/1382/1315
f 754/1390/1324 1590/1382/1315 1589/1379/1312 753/1392/87
f 102/1393/1326 751/1166/1327 1592/1384/1317 757/1394/1328
f 751/1166/1327 750/1168/1321 1593/1385/1314 1592/1384/1317
f 757/1394/1328 1592/1384/1317 1591/1386/1316 756/1395/1325
f 1595/1396/1329 1596/1397/1330 1594/1398/1331 1600/1399/1332
f 1597/1400/1333 1598/1401/1334 1594/1398/1331 1596/1402/1330
f 1599/1403/1335 1600/1404/1332 1594/1398/1331 1598/1405/1334
f 103/1346/1336 760/1406/1337 1595/1396/1329 740/1407/1338
f 760/1406/1337 759/1408/106 1596/1397/1330 1595/1396/1329
f 740/1407/1338 1595/1396/1329 1600/1399/1332 741/1409/1339
f 99/1164/1340 731/1244/1341 1597/1400/1333 758/1410/1342
f 731/1244/1341 732/1238/1343 1598/1401/1334 1597/1400/1333
f 758/1410/1342 1597/1400/1333 1596/1402/1330 759/1411/106
f 104/1412/1344 742/1413/1345 1599/1403/1335 733/1236/1346
f 742/1413/1345 741/1414/1339 1600/1404/1332 1599/1403/1335
f 733/1236/1346 1599/1403/1335 1598/1405/1334 732/1238/1343
f 1602/1415/1347 1603/1416/1348 1601/1417/1349 1607/1418/1350
f 1604/1419/1351 1605/1420/1352 1601/1417/1349 1603/1421/1348
f 1606/1422/1353 1607/1418/1350 1601/1417/1349 1605/1423/1352
f 111/1424/1354 766/1425/1355 1602/1415/1347 763/1426/1356
f 766/1425/1355 765/1427/1357 1603/1416/1348 1602/1415/1347
f 763/1426/1356 1602/1415/1347 1607/1418/1350 762/1428/1358
f 106/1429/1359 767/1430/1360 1604/1419/1351 764/1431/1361
f 767/1430/1360 768/1432/1362 1605/1420/1352 1604/1419/1351
f 764/1431/1361 1604/1419/1351 1603/1421/1348 765/1433/1357
f 108/1434/1363 761/1435/1364 1606/1422/1353 769/1436/1365
f 761/1435/1364 762/1428/1358 1607/1418/1350 1606/1422/1353
f 769/1436/1365 1606/1422/1353 1605/1423/1352 768/1432/1362
f 1609/1437/1366 1610/1438/1367 1608/1439/1368 1614/1440/1369
f 1611/1441/1370 1612/1442/1371 1608/1439/1368 1610/1443/1367
f 1613/1444/1372 1614/1445/1369 1608/1439/1368 1612/1446/1371
f 108/1434/1373 775/1447/1374 1609/1437/1366 772/1448/1375
f 775/1447/1374 774/1449/1376 1610/1438/1367 1609/1437/1366
f 772/1448/1375 1609/1437/1366 1614/1440/1369 771/1450/1377
f 105/1451/1378 776/1452/1379 1611/1441/1370 773/1453/1380
f 776/1452/1379 777/1454/1381 1612/1442/1371 1611/1441/1370
f 773/1453/1380 1611/1441/1370 1610/1443/1367 774/1449/1376
f 107/1455/1382 770/1456/1383 1613/1444/1372 778/1457/1384
f 770/1456/1383 771/1450/1377 1614/1445/1369 1613/1444/1372
f 778/1457/1384 1613/1444/1372 1612/1446/1371 777/1454/1381
f 1616/1458/1385 1617/1459/1386 1615/1460/1387 1621/1461/1388
f 1618/1462/1389 1619/1463/1390 1615/1460/1387 1617/1464/1386
f 1620/1465/1391 1621/1461/1388 1615/1460/1387 1619/1463/1390
f 107/1466/1392 782/1467/1393 1616/1458/1385 779/1468/1394
f 782/1467/1393 783/1469/1395 1617/1459/1386 1616/1458/1385
f 779/1468/1394 1616/1458/1385 1621/1461/1388 780/1470/1396
f 110/1471/1397 785/1472/1398 1618/1462/1389 784/1473/1399
f 785/1472/1398 786/1474/1400 1619/1463/1390 1618/1462/1389
f 784/1473/1399 1618/1462/1389 1617/1464/1386 783/1475/1395
f 112/1476/1401 781/1477/1402 1620/1465/1391 787/1478/1403
f 781/1477/1402 780/1479/1396 1621/1461/1388 1620/1465/1391
f 787/1478/1403 1620/1465/1391 1619/1463/1390 786/1480/1400
f 1623/1481/1404 1624/1482/1405 1622/1483/1406 1628/1484/1407
f 1625/1485/1408 1626/1486/1409 1622/1483/1406 1624/1487/1405
f 1627/1488/1410 1628/1489/1407 1622/1483/1406 1626/1490/1409
f 112/1476/1411 793/1491/1412 1623/1481/1404 790/1492/1413
f 793/1491/1412 792/1493/1414 1624/1482/1405 1623/1481/1404
f 790/1492/1413 1623/1481/1404 1628/1484/1407 789/1494/1415
f 109/1495/1416 794/1496/1417 1625/1485/1408 791/1497/1418
f 794/1496/1417 795/1498/1419 1626/1486/1409 1625/1485/1408
f 791/1497/1418 1625/1485/1408 1624/1487/1405 792/1493/1414
f 111/1424/1420 788/1499/1421 1627/1488/1410 796/1500/1422
f 788/1499/1421 789/1494/1415 1628/1489/1407 1627/1488/1410
f 796/1500/1422 1627/1488/1410 1626/1490/1409 795/1498/1419
f 1630/1501/1423 1631/1502/1424 1629/1503/1425 1635/1504/1426
f 1632/1505/1427 1633/1506/1428 1629/1503/1425 1631/1502/1424
f 1634/1507/1429 1635/1508/1426 1629/1503/1425 1633/1509/1428
f 105/1510/1430 800/1511/1431 1630/1501/1423 797/1512/1432
f 800/1511/1431 801/1513/87 1631/1502/1424 1630/1501/1423
f 797/1512/1432 1630/1501/1423 1635/1504/1426 798/1514/1433
f 109/1495/1434 803/1515/1435 1632/1505/1427 802/1516/1436
f 803/1515/1435 804/1517/1437 1633/1506/1428 1632/1505/1427
f 802/1516/1436 1632/1505/1427 1631/1502/1424 801/1518/87
f 110/1519/1438 799/1520/1439 1634/1507/1429 805/1521/1440
f 799/1520/1439 798/1514/1433 1635/1508/1426 1634/1507/1429
f 805/1521/1440 1634/1507/1429 1633/1509/1428 804/1517/1437
f 1637/1522/1441 1638/1523/1442 1636/1524/1443 1642/1525/1444
f 1639/1526/1445 1640/1527/1446 1636/1524/1443 1638/1528/1442
f 1641/1529/1447 1642/1530/1444 1636/1524/1443 1640/1527/1446
f 111/1471/1448 808/1531/1449 1637/1522/1441 788/1532/1450
f 808/1531/1449 807/1533/106 1638/1523/1442 1637/1522/1441
f 788/1532/1450 1637/1522/1441 1642/1525/1444 789/1534/1451
f 107/1535/1452 779/1536/1453 1639/1526/1445 806/1537/1454
f 779/1536/1453 780/1538/1455 1640/1527/1446 1639/1526/1445
f 806/1537/1454 1639/1526/1445 1638/1528/1442 807/1539/106
f 112/1540/1456 790/1541/1457 1641/1529/1447 781/1542/1458
f 790/1541/1457 789/1534/1451 1642/1530/1444 1641/1529/1447
f 781/1542/1458 1641/1529/1447 1640/1527/1446 780/1538/1455
f 1644/1543/1123 1645/1544/1124 1643/1545/1125 1649/1546/1126
f 1646/1547/1127 1647/1548/1128 1643/1545/1125 1645/1549/1124
f 1648/1550/1129 1649/1551/1126 1643/1545/1125 1647/1552/1128
f 119/1553/1130 814/1554/1131 1644/1543/1123 811/1555/1132
f 814/1554/1131 813/1556/1133 1645/1544/1124 1644/1543/1123
f 811/1555/1132 1644/1543/1123 1649/1546/1126 810/1557/1134
f 114/1558/1135 815/1559/1136 1646/1547/1127 812/1560/1137
f 815/1559/1136 816/1561/1138 1647/1548/1128 1646/1547/1127
f 812/1560/1137 1646/1547/1127 1645/1549/1124 813/1562/1133
f 116/1563/1139 809/1564/1140 1648/1550/1129 817/1565/1141
f 809/1564/1140 810/1557/1134 1649/1551/1126 1648/1550/1129
f 817/1565/1141 1648/1550/1129 1647/1552/1128 816/1561/1138
f 1651/1566/1142 1652/1567/1143 1650/1568/1144 1656/1569/1145
f 1653/1570/1146 1654/1571/1147 1650/1568/1144 1652/1572/1143
f 1655/1573/1148 1656/1574/1145 1650/1568/1144 1654/1575/1147
f 116/1563/1149 823/1576/1150 1651/1566/1142 820/1577/1151
f 823/1576/1150 822/1578/1152 1652/1567/1143 1651/1566/1142
f 820/1577/1151 1651/1566/1142 1656/1569/1145 819/1579/1153
f 113/1580/1154 824/1581/1155 1653/1570/1146 821/1582/1156
f 824/1581/1155 825/1583/1157 1654/1571/1147 1653/1570/1146
f 821/1582/1156 1653/1570/1146 1652/1572/1143 822/1584/1152
f 115/1585/1158 818/1586/1159 1655/1573/1148 826/1587/1160
f 818/1586/1159 819/1579/1153 1656/1574/1145 1655/1573/1148
f 826/1587/1160 1655/1573/1148 1654/1575/1147 825/1588/1157
f 1658/1589/1161 1659/1590/1162 1657/1591/1163 1663/1592/1164
f 1660/1593/1165 1661/1594/1166 1657/1591/1163 1659/1595/1162
f 1662/1596/1167 1663/1597/1164 1657/1591/1163 1661/1598/1166
f 115/1599/1168 830/1600/1169 1658/1589/1161 827/1601/1170
f 830/1600/1169 831/1602/1171 1659/1590/1162 1658/1589/1161
f 827/1601/1170 1658/1589/1161 1663/1592/1164 828/1603/1172
f 118/1604/1173 833/1605/1459 1660/1593/1165 832/1606/1175
f 833/1605/1459 834/1607/1176 1661/1594/1166 1660/1593/1165
f 832/1606/1175 1660/1593/1165 1659/1595/1162 831/1608/1171
f 120/1609/1177 829/1610/1178 1662/1596/1167 835/1611/1179
f 829/1610/1178 828/1612/1172 1663/1597/1164 1662/1596/1167
f 835/1611/1179 1662/1596/1167 1661/1598/1166 834/1613/1176
f 1665/1614/1180 1666/1615/1181 1664/1616/1182 1670/1617/1183
f 1667/1618/1184 1668/1619/1185 1664/1616/1182 1666/1620/1181
f 1669/1621/1186 1670/1622/1183 1664/1616/1182 1668/1623/1185
f 120/1609/1187 841/1624/1188 1665/1614/1180 838/1625/1189
f 841/1624/1188 840/1626/1190 1666/1615/1181 1665/1614/1180
f 838/1625/1189 1665/1614/1180 1670/1617/1183 837/1627/1191
f 117/1628/1192 842/1629/1193 1667/1618/1184 839/1630/1194
f 842/1629/1193 843/1631/1195 1668/1619/1185 1667/1618/1184
f 839/1630/1194 1667/1618/1184 1666/1620/1181 840/1632/1190
f 119/1553/1196 836/1633/1197 1669/1621/1186 844/1634/1198
f 836/1633/1197 837/1627/1191 1670/1622/1183 1669/1621/1186
f 844/1634/1198 1669/1621/1186 1668/1623/1185 843/1635/1195
f 1672/1636/1199 1673/1637/1200 1671/1638/1201 1677/1639/1202
f 1674/1640/1203 1675/1641/1204 1671/1638/1201 1673/1642/1200
f 1676/1643/1205 1677/1644/1202 1671/1638/1201 1675/1641/1204
f 118/1424/1206 850/1645/1207 1672/1636/1199 847/1646/1208
f 850/1645/1207 849/1647/87 1673/1637/1200 1672/1636/1199
f 847/1646/1208 1672/1636/1199 1677/1639/1202 846/1648/1209
f 114/1558/1210 851/1649/1211 1674/1640/1203 848/1650/1212
f 851/1649/1211 852/1651/1213 1675/1641/1204 1674/1640/1203
f 848/1650/1212 1674/1640/1203 1673/1642/1200 849/1652/87
f 117/1628/1214 845/1653/1215 1676/1643/1205 853/1654/1216
f 845/1653/1215 846/1648/1209 1677/1644/1202 1676/1643/1205
f 853/1654/1216 1676/1643/1205 1675/1641/1204 852/1655/1213
f 1679/1656/1217 1680/1657/1218 1678/1658/1219 1684/1659/1220
f 1681/1660/1221 1682/1661/1222 1678/1658/1219 1680/1662/1218
f 1683/1663/1223 1684/1659/1220 1678/1658/1219 1682/1661/1222
f 116/1628/1224 854/1664/1225 1679/1656/1217 809/1665/1226
f 854/1664/1225 855/1666/106 1680/1657/1218 1679/1656/1217
f 809/1665/1226 1679/1656/1217 1684/1659/1220 810/1667/1227
f 120/1476/1228 838/1668/1229 1681/1660/1221 856/1669/1230
f 838/1668/1229 837/1670/1231 1682/1661/1222 1681/1660/1221
f 856/1669/1230 1681/1660/1221 1680/1662/1218 855/1666/106
f 119/1671/1232 811/1672/1233 1683/1663/1223 836/1673/1234
f 811/1672/1233 810/1667/1227 1684/1659/1220 1683/1663/1223
f 836/1673/1234 1683/1663/1223 1682/1661/1222 837/1670/1231
f 1686/1674/1460 1687/1675/1461 1685/1676/1462 1691/1677/1463
f 1688/1678/1464 1689/1679/1465 1685/1676/1462 1687/1680/1461
f 1690/1681/1466 1691/1677/1463 1685/1676/1462 1689/1682/1465
f 127/1683/1467 862/1684/1468 1686/1674/1460 859/1685/1469
f 862/1684/1468 861/1686/1470 1687/1675/1461 1686/1674/1460
f 859/1685/1469 1686/1674/1460 1691/1677/1463 858/1687/1471
f 122/1688/1472 863/1689/1473 1688/1678/1464 860/1690/1474
f 863/1689/1473 864/1691/1475 1689/1679/1465 1688/1678/1464
f 860/1690/1474 1688/1678/1464 1687/1680/1461 861/1692/1470
f 124/1693/1476 857/1694/1477 1690/1681/1466 865/1695/1478
f 857/1694/1477 858/1687/1471 1691/1677/1463 1690/1681/1466
f 865/1695/1478 1690/1681/1466 1689/1682/1465 864/1691/1475
f 1693/1696/1479 1694/1697/1480 1692/1698/1481 1698/1699/1482
f 1695/1700/1483 1696/1701/1484 1692/1698/1481 1694/1702/1480
f 1697/1703/1485 1698/1704/1482 1692/1698/1481 1696/1705/1484
f 124/1693/1486 871/1706/1487 1693/1696/1479 868/1707/1488
f 871/1706/1487 870/1708/1489 1694/1697/1480 1693/1696/1479
f 868/1707/1488 1693/1696/1479 1698/1699/1482 867/1709/1490
f 121/1710/1491 872/1711/1492 1695/1700/1483 869/1712/1493
f 872/1711/1492 873/1713/1494 1696/1701/1484 1695/1700/1483
f 869/1712/1493 1695/1700/1483 1694/1702/1480 870/1708/1489
f 123/1714/1495 866/1715/1496 1697/1703/1485 874/1716/1497
f 866/1715/1496 867/1709/1490 1698/1704/1482 1697/1703/1485
f 874/1716/1497 1697/1703/1485 1696/1705/1484 873/1713/1494
f 1700/1717/1498 1701/1718/1499 1699/1719/1500 1705/1720/1501
f 1702/1721/1502 1703/1722/1503 1699/1719/1500 1701/1723/1499
f 1704/1724/1504 1705/1720/1501 1699/1719/1500 1703/1725/1503
f 123/1726/1505 878/1727/1506 1700/1717/1498 875/1728/1507
f 878/1727/1506 879/1729/1508 1701/1718/1499 1700/1717/1498
f 875/1728/1507 1700/1717/1498 1705/1720/1501 876/1730/1509
f 126/1731/1510 881/1732/1511 1702/1721/1502 880/1733/1512
f 881/1732/1511 882/1734/1513 1703/1722/1503 1702/1721/1502
f 880/1733/1512 1702/1721/1502 1701/1723/1499 879/1735/1508
f 128/1736/1514 877/1737/1515 1704/1724/1504 883/1738/1516
f 877/1737/1515 876/1739/1509 1705/1720/1501 1704/1724/1504
f 883/1738/1516 1704/1724/1504 1703/1725/1503 882/1740/1513
f 1707/1741/1517 1708/1742/1518 1706/1743/1519 1712/1744/1520
f 1709/1745/1521 1710/1746/1522 1706/1743/1519 1708/1747/1518
f 1711/1748/1523 1712/1749/1520 1706/1743/1519 1710/1750/1522
f 128/1736/1524 889/1751/1525 1707/1741/1517 886/1752/1526
f 889/1751/1525 888/1753/1527 1708/1742/1518 1707/1741/1517
f 886/1752/1526 1707/1741/1517 1712/1744/1520 885/1754/1528
f 125/1755/1529 890/1756/1530 1709/1745/1521 887/1757/1531
f 890/1756/1530 891/1758/1532 1710/1746/1522 1709/1745/1521
f 887/1757/1531 1709/1745/1521 1708/1747/1518 888/1759/1527
f 127/1683/1533 884/1760/1534 1711/1748/1523 892/1761/1535
f 884/1760/1534 885/1754/1528 1712/1749/1520 1711/1748/1523
f 892/1761/1535 1711/1748/1523 1710/1750/1522 891/1758/1532
f 1714/1762/1536 1715/1763/1537 1713/1764/1538 1719/1765/1539
f 1716/1766/1540 1717/1767/1541 1713/1764/1538 1715/1768/1537
f 1718/1769/1542 1719/1770/1539 1713/1764/1538 1717/1767/1541
f 126/1553/1543 898/1771/1544 1714/1762/1536 895/1772/1545
f 898/1771/1544 897/1773/87 1715/1763/1537 1714/1762/1536
f 895/1772/1545 1714/1762/1536 1719/1765/1539 894/1774/1546
f 122/1688/1547 899/1775/1548 1716/1766/1540 896/1776/1549
f 899/1775/1548 900/1777/1550 1717/1767/1541 1716/1766/1540
f 896/1776/1549 1716/1766/1540 1715/1768/1537 897/1778/87
f 125/1755/1551 893/1779/1552 1718/1769/1542 901/1780/1553
f 893/1779/1552 894/1774/1546 1719/1770/1539 1718/1769/1542
f 901/1780/1553 1718/1769/1542 1717/1767/1541 900/1781/1550
f 1721/1782/1554 1722/1783/1555 1720/1784/1556 1726/1785/1557
f 1723/1786/1558 1724/1787/1559 1720/1784/1556 1722/1788/1555
f 1725/1789/1560 1726/1785/1557 1720/1784/1556 1724/1790/1559
f 124/1755/1561 902/1791/1562 1721/1782/1554 857/1792/1563
f 902/1791/1562 903/1793/106 1722/1783/1555 1721/1782/1554
f 857/1792/1563 1721/1782/1554 1726/1785/1557 858/1794/1564
f 128/1609/1565 886/1795/1566 1723/1786/1558 904/1796/1567
f 886/1795/1566 885/1797/1568 1724/1787/1559 1723/1786/1558
f 904/1796/1567 1723/1786/1558 1722/1788/1555 903/1798/106
f 127/1799/1569 859/1800/1570 1725/1789/1560 884/1801/1571
f 859/1800/1570 858/1794/1564 1726/1785/1557 1725/1789/1560
f 884/1801/1571 1725/1789/1560 1724/1790/1559 885/1797/1568
f 1728/1802/1572 1729/1803/1573 1727/1804/1574 1733/1805/1575
f 1730/1806/1576 1731/1807/1577 1727/1804/1574 1729/1803/1573
f 1732/1808/1578 1733/1809/1575 1727/1804/1574 1731/1810/1577
f 135/1811/1579 910/1812/1580 1728/1802/1572 907/1813/1581
f 910/1812/1580 909/1814/11 1729/1803/1573 1728/1802/1572
f 907/1813/1581 1728/1802/1572 1733/1805/1575 906/613/1582
f 130/1815/1583 911/1816/1584 1730/1806/1576 908/1817/1585
f 911/1816/1584 912/1818/1586 1731/1807/1577 1730/1806/1576
f 908/1817/1585 1730/1806/1576 1729/1803/1573 909/1819/11
f 132/1820/1587 905/1821/1588 1732/1808/1578 913/1822/1589
f 905/1821/1588 906/613/1582 1733/1809/1575 1732/1808/1578
f 913/1822/1589 1732/1808/1578 1731/1810/1577 912/1823/1586
f 1735/1824/1590 1736/1825/1591 1734/1826/1592 1740/1827/1593
f 1737/1828/1594 1738/1829/1595 1734/1826/1592 1736/1825/1591
f 1739/1830/1596 1740/1827/1593 1734/1826/1592 1738/1829/1595
f 132/1820/1597 919/1831/1598 1735/1824/1590 916/1832/1599
f 919/1831/1598 918/1833/30 1736/1825/1591 1735/1824/1590
f 916/1832/1599 1735/1824/1590 1740/1827/1593 915/1834/1600
f 129/1835/1601 920/1836/1602 1737/1828/1594 917/1837/1603
f 920/1836/1602 921/1838/1604 1738/1829/1595 1737/1828/1594
f 917/1837/1603 1737/1828/1594 1736/1825/1591 918/1839/30
f 131/1840/1605 914/1841/1606 1739/1830/1596 922/1842/1607
f 914/1841/1606 915/1834/1600 1740/1827/1593 1739/1830/1596
f 922/1842/1607 1739/1830/1596 1738/1829/1595 921/1838/1604
f 1742/1843/1608 1743/1844/1609 1741/1845/1610 1747/1846/1611
f 1744/1847/1612 1745/1848/1613 1741/1845/1610 1743/1849/1609
f 1746/1850/1614 1747/1851/1611 1741/1845/1610 1745/1852/1613
f 131/1853/1615 926/1854/1616 1742/1843/1608 923/1855/1617
f 926/1854/1616 927/1856/49 1743/1844/1609 1742/1843/1608
f 923/1855/1617 1742/1843/1608 1747/1846/1611 924/1857/1618
f 134/1858/1619 929/1859/1620 1744/1847/1612 928/1860/1621
f 929/1859/1620 930/1861/1622 1745/1848/1613 1744/1847/1612
f 928/1860/1621 1744/1847/1612 1743/1849/1609 927/1862/49
f 136/1863/1623 925/1864/1624 1746/1850/1614 931/1865/1625
f 925/1864/1624 924/1857/1618 1747/1851/1611 1746/1850/1614
f 931/1865/1625 1746/1850/1614 1745/1852/1613 930/1861/1622
f 1749/1866/1626 1750/1867/1627 1748/1868/1628 1754/1869/1629
f 1751/1870/1630 1752/1871/1631 1748/1868/1628 1750/1872/1627
f 1753/1873/1632 1754/1874/1629 1748/1868/1628 1752/1871/1631
f 136/1863/1633 937/1875/1634 1749/1866/1626 934/1876/1635
f 937/1875/1634 936/1877/68 1750/1867/1627 1749/1866/1626
f 934/1876/1635 1749/1866/1626 1754/1869/1629 933/1878/1636
f 133/1879/1637 938/1880/1638 1751/1870/1630 935/1881/1639
f 938/1880/1638 939/1882/1640 1752/1871/1631 1751/1870/1630
f 935/1881/1639 1751/1870/1630 1750/1872/1627 936/1883/68
f 135/1811/1641 932/1884/1642 1753/1873/1632 940/1885/1643
f 932/1884/1642 933/1878/1636 1754/1874/1629 1753/1873/1632
f 940/1885/1643 1753/1873/1632 1752/1871/1631 939/1886/1640
f 1756/1887/1644 1757/1888/1645 1755/1889/1646 1761/1890/1647
f 1758/1891/1648 1759/1892/1649 1755/1889/1646 1757/1893/1645
f 1760/1894/1650 1761/1890/1647 1755/1889/1646 1759/1895/1649
f 129/657/1651 944/1896/1652 1756/1887/1644 941/658/1653
f 944/1896/1652 945/1897/87 1757/1888/1645 1756/1887/1644
f 941/658/1653 1756/1887/1644 1761/1890/1647 942/651/1654
f 133/1879/1655 947/1898/1656 1758/1891/1648 946/1899/1657
f 947/1898/1656 948/1900/1658 1759/1892/1649 1758/1891/1648
f 946/1899/1657 1758/1891/1648 1757/1893/1645 945/1901/87
f 134/1902/1659 943/649/1660 1760/1894/1650 949/1903/1661
f 943/649/1660 942/651/1654 1761/1890/1647 1760/1894/1650
f 949/1903/1661 1760/1894/1650 1759/1895/1649 948/1900/1658
f 1763/1904/1662 1764/1905/1663 1762/1906/1664 1768/1907/1665
f 1765/1908/1666 1766/1909/1667 1762/1906/1664 1764/1910/1663
f 1767/1911/1668 1768/1912/1665 1762/1906/1664 1766/1909/1667
f 132/1879/1669 950/1913/1670 1763/1904/1662 905/1914/1671
f 950/1913/1670 951/1915/106 1764/1905/1663 1763/1904/1662
f 905/1914/1671 1763/1904/1662 1768/1907/1665 906/1916/1672
f 136/702/1673 934/1917/1674 1765/1908/1666 952/1918/1675
f 934/1917/1674 933/1919/1676 1766/1909/1667 1765/1908/1666
f 952/1918/1675 1765/1908/1666 1764/1910/1663 951/1915/106
f 135/1920/1677 907/1921/1678 1767/1911/1668 932/1922/1679
f 907/1921/1678 906/1916/1672 1768/1912/1665 1767/1911/1668
f 932/1922/1679 1767/1911/1668 1766/1909/1667 933/1919/1676
f 1770/1923/1680 1771/1924/1681 1769/1925/1682 1775/1926/1683
f 1772/1927/1684 1773/1928/1685 1769/1925/1682 1771/1929/1681
f 1774/1930/1686 1775/1926/1683 1769/1925/1682 1773/1928/1685
f 7/9/8 172/85/1687 1770/1923/1680 142/1931/9
f 172/85/1687 171/1932/1688 1771/1924/1681 1770/1923/1680
f 142/1931/9 1770/1923/1680 1775/1926/1683 141/1933/11
f 5/79/1689 955/1934/1690 1772/1927/1684 170/80/1691
f 955/1934/1690 954/1935/1692 1773/1928/1685 1772/1927/1684
f 170/80/1691 1772/1927/1684 1771/1929/1681 171/1936/1688
f 2/14/13 140/1937/15 1774/1930/1686 953/1938/1693
f 140/1937/15 141/18/11 1775/1926/1683 1774/1930/1686
f 953/1938/1693 1774/1930/1686 1773/1928/1685 954/1939/1692
f 1777/1940/1694 1778/1941/1695 1776/1942/1696 1782/1943/1697
f 1779/1944/1698 1780/1945/1699 1776/1942/1696 1778/1946/1695
f 1781/1947/1700 1782/1948/1697 1776/1942/1696 1780/1945/1699
f 4/19/27 145/1949/1701 1777/1940/1694 151/1950/28
f 145/1949/1701 144/1951/1702 1778/1941/1695 1777/1940/1694
f 151/1950/28 1777/1940/1694 1782/1943/1697 150/1952/30
f 2/14/1703 958/1953/1704 1779/1944/1698 143/15/1705
f 958/1953/1704 957/1954/1706 1780/1945/1699 1779/1944/1698
f 143/15/1705 1779/1944/1698 1778/1946/1695 144/22/1702
f 1/36/32 149/1955/34 1781/1947/1700 956/1956/1707
f 149/1955/34 150/40/30 1782/1948/1697 1781/1947/1700
f 956/1956/1707 1781/1947/1700 1780/1945/1699 957/1957/1706
f 1784/1958/1708 1785/1959/1709 1783/1960/1710 1789/1961/1711
f 1786/1962/1712 1787/1963/1713 1783/1960/1710 1785/1964/1709
f 1788/1965/1714 1789/1961/1711 1783/1960/1710 1787/1966/1713
f 3/54/46 154/173/1715 1784/1958/1708 158/1967/47
f 154/173/1715 153/169/1716 1785/1959/1709 1784/1958/1708
f 158/1967/47 1784/1958/1708 1789/1961/1711 159/63/49
f 1/1968/1717 173/1969/1718 1786/1962/1712 152/167/1719
f 173/1969/1718 174/125/1720 1787/1963/1713 1786/1962/1712
f 152/167/1719 1786/1962/1712 1785/1964/1709 153/169/1716
f 6/59/51 160/1970/53 1788/1965/1714 175/118/1721
f 160/1970/53 159/63/49 1789/1961/1711 1788/1965/1714
f 175/118/1721 1788/1965/1714 1787/1966/1713 174/125/1720
f 1791/1971/1722 1792/1972/1723 1790/1973/1724 1796/1974/1725
f 1793/1975/1726 1794/1976/1727 1790/1973/1724 1792/1977/1723
f 1795/1978/1728 1796/1979/1725 1790/1973/1724 1794/1980/1727
f 8/64/65 163/1981/1729 1791/1971/1722 169/1982/66
f 163/1981/1729 162/1983/1730 1792/1972/1723 1791/1971/1722
f 169/1982/66 1791/1971/1722 1796/1974/1725 168/1984/68
f 6/59/1731 181/1985/1732 1793/1975/1726 161/60/1733
f 181/1985/1732 180/1986/1734 1794/1976/1727 1793/1975/1726
f 161/60/1733 1793/1975/1726 1792/1977/1723 162/1987/1730
f 5/79/70 167/1988/72 1795/1978/1728 179/1989/1735
f 167/1988/72 168/1984/68 1796/1979/1725 1795/1978/1728
f 179/1989/1735 1795/1978/1728 1794/1980/1727 180/1986/1734
f 1798/1990/1736 1799/1991/1737 1797/1992/1738 1803/1993/1739
f 1800/1994/1740 1801/1995/1741 1797/1992/1738 1799/1996/1737
f 1802/1997/1742 1803/1998/1739 1797/1992/1738 1801/1999/1741
f 1/95/84 956/2000/1743 1798/1990/1736 176/2001/85
f 956/2000/1743 957/2002/1744 1799/1991/1737 1798/1990/1736
f 176/2001/85 1798/1990/1736 1803/1993/1739 177/98/87
f 2/14/1745 953/2003/1746 1800/1994/1740 958/2004/1747
f 953/2003/1746 954/1939/1748 1801/1995/1741 1800/1994/1740
f 958/2004/1747 1800/1994/1740 1799/1996/1737 957/2002/1744
f 5/79/89 178/101/91 1802/1997/1742 955/1934/1749
f 178/101/91 177/2005/87 1803/1998/1739 1802/1997/1742
f 955/1934/1749 1802/1997/1742 1801/1999/1741 954/1939/1748
f 1805/2006/1750 1806/2007/1751 1804/2008/1752 1810/2009/1753
f 1807/2010/1754 1808/2011/1755 1804/2008/1752 1806/2012/1751
f 1809/2013/1756 1810/2009/1753 1804/2008/1752 1808/2011/1755
f 4/79/103 148/100/1757 1805/2006/1750 182/2014/104
f 148/100/1757 147/102/1758 1806/2007/1751 1805/2006/1750
f 182/2014/104 1805/2006/1750 1810/2009/1753 183/123/106
f 3/103/1759 155/2015/1760 1807/2010/1754 146/105/1761
f 155/2015/1760 156/2016/1762 1808/2011/1755 1807/2010/1754
f 146/105/1761 1807/2010/1754 1806/2012/1751 147/102/1758
f 8/119/108 184/2017/110 1809/2013/1756 157/2018/1763
f 184/2017/110 183/117/106 1810/2009/1753 1809/2013/1756
f 157/2018/1763 1809/2013/1756 1808/2011/1755 156/1329/1762
f 1812/2019/1680 1813/2020/1681 1811/2021/1682 1817/2022/1683
f 1814/2023/1684 1815/2024/1685 1811/2021/1682 1813/2020/1681
f 1816/2025/1686 1817/2022/1683 1811/2021/1682 1815/2026/1685
f 15/137/8 220/217/1764 1812/2019/1680 190/2027/9
f 220/217/1764 219/2028/1688 1813/2020/1681 1812/2019/1680
f 190/2027/9 1812/2019/1680 1817/2022/1683 189/146/11
f 13/211/1689 961/2029/1690 1814/2023/1684 218/2030/1691
f 961/2029/1690 960/2031/1765 1815/2024/1685 1814/2023/1684
f 218/2030/1691 1814/2023/1684 1813/2020/1681 219/218/1688
f 10/142/13 188/2032/15 1816/2025/1686 959/2033/1693
f 188/2032/15 189/146/11 1817/2022/1683 1816/2025/1686
f 959/2033/1693 1816/2025/1686 1815/2026/1685 960/2031/1765
f 1819/2034/1694 1820/2035/1695 1818/2036/1696 1824/2037/1766
f 1821/2038/1698 1822/2039/1699 1818/2036/1696 1820/2040/1695
f 1823/2041/1767 1824/2042/1766 1818/2036/1696 1822/2043/1699
f 12/147/27 193/149/1768 1819/2034/1694 199/162/28
f 193/149/1768 192/2044/1702 1820/2035/1695 1819/2034/1694
f 199/162/28 1819/2034/1694 1824/2037/1766 198/2045/30
f 10/142/1703 964/2046/1704 1821/2038/1698 191/2047/1705
f 964/2046/1704 963/2048/1706 1822/2039/1699 1821/2038/1698
f 191/2047/1705 1821/2038/1698 1820/2040/1695 192/2049/1702
f 9/166/32 197/168/34 1823/2041/1767 962/2050/1707
f 197/168/34 198/170/30 1824/2042/1766 1823/2041/1767
f 962/2050/1707 1823/2041/1767 1822/2043/1699 963/2051/1706
f 1826/2052/1708 1827/2053/1709 1825/2054/1710 1831/2055/1711
f 1828/2056/1712 1829/2057/1713 1825/2054/1710 1827/2058/1709
f 1830/2059/1714 1831/2060/1711 1825/2054/1710 1829/2061/1713
f 11/184/46 202/2062/1715 1826/2052/1708 206/2063/47
f 202/2062/1715 201/2064/1716 1827/2053/1709 1826/2052/1708
f 206/2063/47 1826/2052/1708 1831/2055/1711 207/2065/49
f 9/2066/1717 221/257/1718 1828/2056/1712 200/2067/1719
f 221/257/1718 222/258/1720 1829/2057/1713 1828/2056/1712
f 200/2067/1719 1828/2056/1712 1827/2058/1709 201/2064/1716
f 14/189/51 208/2068/53 1830/2059/1714 223/252/1721
f 208/2068/53 207/2069/49 1831/2060/1711 1830/2059/1714
f 223/252/1721 1830/2059/1714 1829/2061/1713 222/258/1720
f 1833/2070/1722 1834/2071/1723 1832/2072/1724 1838/2073/1725
f 1835/2074/1726 1836/2075/1727 1832/2072/1724 1834/2076/1723
f 1837/2077/1728 1838/2078/1725 1832/2072/1724 1836/2075/1727
f 16/194/65 211/2079/1729 1833/2070/1722 217/2080/66
f 211/2079/1729 210/2081/1730 1834/2071/1723 1833/2070/1722
f 217/2080/66 1833/2070/1722 1838/2073/1725 216/215/68
f 14/189/1731 229/2082/1732 1835/2074/1726 209/190/1733
f 229/2082/1732 228/2083/1734 1836/2075/1727 1835/2074/1726
f 209/190/1733 1835/2074/1726 1834/2076/1723 210/192/1730
f 13/211/70 215/2084/72 1837/2077/1728 227/2085/1735
f 215/2084/72 216/215/68 1838/2078/1725 1837/2077/1728
f 227/2085/1735 1837/2077/1728 1836/2075/1727 228/2083/1734
f 1840/2086/1736 1841/2087/1737 1839/2088/1769 1845/2089/1739
f 1842/2090/1740 1843/2091/1741 1839/2088/1769 1841/2092/1737
f 1844/2093/1742 1845/2094/1739 1839/2088/1769 1843/2091/1741
f 9/228/119 962/2095/1743 1840/2086/1736 224/2096/85
f 962/2095/1743 963/2097/1770 1841/2087/1737 1840/2086/1736
f 224/2096/85 1840/2086/1736 1845/2089/1739 225/2098/87
f 10/142/1745 959/2099/1746 1842/2090/1740 964/2100/1771
f 959/2099/1746 960/2031/1748 1843/2091/1741 1842/2090/1740
f 964/2100/1771 1842/2090/1740 1841/2092/1737 963/2097/1770
f 13/211/89 226/2101/91 1844/2093/1742 961/2102/1772
f 226/2101/91 225/2103/87 1845/2094/1739 1844/2093/1742
f 961/2102/1772 1844/2093/1742 1843/2091/1741 960/2031/1748
f 1847/2104/1750 1848/2105/1751 1846/2106/1752 1852/2107/1753
f 1849/2108/1754 1850/2109/1755 1846/2106/1752 1848/2110/1751
f 1851/2111/1756 1852/2112/1753 1846/2106/1752 1850/2113/1755
f 12/211/103 196/233/1757 1847/2104/1750 230/2114/104
f 196/233/1757 195/235/1758 1848/2105/1751 1847/2104/1750
f 230/2114/104 1847/2104/1750 1852/2107/1753 231/2115/106
f 11/236/1759 203/2116/1760 1849/2108/1754 194/238/1761
f 203/2116/1760 204/2117/1762 1850/2109/1755 1849/2108/1754
f 194/238/1761 1849/2108/1754 1848/2110/1751 195/235/1758
f 16/253/108 232/2118/110 1851/2111/1756 205/2119/1763
f 232/2118/110 231/2115/106 1852/2112/1753 1851/2111/1756
f 205/2119/1763 1851/2111/1756 1850/2113/1755 204/2117/1762
f 1854/2120/1773 1855/2121/1774 1853/2122/1775 1859/2123/1776
f 1856/2124/1777 1857/2125/1778 1853/2122/1775 1855/2126/1774
f 1858/2127/1779 1859/2128/1776 1853/2122/1775 1857/2129/1778
f 20/269/130 275/2130/1780 1854/2120/1773 236/2131/131
f 275/2130/1780 276/2132/1781 1855/2121/1774 1854/2120/1773
f 236/2131/131 1854/2120/1773 1859/2123/1776 237/2133/133
f 23/345/1782 268/347/1783 1856/2124/1777 277/2134/1784
f 268/347/1783 267/2135/1785 1857/2125/1778 1856/2124/1777
f 277/2134/1784 1856/2124/1777 1855/2126/1774 276/2132/1781
f 21/274/135 238/2136/137 1858/2127/1779 266/341/1786
f 238/2136/137 237/2133/133 1859/2128/1776 1858/2127/1779
f 266/341/1786 1858/2127/1779 1857/2129/1778 267/2137/1785
f 1861/2138/1787 1862/2139/1788 1860/2140/1789 1866/2141/1790
f 1863/2142/1791 1864/2143/1792 1860/2140/1789 1862/2144/1788
f 1865/2145/1793 1866/2146/1790 1860/2140/1789 1864/2147/1792
f 19/292/149 965/2148/1794 1861/2138/1787 247/2149/150
f 965/2148/1794 966/2150/1795 1862/2139/1788 1861/2138/1787
f 247/2149/150 1861/2138/1787 1866/2141/1790 246/2151/152
f 20/269/1796 235/271/1797 1863/2142/1791 967/2152/1798
f 235/271/1797 234/2153/1799 1864/2143/1792 1863/2142/1791
f 967/2152/1798 1863/2142/1791 1862/2144/1788 966/2154/1795
f 18/279/154 245/2155/156 1865/2145/1793 233/280/1800
f 245/2155/156 246/2156/152 1866/2146/1790 1865/2145/1793
f 233/280/1800 1865/2145/1793 1864/2147/1792 234/2157/1799
f 1868/2158/1801 1869/2159/1802 1867/2160/1803 1873/2161/1804
f 1870/2162/1805 1871/2163/1806 1867/2160/1803 1869/2164/1802
f 1872/2165/1807 1873/2166/1804 1867/2160/1803 1871/2167/1806
f 24/314/168 970/2168/1808 1868/2158/1801 256/2169/169
f 970/2168/1808 969/2170/1809 1869/2159/1802 1868/2158/1801
f 256/2169/169 1868/2158/1801 1873/2161/1804 255/323/171
f 19/425/1810 244/427/1811 1870/2162/1805 968/2171/1812
f 244/427/1811 243/424/1813 1871/2163/1806 1870/2162/1805
f 968/2171/1812 1870/2162/1805 1869/2164/1802 969/2170/1809
f 17/319/173 254/2172/175 1872/2165/1807 242/422/1814
f 254/2172/175 255/323/171 1873/2166/1804 1872/2165/1807
f 242/422/1814 1872/2165/1807 1871/2167/1806 243/424/1813
f 1875/2173/1815 1876/2174/1816 1874/2175/1817 1880/2176/1818
f 1877/2177/1819 1878/2178/1820 1874/2175/1817 1876/2179/1816
f 1879/2180/1821 1880/2181/1818 1874/2175/1817 1878/2182/1820
f 24/314/187 253/2183/1822 1875/2173/1815 265/2184/188
f 253/2183/1822 252/2185/1823 1876/2174/1816 1875/2173/1815
f 265/2184/188 1875/2173/1815 1880/2176/1818 264/2186/190
f 22/324/1824 274/2187/1825 1877/2177/1819 251/325/1826
f 274/2187/1825 273/2188/1827 1878/2178/1820 1877/2177/1819
f 251/325/1826 1877/2177/1819 1876/2179/1816 252/2185/1823
f 21/274/192 263/2189/194 1879/2180/1821 272/2190/1828
f 263/2189/194 264/2186/190 1880/2181/1818 1879/2180/1821
f 272/2190/1828 1879/2180/1821 1878/2182/1820 273/2188/1827
f 1882/2191/1829 1883/2192/1830 1881/2193/1831 1887/2194/1832
f 1884/2195/1833 1885/2196/1834 1881/2193/1831 1883/2197/1830
f 1886/2198/1835 1887/2199/1832 1881/2193/1831 1885/2196/1834
f 17/19/206 248/2200/1836 1882/2191/1829 269/2201/207
f 248/2200/1836 249/2202/1837 1883/2192/1830 1882/2191/1829
f 269/2201/207 1882/2191/1829 1887/2194/1832 270/2203/209
f 18/279/1838 239/2204/1839 1884/2195/1833 250/2205/1840
f 239/2204/1839 240/2206/1841 1885/2196/1834 1884/2195/1833
f 250/2205/1840 1884/2195/1833 1883/2197/1830 249/2202/1837
f 21/274/211 271/361/213 1886/2198/1835 241/2207/1842
f 271/361/213 270/2208/209 1887/2199/1832 1886/2198/1835
f 241/2207/1842 1886/2198/1835 1885/2196/1834 240/2209/1841
f 1889/2210/1843 1890/2211/1844 1888/2212/1845 1894/2213/1846
f 1891/2214/1847 1892/2215/1848 1888/2212/1845 1890/2216/1844
f 1893/2217/1849 1894/2213/1846 1888/2212/1845 1892/2215/1848
f 20/274/225 967/360/1850 1889/2210/1843 278/2218/226
f 967/360/1850 966/362/1851 1890/2211/1844 1889/2210/1843
f 278/2218/226 1889/2210/1843 1894/2213/1846 279/380/228
f 19/363/1852 968/2219/1853 1891/2214/1847 965/364/1854
f 968/2219/1853 969/65/1855 1892/2215/1848 1891/2214/1847
f 965/364/1854 1891/2214/1847 1890/2216/1844 966/362/1851
f 24/376/230 280/2220/232 1893/2217/1849 970/58/1856
f 280/2220/232 279/375/228 1894/2213/1846 1893/2217/1849
f 970/58/1856 1893/2217/1849 1892/2215/1848 969/2221/1855
f 1896/2222/1857 1897/2223/1858 1895/2224/1859 1901/2225/1860
f 1898/2226/1861 1899/2227/1862 1895/2224/1859 1897/2223/1858
f 1900/2228/1863 1901/2225/1860 1895/2224/1859 1899/2229/1862
f 28/393/244 971/2230/1864 1896/2222/1857 284/2231/245
f 971/2230/1864 972/2232/1865 1897/2223/1858 1896/2222/1857
f 284/2231/245 1896/2222/1857 1901/2225/1860 285/2233/247
f 31/467/1866 316/469/1867 1898/2226/1861 973/2234/1868
f 316/469/1867 315/2235/1869 1899/2227/1862 1898/2226/1861
f 973/2234/1868 1898/2226/1861 1897/2223/1858 972/2236/1865
f 29/398/249 286/2237/251 1900/2228/1863 314/464/1870
f 286/2237/251 285/2238/247 1901/2225/1860 1900/2228/1863
f 314/464/1870 1900/2228/1863 1899/2229/1862 315/2235/1869
f 1903/2239/1871 1904/2240/1872 1902/2241/1873 1908/2242/1874
f 1905/2243/1875 1906/2244/1876 1902/2241/1873 1904/2245/1872
f 1907/2246/1877 1908/2242/1874 1902/2241/1873 1906/2247/1876
f 28/393/263 283/395/1878 1903/2239/1871 295/2248/264
f 283/395/1878 282/397/1879 1904/2240/1872 1903/2239/1871
f 295/2248/264 1903/2239/1871 1908/2242/1874 294/2249/266
f 26/403/1880 976/2250/1881 1905/2243/1875 281/2251/1882
f 976/2250/1881 975/2252/1883 1906/2244/1876 1905/2243/1875
f 281/2251/1882 1905/2243/1875 1904/2245/1872 282/2253/1879
f 25/319/268 293/423/270 1907/2246/1877 974/2254/1884
f 293/423/270 294/420/266 1908/2242/1874 1907/2246/1877
f 974/2254/1884 1907/2246/1877 1906/2247/1876 975/2255/1883
f 1910/2256/1885 1911/2257/1886 1909/2258/1887 1915/2259/1888
f 1912/2260/1889 1913/2261/1890 1909/2258/1887 1911/2262/1886
f 1914/2263/1891 1915/2264/1888 1909/2258/1887 1913/2261/1890
f 27/438/282 298/2265/1892 1910/2256/1885 302/2266/283
f 298/2265/1892 297/2267/1893 1911/2257/1886 1910/2256/1885
f 302/2266/283 1910/2256/1885 1915/2259/1888 303/2268/285
f 25/2269/1894 317/2270/1895 1912/2260/1889 296/2271/1896
f 317/2270/1895 318/2272/1897 1913/2261/1890 1912/2260/1889
f 296/2271/1896 1912/2260/1889 1911/2262/1886 297/2267/1893
f 30/443/287 304/2273/289 1914/2263/1891 319/2274/1898
f 304/2273/289 303/2275/285 1915/2264/1888 1914/2263/1891
f 319/2274/1898 1914/2263/1891 1913/2261/1890 318/2272/1897
f 1917/2276/1899 1918/2277/1900 1916/2278/1901 1922/2279/1902
f 1919/2280/1903 1920/2281/1904 1916/2278/1901 1918/2282/1900
f 1921/2283/1905 1922/2284/1902 1916/2278/1901 1920/2281/1904
f 32/447/301 307/2285/1906 1917/2276/1899 313/2286/302
f 307/2285/1906 306/2287/1907 1918/2277/1900 1917/2276/1899
f 313/2286/302 1917/2276/1899 1922/2279/1902 312/462/304
f 30/443/1908 325/2288/1909 1919/2280/1903 305/2289/1910
f 325/2288/1909 324/2290/1911 1920/2281/1904 1919/2280/1903
f 305/2289/1910 1919/2280/1903 1918/2282/1900 306/446/1907
f 29/398/306 311/2291/308 1921/2283/1905 323/2292/1912
f 311/2291/308 312/462/304 1922/2284/1902 1921/2283/1905
f 323/2292/1912 1921/2283/1905 1920/2281/1904 324/2290/1911
f 1924/2293/1913 1925/2294/1914 1923/2295/1915 1929/2296/1916
f 1926/2297/1917 1927/2298/1918 1923/2295/1915 1925/2294/1914
f 1928/2299/1919 1929/2296/1916 1923/2295/1915 1927/2300/1918
f 25/147/320 974/2301/1920 1924/2293/1913 320/480/321
f 974/2301/1920 975/2302/1921 1925/2294/1914 1924/2293/1913
f 320/480/321 1924/2293/1913 1929/2296/1916 321/2303/323
f 26/403/1922 287/2304/1923 1926/2297/1917 976/2305/1924
f 287/2304/1923 288/401/1925 1927/2298/1918 1926/2297/1917
f 976/2305/1924 1926/2297/1917 1925/2294/1914 975/2302/1921
f 29/398/325 322/483/327 1928/2299/1919 289/2306/1926
f 322/483/327 321/481/323 1929/2296/1916 1928/2299/1919
f 289/2306/1926 1928/2299/1919 1927/2300/1918 288/2307/1925
f 1931/2308/1927 1932/2309/1928 1930/2310/1929 1936/2311/1930
f 1933/2312/1931 1934/2313/1932 1930/2310/1929 1932/2314/1928
f 1935/2315/1933 1936/2316/1930 1930/2310/1929 1934/2317/1932
f 31/497/339 973/2272/1934 1931/2308/1927 328/2318/340
f 973/2272/1934 972/2274/1935 1932/2309/1928 1931/2308/1927
f 328/2318/340 1931/2308/1927 1936/2311/1930 327/504/342
f 28/2319/1936 292/482/1937 1933/2312/1931 971/2320/1938
f 292/482/1937 291/484/1939 1934/2313/1932 1933/2312/1931
f 971/2320/1938 1933/2312/1931 1932/2314/1928 972/2274/1935
f 27/137/344 326/2321/346 1935/2315/1933 290/487/1940
f 326/2321/346 327/504/342 1936/2316/1930 1935/2315/1933
f 290/487/1940 1935/2315/1933 1934/2317/1932 291/484/1939
f 1938/2322/1941 1939/2323/1942 1937/2324/1943 1943/2325/1944
f 1940/2326/1945 1941/2327/1946 1937/2324/1943 1939/2323/1942
f 1942/2328/1947 1943/2329/1944 1937/2324/1943 1941/2327/1946
f 39/516/358 364/592/1948 1938/2322/1941 334/2330/359
f 364/592/1948 363/2331/1949 1939/2323/1942 1938/2322/1941
f 334/2330/359 1938/2322/1941 1943/2325/1944 333/2332/11
f 37/586/1950 979/2333/1951 1940/2326/1945 362/2334/1952
f 979/2333/1951 978/2335/1953 1941/2327/1946 1940/2326/1945
f 362/2334/1952 1940/2326/1945 1939/2323/1942 363/2331/1949
f 34/521/362 332/2336/364 1942/2328/1947 977/2337/1954
f 332/2336/364 333/519/11 1943/2329/1944 1942/2328/1947
f 977/2337/1954 1942/2328/1947 1941/2327/1946 978/2338/1953
f 1945/2339/1955 1946/2340/1956 1944/2341/1957 1950/2342/1958
f 1947/2343/1959 1948/2344/1960 1944/2341/1957 1946/2340/1956
f 1949/2345/1961 1950/2342/1958 1944/2341/1957 1948/2346/1960
f 36/526/376 337/528/1962 1945/2339/1955 343/540/377
f 337/528/1962 336/2347/1963 1946/2340/1956 1945/2339/1955
f 343/540/377 1945/2339/1955 1950/2342/1958 342/2348/30
f 34/521/1964 982/2349/1965 1947/2343/1959 335/2350/1966
f 982/2349/1965 981/2351/1967 1948/2344/1960 1947/2343/1959
f 335/2350/1966 1947/2343/1959 1946/2340/1956 336/2352/1963
f 33/544/380 341/546/382 1949/2345/1961 980/2353/1968
f 341/546/382 342/2354/30 1950/2342/1958 1949/2345/1961
f 980/2353/1968 1949/2345/1961 1948/2346/1960 981/2351/1967
f 1952/2355/1969 1953/2356/1970 1951/2357/1971 1957/2358/1972
f 1954/2359/1973 1955/2360/1974 1951/2357/1971 1953/2361/1970
f 1956/2362/1975 1957/2363/1972 1951/2357/1971 1955/2360/1974
f 35/560/394 346/2364/1976 1952/2355/1969 350/2365/395
f 346/2364/1976 345/2366/1977 1953/2356/1970 1952/2355/1969
f 350/2365/395 1952/2355/1969 1957/2358/1972 351/2367/49
f 33/2368/1978 365/2369/1979 1954/2359/1973 344/2370/1980
f 365/2369/1979 366/2371/1981 1955/2360/1974 1954/2359/1973
f 344/2370/1980 1954/2359/1973 1953/2361/1970 345/2366/1977
f 38/564/398 352/2372/400 1956/2362/1975 367/2373/1982
f 352/2372/400 351/568/49 1957/2363/1972 1956/2362/1975
f 367/2373/1982 1956/2362/1975 1955/2360/1974 366/2371/1981
f 1959/2374/1983 1960/2375/1984 1958/2376/1985 1964/2377/1986
f 1961/2378/1987 1962/2379/1988 1958/2376/1985 1960/2380/1984
f 1963/2381/1989 1964/2382/1986 1958/2376/1985 1962/2379/1988
f 40/569/412 355/571/1990 1959/2374/1983 361/582/413
f 355/571/1990 354/2383/1991 1960/2375/1984 1959/2374/1983
f 361/582/413 1959/2374/1983 1964/2377/1986 360/2384/68
f 38/564/1992 373/2385/1993 1961/2378/1987 353/2386/1994
f 373/2385/1993 372/2387/1995 1962/2379/1988 1961/2378/1987
f 353/2386/1994 1961/2378/1987 1960/2380/1984 354/572/1991
f 37/586/416 359/2388/418 1963/2381/1989 371/2389/1996
f 359/2388/418 360/584/68 1964/2382/1986 1963/2381/1989
f 371/2389/1996 1963/2381/1989 1962/2379/1988 372/2390/1995
f 1966/2391/1997 1967/2392/1998 1965/2393/1999 1971/2394/2000
f 1968/2395/2001 1969/2396/2002 1965/2393/1999 1967/2392/1998
f 1970/2397/2003 1971/2398/2000 1965/2393/1999 1969/2396/2002
f 33/604/430 980/2399/2004 1966/2391/1997 368/2400/431
f 980/2399/2004 981/2401/2005 1967/2392/1998 1966/2391/1997
f 368/2400/431 1966/2391/1997 1971/2394/2000 369/612/87
f 34/521/2006 977/2402/2007 1968/2395/2001 982/2403/2008
f 977/2402/2007 978/2404/2009 1969/2396/2002 1968/2395/2001
f 982/2403/2008 1968/2395/2001 1967/2392/1998 981/2401/2005
f 37/586/434 370/2405/436 1970/2397/2003 979/2333/2010
f 370/2405/436 369/2406/87 1971/2398/2000 1970/2397/2003
f 979/2333/2010 1970/2397/2003 1969/2396/2002 978/2335/2009
f 1973/2407/2011 1974/2408/2012 1972/2409/2013 1978/2410/2014
f 1975/2411/2015 1976/2412/2016 1972/2409/2013 1974/2413/2012
f 1977/2414/2017 1978/2415/2014 1972/2409/2013 1976/2416/2016
f 36/586/448 340/609/2018 1973/2407/2011 374/2417/449
f 340/609/2018 339/611/2019 1974/2408/2012 1973/2407/2011
f 374/2417/449 1973/2407/2011 1978/2410/2014 375/628/106
f 35/613/2020 347/2418/2021 1975/2411/2015 338/615/2022
f 347/2418/2021 348/2419/2023 1976/2412/2016 1975/2411/2015
f 338/615/2022 1975/2411/2015 1974/2413/2012 339/611/2019
f 40/630/452 376/2420/454 1977/2414/2017 349/2421/2024
f 376/2420/454 375/2422/106 1978/2415/2014 1977/2414/2017
f 349/2421/2024 1977/2414/2017 1976/2416/2016 348/2419/2023
f 1980/2423/2025 1981/2424/2026 1979/2425/2027 1985/2426/2028
f 1982/2427/2029 1983/2428/2030 1979/2425/2027 1981/2424/2026
f 1984/2429/2031 1985/2430/2028 1979/2425/2027 1983/2428/2030
f 47/647/466 412/2431/2032 1980/2423/2025 382/2432/467
f 412/2431/2032 411/2433/2033 1981/2424/2026 1980/2423/2025
f 382/2432/467 1980/2423/2025 1985/2426/2028 381/2434/11
f 45/719/2034 985/2435/2035 1982/2427/2029 410/2436/2036
f 985/2435/2035 984/2437/2037 1983/2428/2030 1982/2427/2029
f 410/2436/2036 1982/2427/2029 1981/2424/2026 411/2438/2033
f 42/652/470 380/2439/472 1984/2429/2031 983/2440/2038
f 380/2439/472 381/656/11 1985/2430/2028 1984/2429/2031
f 983/2440/2038 1984/2429/2031 1983/2428/2030 984/2441/2037
f 1987/2442/2039 1988/2443/2040 1986/2444/2041 1992/2445/2042
f 1989/2446/2043 1990/2447/2044 1986/2444/2041 1988/2443/2040
f 1991/2448/2045 1992/2449/2042 1986/2444/2041 1990/2447/2044
f 44/657/484 385/2450/2046 1987/2442/2039 391/2451/485
f 385/2450/2046 384/2452/2047 1988/2443/2040 1987/2442/2039
f 391/2451/485 1987/2442/2039 1992/2445/2042 390/2453/30
f 42/652/2048 988/2454/2049 1989/2446/2043 383/653/2050
f 988/2454/2049 987/2455/2051 1990/2447/2044 1989/2446/2043
f 383/653/2050 1989/2446/2043 1988/2443/2040 384/2456/2047
f 41/674/488 389/2457/490 1991/2448/2045 986/2458/2052
f 389/2457/490 390/2453/30 1992/2449/2042 1991/2448/2045
f 986/2458/2052 1991/2448/2045 1990/2447/2044 987/2455/2051
f 1994/2459/2053 1995/2460/2054 1993/2461/2055 1999/2462/2056
f 1996/2463/2057 1997/2464/2058 1993/2461/2055 1995/2460/2054
f 1998/2465/2059 1999/2462/2056 1993/2461/2055 1997/2464/2058
f 43/692/502 394/2466/2060 1994/2459/2053 398/693/503
f 394/2466/2060 393/2467/2061 1995/2460/2054 1994/2459/2053
f 398/693/503 1994/2459/2053 1999/2462/2056 399/701/49
f 41/2468/2062 413/2469/2063 1996/2463/2057 392/2470/2064
f 413/2469/2063 414/2471/2065 1997/2464/2058 1996/2463/2057
f 392/2470/2064 1996/2463/2057 1995/2460/2054 393/2467/2061
f 46/697/506 400/699/508 1998/2465/2059 415/2472/2066
f 400/699/508 399/2473/49 1999/2462/2056 1998/2465/2059
f 415/2472/2066 1998/2465/2059 1997/2464/2058 414/2471/2065
f 2001/2474/2067 2002/2475/2068 2000/2476/2069 2006/2477/2070
f 2003/2478/2071 2004/2479/2072 2000/2476/2069 2002/2475/2068
f 2005/2480/2073 2006/2477/2070 2000/2476/2069 2004/2481/2072
f 48/702/520 403/2482/2074 2001/2474/2067 409/2483/521
f 403/2482/2074 402/2484/2075 2002/2475/2068 2001/2474/2067
f 409/2483/521 2001/2474/2067 2006/2477/2070 408/723/68
f 46/697/2076 421/768/2077 2003/2478/2071 401/698/2078
f 421/768/2077 420/761/2079 2004/2479/2072 2003/2478/2071
f 401/698/2078 2003/2478/2071 2002/2475/2068 402/2485/2075
f 45/719/524 407/2486/526 2005/2480/2073 419/759/2080
f 407/2486/526 408/723/68 2006/2477/2070 2005/2480/2073
f 419/759/2080 2005/2480/2073 2004/2481/2072 420/761/2079
f 2008/2487/2081 2009/2488/2082 2007/2489/2083 2013/2490/2084
f 2010/2491/2085 2011/2492/2086 2007/2489/2083 2009/2493/2082
f 2012/2494/2087 2013/2495/2084 2007/2489/2083 2011/2496/2086
f 41/737/538 986/2497/2088 2008/2487/2081 416/2498/539
f 986/2497/2088 987/2499/2089 2009/2488/2082 2008/2487/2081
f 416/2498/539 2008/2487/2081 2013/2490/2084 417/2500/87
f 42/652/2090 983/2501/2091 2010/2491/2085 988/2502/2092
f 983/2501/2091 984/2503/2093 2011/2492/2086 2010/2491/2085
f 988/2502/2092 2010/2491/2085 2009/2493/2082 987/2499/2089
f 45/719/542 418/2504/544 2012/2494/2087 985/2435/2094
f 418/2504/544 417/2505/87 2013/2495/2084 2012/2494/2087
f 985/2435/2094 2012/2494/2087 2011/2496/2086 984/2437/2093
f 2015/2506/2095 2016/2507/2096 2014/2508/2097 2020/2509/2098
f 2017/2510/2099 2018/2511/2100 2014/2508/2097 2016/2512/2096
f 2019/2513/2101 2020/2514/2098 2014/2508/2097 2018/2515/2100
f 44/719/556 388/742/2102 2015/2506/2095 422/2516/557
f 388/742/2102 387/744/2103 2016/2507/2096 2015/2506/2095
f 422/2516/557 2015/2506/2095 2020/2509/2098 423/2517/106
f 43/746/2104 395/2518/2105 2017/2510/2099 386/748/2106
f 395/2518/2105 396/2519/2107 2018/2511/2100 2017/2510/2099
f 386/748/2106 2017/2510/2099 2016/2512/2096 387/744/2103
f 48/762/560 424/764/562 2019/2513/2101 397/2520/2108
f 424/764/562 423/2521/106 2020/2514/2098 2019/2513/2101
f 397/2520/2108 2019/2513/2101 2018/2515/2100 396/2519/2107
f 2022/2522/2109 2023/2523/2110 2021/2524/2111 2027/2525/2112
f 2024/2526/2113 2025/2527/2114 2021/2524/2111 2023/2528/2110
f 2026/2529/2115 2027/2530/2112 2021/2524/2111 2025/2531/2114
f 55/780/574 460/2532/2116 2022/2522/2109 430/2533/575
f 460/2532/2116 459/2534/2117 2023/2523/2110 2022/2522/2109
f 430/2533/575 2022/2522/2109 2027/2525/2112 429/2535/11
f 53/851/2118 991/2536/2119 2024/2526/2113 458/2537/2120
f 991/2536/2119 990/2538/2121 2025/2527/2114 2024/2526/2113
f 458/2537/2120 2024/2526/2113 2023/2528/2110 459/2539/2117
f 50/785/578 428/787/580 2026/2529/2115 989/2540/2122
f 428/787/580 429/2541/11 2027/2530/2112 2026/2529/2115
f 989/2540/2122 2026/2529/2115 2025/2531/2114 990/2538/2121
f 2029/2542/2123 2030/2543/2124 2028/2544/2125 2034/2545/2126
f 2031/2546/2127 2032/2547/2128 2028/2544/2125 2030/2548/2124
f 2033/2549/2129 2034/2550/2126 2028/2544/2125 2032/2551/2128
f 52/790/592 433/2552/2130 2029/2542/2123 439/2553/593
f 433/2552/2130 432/788/2131 2030/2543/2124 2029/2542/2123
f 439/2553/593 2029/2542/2123 2034/2545/2126 438/2554/30
f 50/785/2132 994/2555/2133 2031/2546/2127 431/2556/2134
f 994/2555/2133 993/2557/2135 2032/2547/2128 2031/2546/2127
f 431/2556/2134 2031/2546/2127 2030/2548/2124 432/788/2131
f 49/806/596 437/2558/598 2033/2549/2129 992/2559/2136
f 437/2558/598 438/2560/30 2034/2550/2126 2033/2549/2129
f 992/2559/2136 2033/2549/2129 2032/2551/2128 993/2557/2135
f 2036/2561/2137 2037/2562/2138 2035/2563/2139 2041/2564/2140
f 2038/2565/2141 2039/2566/2142 2035/2563/2139 2037/2567/2138
f 2040/2568/2143 2041/2569/2140 2035/2563/2139 2039/2566/2142
f 51/823/610 442/2570/2144 2036/2561/2137 446/2571/611
f 442/2570/2144 441/2572/2145 2037/2562/2138 2036/2561/2137
f 446/2571/611 2036/2561/2137 2041/2564/2140 447/2573/49
f 49/301/2146 461/2574/2147 2038/2565/2141 440/2575/2148
f 461/2574/2147 462/2576/2149 2039/2566/2142 2038/2565/2141
f 440/2575/2148 2038/2565/2141 2037/2567/2138 441/2572/2145
f 54/828/614 448/2577/616 2040/2568/2143 463/2578/2150
f 448/2577/616 447/2579/49 2041/2569/2140 2040/2568/2143
f 463/2578/2150 2040/2568/2143 2039/2566/2142 462/2576/2149
f 2043/2580/2151 2044/2581/2152 2042/2582/2153 2048/2583/2154
f 2045/2584/2155 2046/2585/2156 2042/2582/2153 2044/2586/2152
f 2047/2587/2157 2048/2583/2154 2042/2582/2153 2046/2585/2156
f 56/833/628 451/2588/2158 2043/2580/2151 457/2589/629
f 451/2588/2158 450/2590/2159 2044/2581/2152 2043/2580/2151
f 457/2589/629 2043/2580/2151 2048/2583/2154 456/2591/68
f 54/828/2160 469/2592/2161 2045/2584/2155 449/2593/2162
f 469/2592/2161 468/2594/2163 2046/2585/2156 2045/2584/2155
f 449/2593/2162 2045/2584/2155 2044/2586/2152 450/2595/2159
f 53/851/632 455/2596/634 2047/2587/2157 467/2597/2164
f 455/2596/634 456/2598/68 2048/2583/2154 2047/2587/2157
f 467/2597/2164 2047/2587/2157 2046/2585/2156 468/2594/2163
f 2050/2599/2165 2051/2600/2166 2049/2601/2167 2055/2602/2168
f 2052/2603/2169 2053/2604/2170 2049/2601/2167 2051/2605/2166
f 2054/2606/2171 2055/2607/2168 2049/2601/2167 2053/2608/2170
f 49/867/646 992/2609/2172 2050/2599/2165 464/2610/647
f 992/2609/2172 993/2611/2173 2051/2600/2166 2050/2599/2165
f 464/2610/647 2050/2599/2165 2055/2602/2168 465/2612/87
f 50/785/2174 989/2540/2175 2052/2603/2169 994/2613/2176
f 989/2540/2175 990/2538/2177 2053/2604/2170 2052/2603/2169
f 994/2613/2176 2052/2603/2169 2051/2605/2166 993/2611/2173
f 53/851/650 466/2614/652 2054/2606/2171 991/2536/2178
f 466/2614/652 465/870/87 2055/2607/2168 2054/2606/2171
f 991/2536/2178 2054/2606/2171 2053/2608/2170 990/2538/2177
f 2057/2615/2179 2058/2616/2180 2056/2617/2181 2062/2618/2182
f 2059/2619/2183 2060/2620/2184 2056/2617/2181 2058/2621/2180
f 2061/2622/2185 2062/2623/2182 2056/2617/2181 2060/2624/2184
f 52/851/664 436/872/2186 2057/2615/2179 470/887/665
f 436/872/2186 435/874/2187 2058/2616/2180 2057/2615/2179
f 470/887/665 2057/2615/2179 2062/2618/2182 471/2625/106
f 51/875/2188 443/2626/2189 2059/2619/2183 434/877/2190
f 443/2626/2189 444/2627/2191 2060/2620/2184 2059/2619/2183
f 434/877/2190 2059/2619/2183 2058/2621/2180 435/874/2187
f 56/891/668 472/2628/670 2061/2622/2185 445/2629/2192
f 472/2628/670 471/889/106 2062/2623/2182 2061/2622/2185
f 445/2629/2192 2061/2622/2185 2060/2624/2184 444/2630/2191
f 2064/2631/2193 2065/2632/2194 2063/2633/2195 2069/2634/2196
f 2066/2635/2197 2067/2636/2198 2063/2633/2195 2065/2637/2194
f 2068/2638/2199 2069/2639/2196 2063/2633/2195 2067/2640/2198
f 63/908/682 502/975/2200 2064/2631/2193 478/2641/683
f 502/975/2200 501/2642/2201 2065/2632/2194 2064/2631/2193
f 478/2641/683 2064/2631/2193 2069/2634/2196 477/911/685
f 61/982/2202 997/2643/2203 2066/2635/2197 500/2644/2204
f 997/2643/2203 996/2645/2205 2067/2636/2198 2066/2635/2197
f 500/2644/2204 2066/2635/2197 2065/2637/2194 501/2646/2201
f 58/913/687 476/2647/689 2068/2638/2199 995/2648/2206
f 476/2647/689 477/917/685 2069/2639/2196 2068/2638/2199
f 995/2648/2206 2068/2638/2199 2067/2640/2198 996/2649/2205
f 2071/2650/2207 2072/2651/2208 2070/2652/2209 2076/2653/2210
f 2073/2654/2211 2074/2655/2212 2070/2652/2209 2072/2656/2208
f 2075/2657/2213 2076/2658/2210 2070/2652/2209 2074/2659/2212
f 60/918/701 481/2660/2214 2071/2650/2207 487/2661/702
f 481/2660/2214 480/2662/2215 2072/2651/2208 2071/2650/2207
f 487/2661/702 2071/2650/2207 2076/2653/2210 486/934/30
f 58/913/2216 1000/2663/2217 2073/2654/2211 479/2664/2218
f 1000/2663/2217 999/2665/2219 2074/2655/2212 2073/2654/2211
f 479/2664/2218 2073/2654/2211 2072/2656/2208 480/2666/2215
f 57/936/705 485/2667/707 2075/2657/2213 998/2668/2220
f 485/2667/707 486/2669/30 2076/2658/2210 2075/2657/2213
f 998/2668/2220 2075/2657/2213 2074/2659/2212 999/2665/2219
f 2078/2670/2221 2079/2671/2222 2077/2672/2223 2083/2673/2224
f 2080/2674/2225 2081/2675/2226 2077/2672/2223 2079/2671/2222
f 2082/2676/2227 2083/2673/2224 2077/2672/2223 2081/2677/2226
f 59/953/719 490/2678/2228 2078/2670/2221 494/2679/720
f 490/2678/2228 489/2680/2229 2079/2671/2222 2078/2670/2221
f 494/2679/720 2078/2670/2221 2083/2673/2224 495/2681/722
f 57/2682/2230 509/2683/2231 2080/2674/2225 488/2684/2232
f 509/2683/2231 510/2685/2233 2081/2675/2226 2080/2674/2225
f 488/2684/2232 2080/2674/2225 2079/2671/2222 489/2680/2229
f 62/958/724 496/2686/726 2082/2676/2227 511/2687/2234
f 496/2686/726 495/2688/722 2083/2673/2224 2082/2676/2227
f 511/2687/2234 2082/2676/2227 2081/2677/2226 510/2685/2233
f 2085/2689/2235 2086/2690/2236 2084/2691/2237 2090/2692/2238
f 2087/2693/2239 2088/2694/2240 2084/2691/2237 2086/2690/2236
f 2089/2695/2241 2090/2692/2238 2084/2691/2237 2088/2696/2240
f 63/908/738 518/2697/2242 2085/2689/2235 505/2698/739
f 518/2697/2242 519/2699/2243 2086/2690/2236 2085/2689/2235
f 505/2698/739 2085/2689/2235 2090/2692/2238 504/2700/68
f 64/962/2244 499/2701/2245 2087/2693/2239 520/2702/2246
f 499/2701/2245 498/2703/2247 2088/2694/2240 2087/2693/2239
f 520/2702/2246 2087/2693/2239 2086/2690/2236 519/2699/2243
f 62/958/742 503/2704/744 2089/2695/2241 497/2705/2248
f 503/2704/744 504/2706/68 2090/2692/2238 2089/2695/2241
f 497/2705/2248 2089/2695/2241 2088/2696/2240 498/2703/2247
f 2092/2707/2249 2093/2708/2250 2091/2709/2251 2097/2710/2252
f 2094/2711/2253 2095/2712/2254 2091/2709/2251 2093/2713/2250
f 2096/2714/2255 2097/2715/2252 2091/2709/2251 2095/2716/2254
f 57/995/756 998/2717/2256 2092/2707/2249 512/2718/757
f 998/2717/2256 999/2719/2257 2093/2708/2250 2092/2707/2249
f 512/2718/757 2092/2707/2249 2097/2710/2252 513/1003/759
f 58/913/2258 995/2720/2259 2094/2711/2253 1000/2721/2260
f 995/2720/2259 996/2649/2261 2095/2712/2254 2094/2711/2253
f 1000/2721/2260 2094/2711/2253 2093/2713/2250 999/2719/2257
f 61/982/761 514/1001/763 2096/2714/2255 997/2722/2262
f 514/1001/763 513/2723/759 2097/2715/2252 2096/2714/2255
f 997/2722/2262 2096/2714/2255 2095/2716/2254 996/2645/2261
f 2099/2724/2263 2100/2725/2264 2098/2726/2265 2104/2727/2266
f 2101/2728/2267 2102/2729/2268 2098/2726/2265 2100/2730/2264
f 2103/2731/2269 2104/2732/2266 2098/2726/2265 2102/2733/2268
f 60/982/775 484/1000/2270 2099/2724/2263 515/2734/776
f 484/1000/2270 483/1002/2271 2100/2725/2264 2099/2724/2263
f 515/2734/776 2099/2724/2263 2104/2727/2266 516/2735/778
f 59/1004/2272 491/2736/2273 2101/2728/2267 482/1006/2274
f 491/2736/2273 492/2737/2275 2102/2729/2268 2101/2728/2267
f 482/1006/2274 2101/2728/2267 2100/2730/2264 483/1002/2271
f 64/1019/780 517/2738/782 2103/2731/2269 493/2739/2276
f 517/2738/782 516/2740/778 2104/2732/2266 2103/2731/2269
f 493/2739/2276 2103/2731/2269 2102/2733/2268 492/2737/2275
f 2106/2741/2277 2107/2742/2278 2105/2743/2279 2111/2744/2280
f 2108/2745/2281 2109/2746/2282 2105/2743/2279 2107/2742/2278
f 2110/2747/2283 2111/2744/2280 2105/2743/2279 2109/2748/2282
f 71/1035/794 550/2749/2284 2106/2741/2277 526/2750/795
f 550/2749/2284 549/2751/2285 2107/2742/2278 2106/2741/2277
f 526/2750/795 2106/2741/2277 2111/2744/2280 525/2752/797
f 69/1110/2286 1003/2753/2287 2108/2745/2281 548/2754/2288
f 1003/2753/2287 1002/2755/2289 2109/2746/2282 2108/2745/2281
f 548/2754/2288 2108/2745/2281 2107/2742/2278 549/2751/2285
f 66/982/799 524/2756/801 2110/2747/2283 1001/2757/2290
f 524/2756/801 525/1038/797 2111/2744/2280 2110/2747/2283
f 1001/2757/2290 2110/2747/2283 2109/2748/2282 1002/2758/2289
f 2113/2759/2291 2114/2760/2292 2112/2761/2293 2118/2762/2294
f 2115/2763/2295 2116/2764/2296 2112/2761/2293 2114/2765/2292
f 2117/2766/2297 2118/2767/2294 2112/2761/2293 2116/2768/2296
f 68/1044/813 529/2769/2298 2113/2759/2291 535/2770/814
f 529/2769/2298 528/2771/2299 2114/2760/2292 2113/2759/2291
f 535/2770/814 2113/2759/2291 2118/2762/2294 534/2772/30
f 66/982/2300 1006/2773/2301 2115/2763/2295 527/2774/2302
f 1006/2773/2301 1005/2775/2303 2116/2764/2296 2115/2763/2295
f 527/2774/2302 2115/2763/2295 2114/2765/2292 528/2776/2299
f 65/913/817 533/2777/819 2117/2766/2297 1004/2778/2304
f 533/2777/819 534/2779/30 2118/2767/2294 2117/2766/2297
f 1004/2778/2304 2117/2766/2297 2116/2768/2296 1005/2775/2303
f 2120/2780/2305 2121/2781/2306 2119/2782/2307 2125/2783/2308
f 2122/2784/2309 2123/2785/2310 2119/2782/2307 2121/2781/2306
f 2124/2786/2311 2125/2787/2308 2119/2782/2307 2123/2788/2310
f 67/1078/831 538/2789/2312 2120/2780/2305 542/1079/832
f 538/2789/2312 537/2790/2313 2121/2781/2306 2120/2780/2305
f 542/1079/832 2120/2780/2305 2125/2783/2308 543/2791/834
f 65/2792/2314 557/2793/2315 2122/2784/2309 536/2794/2316
f 557/2793/2315 558/2795/2317 2123/2785/2310 2122/2784/2309
f 536/2794/2316 2122/2784/2309 2121/2781/2306 537/2790/2313
f 70/1083/836 544/2796/838 2124/2786/2311 559/2797/2318
f 544/2796/838 543/1087/834 2125/2787/2308 2124/2786/2311
f 559/2797/2318 2124/2786/2311 2123/2788/2310 558/2795/2317
f 2127/2798/2319 2128/2799/2320 2126/2800/2321 2132/2801/2322
f 2129/2802/2323 2130/2803/2324 2126/2800/2321 2128/2804/2320
f 2131/2805/2325 2132/2801/2322 2126/2800/2321 2130/2806/2324
f 71/1035/850 566/2807/2326 2127/2798/2319 553/2808/851
f 566/2807/2326 567/2809/2327 2128/2799/2320 2127/2798/2319
f 553/2808/851 2127/2798/2319 2132/2801/2322 552/2810/68
f 72/1088/2328 547/2811/2329 2129/2802/2323 568/2812/2330
f 547/2811/2329 546/2813/2331 2130/2803/2324 2129/2802/2323
f 568/2812/2330 2129/2802/2323 2128/2804/2320 567/2809/2327
f 70/1083/854 551/2814/856 2131/2805/2325 545/2815/2332
f 551/2814/856 552/2810/68 2132/2801/2322 2131/2805/2325
f 545/2815/2332 2131/2805/2325 2130/2806/2324 546/2813/2331
f 2134/2816/2333 2135/2817/2334 2133/2818/2335 2139/2819/2336
f 2136/2820/2337 2137/2821/2338 2133/2818/2335 2135/2817/2334
f 2138/2822/2339 2139/2819/2336 2133/2818/2335 2137/2821/2338
f 65/1122/868 1004/1006/2340 2134/2816/2333 560/2823/869
f 1004/1006/2340 1005/1002/2341 2135/2817/2334 2134/2816/2333
f 560/2823/869 2134/2816/2333 2139/2819/2336 561/2824/871
f 66/982/2342 1001/2825/2343 2136/2820/2337 1006/1000/2344
f 1001/2825/2343 1002/2826/2345 2137/2821/2338 2136/2820/2337
f 1006/1000/2344 2136/2820/2337 2135/2817/2334 1005/1002/2341
f 69/1110/873 562/2827/875 2138/2822/2339 1003/2828/2346
f 562/2827/875 561/2829/871 2139/2819/2336 2138/2822/2339
f 1003/2828/2346 2138/2822/2339 2137/2821/2338 1002/2758/2345
f 2141/2830/2347 2142/2831/2348 2140/2832/2349 2146/2833/2350
f 2143/2834/2351 2144/2835/2352 2140/2832/2349 2142/2836/2348
f 2145/2837/2353 2146/2838/2350 2140/2832/2349 2144/2839/2352
f 68/1110/887 532/1127/2354 2141/2830/2347 563/2840/888
f 532/1127/2354 531/1129/2355 2142/2831/2348 2141/2830/2347
f 563/2840/888 2141/2830/2347 2146/2833/2350 564/1151/890
f 67/1131/2356 539/2841/2357 2143/2834/2351 530/1133/2358
f 539/2841/2357 540/2842/2359 2144/2835/2352 2143/2834/2351
f 530/1133/2358 2143/2834/2351 2142/2836/2348 531/1129/2355
f 72/1147/892 565/2843/894 2145/2837/2353 541/2844/2360
f 565/2843/894 564/2845/890 2146/2838/2350 2145/2837/2353
f 541/2844/2360 2145/2837/2353 2144/2839/2352 540/2842/2359
f 2148/2741/2361 2149/2742/2362 2147/2743/2363 2153/2744/2364
f 2150/2745/2365 2151/2746/2366 2147/2743/2363 2149/2742/2362
f 2152/2747/2367 2153/2744/2364 2147/2743/2363 2151/2748/2366
f 79/1035/906 598/2749/2368 2148/2741/2361 574/2750/907
f 598/2749/2368 597/2751/2369 2149/2742/2362 2148/2741/2361
f 574/2750/907 2148/2741/2361 2153/2744/2364 573/2752/909
f 77/1110/2370 1009/2753/2371 2150/2745/2365 596/2754/2372
f 1009/2753/2371 1008/2755/2373 2151/2746/2366 2150/2745/2365
f 596/2754/2372 2150/2745/2365 2149/2742/2362 597/2751/2369
f 74/982/911 572/2756/913 2152/2747/2367 1007/2757/2374
f 572/2756/913 573/1038/909 2153/2744/2364 2152/2747/2367
f 1007/2757/2374 2152/2747/2367 2151/2748/2366 1008/2758/2373
f 2155/2759/2375 2156/2760/2376 2154/2761/2377 2160/2762/2378
f 2157/2763/2379 2158/2764/2380 2154/2761/2377 2156/2765/2376
f 2159/2766/2381 2160/2767/2378 2154/2761/2377 2158/2768/2380
f 76/1044/925 577/2769/2382 2155/2759/2375 583/2770/926
f 577/2769/2382 576/2771/2383 2156/2760/2376 2155/2759/2375
f 583/2770/926 2155/2759/2375 2160/2762/2378 582/2772/30
f 74/982/2384 1012/2773/2385 2157/2763/2379 575/2774/2386
f 1012/2773/2385 1011/2775/2387 2158/2764/2380 2157/2763/2379
f 575/2774/2386 2157/2763/2379 2156/2765/2376 576/2776/2383
f 73/913/929 581/2777/931 2159/2766/2381 1010/2778/2388
f 581/2777/931 582/2779/30 2160/2767/2378 2159/2766/2381
f 1010/2778/2388 2159/2766/2381 2158/2768/2380 1011/2775/2387
f 2162/2780/2389 2163/2781/2390 2161/2782/2391 2167/2783/2392
f 2164/2784/2393 2165/2785/2394 2161/2782/2391 2163/2781/2390
f 2166/2786/2395 2167/2787/2392 2161/2782/2391 2165/2788/2394
f 75/1078/943 586/2789/2396 2162/2780/2389 590/1079/944
f 586/2789/2396 585/2790/2397 2163/2781/2390 2162/2780/2389
f 590/1079/944 2162/2780/2389 2167/2783/2392 591/2791/946
f 73/2792/2398 605/2793/2399 2164/2784/2393 584/2794/2400
f 605/2793/2399 606/2795/2401 2165/2785/2394 2164/2784/2393
f 584/2794/2400 2164/2784/2393 2163/2781/2390 585/2790/2397
f 78/1083/948 592/2796/950 2166/2786/2395 607/2797/2402
f 592/2796/950 591/1087/946 2167/2787/2392 2166/2786/2395
f 607/2797/2402 2166/2786/2395 2165/2788/2394 606/2795/2401
f 2169/2798/2403 2170/2799/2404 2168/2800/2405 2174/2801/2406
f 2171/2802/2407 2172/2803/2408 2168/2800/2405 2170/2804/2404
f 2173/2805/2409 2174/2801/2406 2168/2800/2405 2172/2806/2408
f 79/1035/962 614/2807/2410 2169/2798/2403 601/2808/963
f 614/2807/2410 615/2809/2411 2170/2799/2404 2169/2798/2403
f 601/2808/963 2169/2798/2403 2174/2801/2406 600/2810/68
f 80/1088/2412 595/2811/2413 2171/2802/2407 616/2812/2414
f 595/2811/2413 594/2813/2415 2172/2803/2408 2171/2802/2407
f 616/2812/2414 2171/2802/2407 2170/2804/2404 615/2809/2411
f 78/1083/966 599/2814/968 2173/2805/2409 593/2815/2416
f 599/2814/968 600/2810/68 2174/2801/2406 2173/2805/2409
f 593/2815/2416 2173/2805/2409 2172/2806/2408 594/2813/2415
f 2176/2816/2417 2177/2817/2418 2175/2818/2419 2181/2819/2420
f 2178/2820/2421 2179/2821/2422 2175/2818/2419 2177/2817/2418
f 2180/2822/2423 2181/2819/2420 2175/2818/2419 2179/2821/2422
f 73/1122/980 1010/1006/2424 2176/2816/2417 608/2823/981
f 1010/1006/2424 1011/1002/2425 2177/2817/2418 2176/2816/2417
f 608/2823/981 2176/2816/2417 2181/2819/2420 609/2824/983
f 74/982/2426 1007/2825/2427 2178/2820/2421 1012/1000/2428
f 1007/2825/2427 1008/2826/2429 2179/2821/2422 2178/2820/2421
f 1012/1000/2428 2178/2820/2421 2177/2817/2418 1011/1002/2425
f 77/1110/985 610/2827/987 2180/2822/2423 1009/2828/2430
f 610/2827/987 609/2829/983 2181/2819/2420 2180/2822/2423
f 1009/2828/2430 2180/2822/2423 2179/2821/2422 1008/2758/2429
f 2183/2830/2431 2184/2831/2432 2182/2832/2433 2188/2833/2434
f 2185/2834/2435 2186/2835/2436 2182/2832/2433 2184/2836/2432
f 2187/2837/2437 2188/2838/2434 2182/2832/2433 2186/2839/2436
f 76/1110/999 580/1127/2438 2183/2830/2431 611/2840/1000
f 580/1127/2438 579/1129/2439 2184/2831/2432 2183/2830/2431
f 611/2840/1000 2183/2830/2431 2188/2833/2434 612/1151/1002
f 75/1131/2440 587/2841/2441 2185/2834/2435 578/1133/2442
f 587/2841/2441 588/2842/2443 2186/2835/2436 2185/2834/2435
f 578/1133/2442 2185/2834/2435 2184/2836/2432 579/1129/2439
f 80/1147/1004 613/2843/1006 2187/2837/2437 589/2844/2444
f 613/2843/1006 612/2845/1002 2188/2838/2434 2187/2837/2437
f 589/2844/2444 2187/2837/2437 2186/2839/2436 588/2842/2443
f 2190/2631/2445 2191/2632/2446 2189/2633/2447 2195/2634/2448
f 2192/2635/2449 2193/2636/2450 2189/2633/2447 2191/2637/2446
f 2194/2638/2451 2195/2639/2448 2189/2633/2447 2193/2640/2450
f 87/908/1018 646/975/2452 2190/2631/2445 622/2641/1019
f 646/975/2452 645/2642/2453 2191/2632/2446 2190/2631/2445
f 622/2641/1019 2190/2631/2445 2195/2634/2448 621/911/1021
f 85/982/2454 1015/2643/2455 2192/2635/2449 644/2644/2456
f 1015/2643/2455 1014/2645/2457 2193/2636/2450 2192/2635/2449
f 644/2644/2456 2192/2635/2449 2191/2637/2446 645/2646/2453
f 82/913/1023 620/2647/1025 2194/2638/2451 1013/2648/2458
f 620/2647/1025 621/917/1021 2195/2639/2448 2194/2638/2451
f 1013/2648/2458 2194/2638/2451 2193/2640/2450 1014/2649/2457
f 2197/2650/2459 2198/2651/2460 2196/2652/2461 2202/2653/2462
f 2199/2654/2463 2200/2655/2464 2196/2652/2461 2198/2656/2460
f 2201/2657/2465 2202/2658/2462 2196/2652/2461 2200/2659/2464
f 84/918/1037 625/2660/2466 2197/2650/2459 631/2661/1038
f 625/2660/2466 624/2662/2467 2198/2651/2460 2197/2650/2459
f 631/2661/1038 2197/2650/2459 2202/2653/2462 630/934/30
f 82/913/2468 1018/2663/2469 2199/2654/2463 623/2664/2470
f 1018/2663/2469 1017/2665/2471 2200/2655/2464 2199/2654/2463
f 623/2664/2470 2199/2654/2463 2198/2656/2460 624/2666/2467
f 81/936/1041 629/2667/1043 2201/2657/2465 1016/2668/2472
f 629/2667/1043 630/2669/30 2202/2658/2462 2201/2657/2465
f 1016/2668/2472 2201/2657/2465 2200/2659/2464 1017/2665/2471
f 2204/2670/2473 2205/2671/2474 2203/2672/2475 2209/2673/2476
f 2206/2674/2477 2207/2675/2478 2203/2672/2475 2205/2671/2474
f 2208/2676/2479 2209/2673/2476 2203/2672/2475 2207/2677/2478
f 83/953/1055 634/2678/2480 2204/2670/2473 638/2679/1056
f 634/2678/2480 633/2680/2481 2205/2671/2474 2204/2670/2473
f 638/2679/1056 2204/2670/2473 2209/2673/2476 639/2681/1058
f 81/2682/2482 653/2683/2483 2206/2674/2477 632/2684/2484
f 653/2683/2483 654/2685/2485 2207/2675/2478 2206/2674/2477
f 632/2684/2484 2206/2674/2477 2205/2671/2474 633/2680/2481
f 86/958/1060 640/2686/1062 2208/2676/2479 655/2687/2486
f 640/2686/1062 639/2688/1058 2209/2673/2476 2208/2676/2479
f 655/2687/2486 2208/2676/2479 2207/2677/2478 654/2685/2485
f 2211/2689/2487 2212/2690/2488 2210/2691/2489 2216/2692/2490
f 2213/2693/2491 2214/2694/2492 2210/2691/2489 2212/2690/2488
f 2215/2695/2493 2216/2692/2490 2210/2691/2489 2214/2696/2492
f 87/908/1074 662/2697/2494 2211/2689/2487 649/2698/1075
f 662/2697/2494 663/2699/2495 2212/2690/2488 2211/2689/2487
f 649/2698/1075 2211/2689/2487 2216/2692/2490 648/2700/68
f 88/962/2496 643/2701/2497 2213/2693/2491 664/2702/2498
f 643/2701/2497 642/2703/2499 2214/2694/2492 2213/2693/2491
f 664/2702/2498 2213/2693/2491 2212/2690/2488 663/2699/2495
f 86/958/1078 647/2704/1080 2215/2695/2493 641/2705/2500
f 647/2704/1080 648/2706/68 2216/2692/2490 2215/2695/2493
f 641/2705/2500 2215/2695/2493 2214/2696/2492 642/2703/2499
f 2218/2707/2501 2219/2708/2502 2217/2709/2503 2223/2710/2504
f 2220/2711/2505 2221/2712/2506 2217/2709/2503 2219/2713/2502
f 2222/2714/2507 2223/2715/2504 2217/2709/2503 2221/2716/2506
f 81/995/1092 1016/2717/2508 2218/2707/2501 656/2718/1093
f 1016/2717/2508 1017/2719/2509 2219/2708/2502 2218/2707/2501
f 656/2718/1093 2218/2707/2501 2223/2710/2504 657/1003/1095
f 82/913/2510 1013/2720/2511 2220/2711/2505 1018/2721/2512
f 1013/2720/2511 1014/2649/2513 2221/2712/2506 2220/2711/2505
f 1018/2721/2512 2220/2711/2505 2219/2713/2502 1017/2719/2509
f 85/982/1097 658/1001/1099 2222/2714/2507 1015/2722/2514
f 658/1001/1099 657/2723/1095 2223/2715/2504 2222/2714/2507
f 1015/2722/2514 2222/2714/2507 2221/2716/2506 1014/2645/2513
f 2225/2724/2515 2226/2725/2516 2224/2726/2517 2230/2727/2518
f 2227/2728/2519 2228/2729/2520 2224/2726/2517 2226/2730/2516
f 2229/2731/2521 2230/2732/2518 2224/2726/2517 2228/2733/2520
f 84/982/1111 628/1000/2522 2225/2724/2515 659/2734/1112
f 628/1000/2522 627/1002/2523 2226/2725/2516 2225/2724/2515
f 659/2734/1112 2225/2724/2515 2230/2727/2518 660/2735/1114
f 83/1004/2524 635/2736/2525 2227/2728/2519 626/1006/2526
f 635/2736/2525 636/2737/2527 2228/2729/2520 2227/2728/2519
f 626/1006/2526 2227/2728/2519 2226/2730/2516 627/1002/2523
f 88/1019/1116 661/2738/1118 2229/2731/2521 637/2739/2528
f 661/2738/1118 660/2740/1114 2230/2732/2518 2229/2731/2521
f 637/2739/2528 2229/2731/2521 2228/2733/2520 636/2737/2527
f 2232/2846/2529 2233/2847/2530 2231/2848/2531 2237/2849/2532
f 2234/2850/2533 2235/2851/2534 2231/2848/2531 2233/2852/2530
f 2236/2853/2535 2237/2854/2532 2231/2848/2531 2235/2851/2534
f 95/1164/1130 700/2855/2536 2232/2846/2529 670/1165/1131
f 700/2855/2536 699/2856/2537 2233/2847/2530 2232/2846/2529
f 670/1165/1131 2232/2846/2529 2237/2849/2532 669/2857/1133
f 93/1239/2538 709/1264/2539 2234/2850/2533 698/2858/2540
f 709/1264/2539 708/1261/2541 2235/2851/2534 2234/2850/2533
f 698/2858/2540 2234/2850/2533 2233/2852/2530 699/2856/2537
f 90/1169/1135 668/1171/1137 2236/2853/2535 707/1259/2542
f 668/1171/1137 669/2859/1133 2237/2854/2532 2236/2853/2535
f 707/1259/2542 2236/2853/2535 2235/2851/2534 708/2860/2541
f 2239/2861/2543 2240/2862/2544 2238/2863/2545 2244/2864/2546
f 2241/2865/2547 2242/2866/2548 2238/2863/2545 2240/2867/2544
f 2243/2868/2549 2244/2869/2546 2238/2863/2545 2242/2866/2548
f 92/1174/1149 673/2870/2550 2239/2861/2543 679/2871/1150
f 673/2870/2550 672/1178/2551 2240/2862/2544 2239/2861/2543
f 679/2871/1150 2239/2861/2543 2244/2864/2546 678/2872/1152
f 90/1169/2552 1021/2873/2553 2241/2865/2547 671/1170/2554
f 1021/2873/2553 1020/2874/2555 2242/2866/2548 2241/2865/2547
f 671/1170/2554 2241/2865/2547 2240/2867/2544 672/2875/2551
f 89/1193/1154 677/2876/1156 2243/2868/2549 1019/2877/2556
f 677/2876/1156 678/1191/1152 2244/2869/2546 2243/2868/2549
f 1019/2877/2556 2243/2868/2549 2242/2866/2548 1020/2874/2555
f 2246/2878/2557 2247/2879/2558 2245/2880/2559 2251/2881/2560
f 2248/2882/2561 2249/2883/2562 2245/2880/2559 2247/2884/2558
f 2250/2885/2563 2251/2886/2560 2245/2880/2559 2249/2887/2562
f 91/1210/1168 682/2888/2564 2246/2878/2557 686/1211/1169
f 682/2888/2564 681/2889/2565 2247/2879/2558 2246/2878/2557
f 686/1211/1169 2246/2878/2557 2251/2881/2560 687/2890/1171
f 89/2891/2566 1022/2892/2567 2248/2882/2561 680/2893/2568
f 1022/2892/2567 1023/2894/2569 2249/2883/2562 2248/2882/2561
f 680/2893/2568 2248/2882/2561 2247/2884/2558 681/2895/2565
f 94/1215/1173 688/1217/1175 2250/2885/2563 1024/2896/2570
f 688/1217/1175 687/1219/1171 2251/2886/2560 2250/2885/2563
f 1024/2896/2570 2250/2885/2563 2249/2887/2562 1023/2897/2569
f 2253/2898/2571 2254/2899/2572 2252/2900/2573 2258/2901/2574
f 2255/2902/2575 2256/2903/2576 2252/2900/2573 2254/2904/2572
f 2257/2905/2577 2258/2906/2574 2252/2900/2573 2256/2903/2576
f 96/1220/1187 691/2907/2578 2253/2898/2571 697/2908/1188
f 691/2907/2578 690/2909/2579 2254/2899/2572 2253/2898/2571
f 697/2908/1188 2253/2898/2571 2258/2901/2574 696/1237/1190
f 94/1215/2580 703/1285/2581 2255/2902/2575 689/1216/2582
f 703/1285/2581 702/1278/2583 2256/2903/2576 2255/2902/2575
f 689/1216/2582 2255/2902/2575 2254/2904/2572 690/1218/2579
f 93/1239/1192 695/2910/1194 2257/2905/2577 701/1276/2584
f 695/2910/1194 696/1243/1190 2258/2906/2574 2257/2905/2577
f 701/1276/2584 2257/2905/2577 2256/2903/2576 702/1278/2583
f 2260/2911/2585 2261/2912/2586 2259/2913/2587 2265/2914/2588
f 2262/2915/2589 2263/2916/2590 2259/2913/2587 2261/2917/2586
f 2264/2918/2591 2265/2919/2588 2259/2913/2587 2263/2920/2590
f 94/1254/1206 1024/2921/2592 2260/2911/2585 706/2922/1207
f 1024/2921/2592 1023/2923/2593 2261/2912/2586 2260/2911/2585
f 706/2922/1207 2260/2911/2585 2265/2914/2588 705/2924/87
f 89/2925/2594 1019/2926/2595 2262/2915/2589 1022/2927/2596
f 1019/2926/2595 1020/2928/2597 2263/2916/2590 2262/2915/2589
f 1022/2927/2596 2262/2915/2589 2261/2917/2586 1023/2929/2593
f 90/1169/1210 704/1260/1212 2264/2918/2591 1021/2930/2598
f 704/1260/1212 705/1262/87 2265/2919/2588 2264/2918/2591
f 1021/2930/2598 2264/2918/2591 2263/2920/2590 1020/2928/2597
f 2267/2931/2599 2268/2932/2600 2266/2933/2601 2272/2934/2602
f 2269/2935/2603 2270/2936/2604 2266/2933/2601 2268/2932/2600
f 2271/2937/2605 2272/2938/2602 2266/2933/2601 2270/2936/2604
f 92/1239/1224 676/1263/2606 2267/2931/2599 710/2939/1225
f 676/1263/2606 675/1258/2607 2268/2932/2600 2267/2931/2599
f 710/2939/1225 2267/2931/2599 2272/2934/2602 711/1277/106
f 91/2940/2608 683/2941/2609 2269/2935/2603 674/1256/2610
f 683/2941/2609 684/2942/2611 2270/2936/2604 2269/2935/2603
f 674/1256/2610 2269/2935/2603 2268/2932/2600 675/1258/2607
f 96/1279/1228 712/2943/1230 2271/2937/2605 685/2944/2612
f 712/2943/1230 711/1283/106 2272/2938/2602 2271/2937/2605
f 685/2944/2612 2271/2937/2605 2270/2936/2604 684/2942/2611
f 2274/2945/2613 2275/2946/2614 2273/2947/2615 2279/2948/2616
f 2276/2949/2617 2277/2950/2618 2273/2947/2615 2275/2951/2614
f 2278/2952/2619 2279/2953/2616 2273/2947/2615 2277/2954/2618
f 103/1296/1242 748/2955/2620 2274/2945/2613 718/2956/1243
f 748/2955/2620 747/2957/2621 2275/2946/2614 2274/2945/2613
f 718/2956/1243 2274/2945/2613 2279/2948/2616 717/1299/1245
f 101/1370/2622 1027/2958/2623 2276/2949/2617 746/2959/2624
f 1027/2958/2623 1026/2960/2625 2277/2950/2618 2276/2949/2617
f 746/2959/2624 2276/2949/2617 2275/2951/2614 747/2961/2621
f 98/1301/1247 716/2962/1249 2278/2952/2619 1025/2963/2626
f 716/2962/1249 717/1299/1245 2279/2953/2616 2278/2952/2619
f 1025/2963/2626 2278/2952/2619 2277/2954/2618 1026/2964/2625
f 2281/2965/2627 2282/2966/2628 2280/2967/2629 2286/2968/2630
f 2283/2969/2631 2284/2970/2632 2280/2967/2629 2282/2966/2628
f 2285/2971/2633 2286/2972/2630 2280/2967/2629 2284/2973/2632
f 100/1306/1261 721/2974/2634 2281/2965/2627 727/2975/1262
f 721/2974/2634 720/2976/2635 2282/2966/2628 2281/2965/2627
f 727/2975/1262 2281/2965/2627 2286/2968/2630 726/1323/1264
f 98/1301/2636 1030/2977/2637 2283/2969/2631 719/2978/2638
f 1030/2977/2637 1029/2979/2639 2284/2970/2632 2283/2969/2631
f 719/2978/2638 2283/2969/2631 2282/2966/2628 720/1310/2635
f 97/1325/1266 725/2980/1268 2285/2971/2633 1028/2981/2640
f 725/2980/1268 726/2982/1264 2286/2972/2630 2285/2971/2633
f 1028/2981/2640 2285/2971/2633 2284/2973/2632 1029/2979/2639
f 2288/2983/2641 2289/2984/2642 2287/2985/2643 2293/2986/2644
f 2290/2987/2645 2291/2988/2646 2287/2985/2643 2289/2989/2642
f 2292/2990/2647 2293/2991/2644 2287/2985/2643 2291/2992/2646
f 99/1341/1280 730/2993/2648 2288/2983/2641 734/2994/1281
f 730/2993/2648 729/2995/2649 2289/2984/2642 2288/2983/2641
f 734/2994/1281 2288/2983/2641 2293/2986/2644 735/1344/1283
f 97/2996/2650 749/2997/2651 2290/2987/2645 728/2998/2652
f 749/2997/2651 750/2999/2653 2291/2988/2646 2290/2987/2645
f 728/2998/2652 2290/2987/2645 2289/2989/2642 729/2995/2649
f 102/1346/1285 736/3000/1287 2292/2990/2647 751/3001/2654
f 736/3000/1287 735/3002/1283 2293/2991/2644 2292/2990/2647
f 751/3001/2654 2292/2990/2647 2291/2992/2646 750/3003/2653
f 2295/3004/2655 2296/3005/2656 2294/3006/2657 2300/3007/2658
f 2297/3008/2659 2298/3009/2660 2294/3006/2657 2296/3005/2656
f 2299/3010/2661 2300/3011/2658 2294/3006/2657 2298/3012/2660
f 104/1351/1299 739/3013/2662 2295/3004/2655 745/1366/1300
f 739/3013/2662 738/3014/2663 2296/3005/2656 2295/3004/2655
f 745/1366/1300 2295/3004/2655 2300/3007/2658 744/1368/1302
f 102/1346/2664 757/3015/2665 2297/3008/2659 737/3016/2666
f 757/3015/2665 756/3017/2667 2298/3009/2660 2297/3008/2659
f 737/3016/2666 2297/3008/2659 2296/3005/2656 738/1349/2663
f 101/1370/1304 743/3018/1306 2299/3010/2661 755/3019/2668
f 743/3018/1306 744/3020/1302 2300/3011/2658 2299/3010/2661
f 755/3019/2668 2299/3010/2661 2298/3012/2660 756/3017/2667
f 2302/3021/2669 2303/3022/2670 2301/3023/2671 2307/3024/2672
f 2304/3025/2673 2305/3026/2674 2301/3023/2671 2303/3027/2670
f 2306/3028/2675 2307/3029/2672 2301/3023/2671 2305/3026/2674
f 97/1174/1318 1028/3030/2676 2302/3021/2669 752/1387/1319
f 1028/3030/2676 1029/3031/2677 2303/3022/2670 2302/3021/2669
f 752/1387/1319 2302/3021/2669 2307/3024/2672 753/1388/87
f 98/1301/2678 1025/3032/2679 2304/3025/2673 1030/3033/2680
f 1025/3032/2679 1026/3034/2681 2305/3026/2674 2304/3025/2673
f 1030/3033/2680 2304/3025/2673 2303/3027/2670 1029/3035/2677
f 101/1370/1322 754/3036/1324 2306/3028/2675 1027/3037/2682
f 754/3036/1324 753/3038/87 2307/3029/2672 2306/3028/2675
f 1027/3037/2682 2306/3028/2675 2305/3026/2674 1026/3039/2681
f 2309/3040/2683 2310/3041/2684 2308/3042/2685 2314/3043/2686
f 2311/3044/2687 2312/3045/2688 2308/3042/2685 2310/3041/2684
f 2313/3046/2689 2314/3043/2686 2308/3042/2685 2312/3045/2688
f 103/1346/1336 715/3015/2690 2309/3040/2683 760/3047/1337
f 715/3015/2690 714/3017/2691 2310/3041/2684 2309/3040/2683
f 760/3047/1337 2309/3040/2683 2314/3043/2686 759/3048/106
f 100/3049/2692 724/1389/2693 2311/3044/2687 713/3019/2694
f 724/1389/2693 723/1391/2695 2312/3045/2688 2311/3044/2687
f 713/3019/2694 2311/3044/2687 2310/3041/2684 714/3017/2691
f 99/1164/1340 758/3050/1342 2313/3046/2689 722/1394/2696
f 758/3050/1342 759/1408/106 2314/3043/2686 2313/3046/2689
f 722/1394/2696 2313/3046/2689 2312/3045/2688 723/1395/2695
f 2316/3051/2697 2317/3052/2698 2315/3053/2699 2321/3054/2700
f 2318/3055/2701 2319/3056/2702 2315/3053/2699 2317/3057/2698
f 2320/3058/2703 2321/3059/2700 2315/3053/2699 2319/3056/2702
f 111/1424/1354 796/3060/2704 2316/3051/2697 766/3061/1355
f 796/3060/2704 795/3062/2705 2317/3052/2698 2316/3051/2697
f 766/3061/1355 2316/3051/2697 2321/3054/2700 765/1433/1357
f 109/1495/2706 1033/3063/2707 2318/3055/2701 794/3064/2708
f 1033/3063/2707 1032/3065/2709 2319/3056/2702 2318/3055/2701
f 794/3064/2708 2318/3055/2701 2317/3057/2698 795/3066/2705
f 106/1429/1359 764/3067/1361 2320/3058/2703 1031/3068/2710
f 764/3067/1361 765/3069/1357 2321/3059/2700 2320/3058/2703
f 1031/3068/2710 2320/3058/2703 2319/3056/2702 1032/3070/2709
f 2323/3071/2711 2324/3072/2712 2322/3073/2713 2328/3074/2714
f 2325/3075/2715 2326/3076/2716 2322/3073/2713 2324/3077/2712
f 2327/3078/2717 2328/3079/2714 2322/3073/2713 2326/3080/2716
f 108/1434/1373 769/3081/2718 2323/3071/2711 775/3082/1374
f 769/3081/2718 768/3083/2719 2324/3072/2712 2323/3071/2711
f 775/3082/1374 2323/3071/2711 2328/3074/2714 774/1449/1376
f 106/1429/2720 1036/3084/2721 2325/3075/2715 767/3085/2722
f 1036/3084/2721 1035/3086/2723 2326/3076/2716 2325/3075/2715
f 767/3085/2722 2325/3075/2715 2324/3077/2712 768/1432/2719
f 105/1451/1378 773/3087/1380 2327/3078/2717 1034/3088/2724
f 773/3087/1380 774/1449/1376 2328/3079/2714 2327/3078/2717
f 1034/3088/2724 2327/3078/2717 2326/3080/2716 1035/3086/2723
f 2330/3089/2725 2331/3090/2726 2329/3091/2727 2335/3092/2728
f 2332/3093/2729 2333/3094/2730 2329/3091/2727 2331/3095/2726
f 2334/3096/2731 2335/3097/2728 2329/3091/2727 2333/3098/2730
f 107/1466/1392 778/3099/2732 2330/3089/2725 782/3100/1393
f 778/3099/2732 777/3101/2733 2331/3090/2726 2330/3089/2725
f 782/3100/1393 2330/3089/2725 2335/3092/2728 783/3102/1395
f 105/3103/2734 797/3104/2735 2332/3093/2729 776/3105/2736
f 797/3104/2735 798/3106/2737 2333/3094/2730 2332/3093/2729
f 776/3105/2736 2332/3093/2729 2331/3095/2726 777/3101/2733
f 110/1471/1397 784/3107/1399 2334/3096/2731 799/3108/2738
f 784/3107/1399 783/1475/1395 2335/3097/2728 2334/3096/2731
f 799/3108/2738 2334/3096/2731 2333/3098/2730 798/3109/2737
f 2337/3110/2739 2338/3111/2740 2336/3112/2741 2342/3113/2742
f 2339/3114/2743 2340/3115/2744 2336/3112/2741 2338/3116/2740
f 2341/3117/2745 2342/3118/2742 2336/3112/2741 2340/3119/2744
f 112/1476/1411 787/3120/2746 2337/3110/2739 793/3121/1412
f 787/3120/2746 786/1480/2747 2338/3111/2740 2337/3110/2739
f 793/3121/1412 2337/3110/2739 2342/3113/2742 792/1493/1414
f 110/1471/2748 805/3122/2749 2339/3114/2743 785/3123/2750
f 805/3122/2749 804/3124/2751 2340/3115/2744 2339/3114/2743
f 785/3123/2750 2339/3114/2743 2338/3116/2740 786/1480/2747
f 109/1495/1416 791/3125/1418 2341/3117/2745 803/3126/2752
f 791/3125/1418 792/1493/1414 2342/3118/2742 2341/3117/2745
f 803/3126/2752 2341/3117/2745 2340/3119/2744 804/3124/2751
f 2344/3127/2753 2345/3128/2754 2343/3129/2755 2349/3130/2756
f 2346/3131/2757 2347/3132/2758 2343/3129/2755 2345/3128/2754
f 2348/3133/2759 2349/3134/2756 2343/3129/2755 2347/3132/2758
f 105/1510/1430 1034/3135/2760 2344/3127/2753 800/3136/1431
f 1034/3135/2760 1035/3137/2761 2345/3128/2754 2344/3127/2753
f 800/3136/1431 2344/3127/2753 2349/3130/2756 801/3138/87
f 106/1429/2762 1031/3139/2763 2346/3131/2757 1036/3140/2764
f 1031/3139/2763 1032/3070/2765 2347/3132/2758 2346/3131/2757
f 1036/3140/2764 2346/3131/2757 2345/3128/2754 1035/3137/2761
f 109/1495/1434 802/1516/1436 2348/3133/2759 1033/3063/2766
f 802/1516/1436 801/3141/87 2349/3134/2756 2348/3133/2759
f 1033/3063/2766 2348/3133/2759 2347/3132/2758 1032/3065/2765
f 2351/3142/2767 2352/3143/2768 2350/3144/2769 2356/3145/2770
f 2353/3146/2771 2354/3147/2772 2350/3144/2769 2352/3148/2768
f 2355/3149/2773 2356/3145/2770 2350/3144/2769 2354/3150/2772
f 111/1471/1448 763/3122/2774 2351/3142/2767 808/3151/1449
f 763/3122/2774 762/3124/2775 2352/3143/2768 2351/3142/2767
f 808/3151/1449 2351/3142/2767 2356/3145/2770 807/3152/106
f 108/3153/2776 772/1515/2777 2353/3146/2771 761/3126/2778
f 772/1515/2777 771/1517/2779 2354/3147/2772 2353/3146/2771
f 761/3126/2778 2353/3146/2771 2352/3148/2768 762/3124/2775
f 107/1535/1452 806/3154/1454 2355/3149/2773 770/1521/2780
f 806/3154/1454 807/3155/106 2356/3145/2770 2355/3149/2773
f 770/1521/2780 2355/3149/2773 2354/3150/2772 771/1517/2779
f 2358/3156/2529 2359/3157/2781 2357/3158/2531 2363/3159/2532
f 2360/3160/2533 2361/3161/2534 2357/3158/2531 2359/3157/2781
f 2362/3162/2535 2363/3163/2532 2357/3158/2531 2361/3161/2534
f 119/1553/1130 844/3164/2536 2358/3156/2529 814/3165/1131
f 844/3164/2536 843/3166/2537 2359/3157/2781 2358/3156/2529
f 814/3165/1131 2358/3156/2529 2363/3159/2532 813/1562/1133
f 117/1628/2538 853/3167/2539 2360/3160/2533 842/3168/2540
f 853/3167/2539 852/1651/2541 2361/3161/2534 2360/3160/2533
f 842/3168/2540 2360/3160/2533 2359/3157/2781 843/3169/2537
f 114/1558/1135 812/3170/1137 2362/3162/2535 851/1649/2542
f 812/3170/1137 813/3171/1133 2363/3163/2532 2362/3162/2535
f 851/1649/2542 2362/3162/2535 2361/3161/2534 852/1651/2541
f 2365/3172/2543 2366/3173/2544 2364/3174/2545 2370/3175/2546
f 2367/3176/2547 2368/3177/2548 2364/3174/2545 2366/3178/2544
f 2369/3179/2549 2370/3180/2546 2364/3174/2545 2368/3181/2548
f 116/1563/1149 817/3182/2550 2365/3172/2543 823/3183/1150
f 817/3182/2550 816/3184/2551 2366/3173/2544 2365/3172/2543
f 823/3183/1150 2365/3172/2543 2370/3175/2546 822/1578/1152
f 114/1558/2552 1039/3185/2553 2367/3176/2547 815/3186/2554
f 1039/3185/2553 1038/3187/2555 2368/3177/2548 2367/3176/2547
f 815/3186/2554 2367/3176/2547 2366/3178/2544 816/1561/2551
f 113/1580/1154 821/3188/1156 2369/3179/2549 1037/3189/2556
f 821/3188/1156 822/1578/1152 2370/3180/2546 2369/3179/2549
f 1037/3189/2556 2369/3179/2549 2368/3181/2548 1038/3187/2555
f 2372/3190/2782 2373/3191/2558 2371/3192/2559 2377/3193/2560
f 2374/3194/2561 2375/3195/2562 2371/3192/2559 2373/3196/2558
f 2376/3197/2563 2377/3198/2560 2371/3192/2559 2375/3195/2562
f 115/1599/1168 826/3199/2564 2372/3190/2782 830/3200/1169
f 826/3199/2564 825/3201/2565 2373/3191/2558 2372/3190/2782
f 830/3200/1169 2372/3190/2782 2377/3193/2560 831/1602/1171
f 113/3202/2566 1040/3203/2567 2374/3194/2561 824/3204/2568
f 1040/3203/2567 1041/3205/2569 2375/3195/2562 2374/3194/2561
f 824/3204/2568 2374/3194/2561 2373/3196/2558 825/3206/2565
f 118/1604/1173 832/3207/1175 2376/3197/2563 1042/3208/2570
f 832/3207/1175 831/1608/1171 2377/3198/2560 2376/3197/2563
f 1042/3208/2570 2376/3197/2563 2375/3195/2562 1041/3209/2569
f 2379/3210/2571 2380/3211/2572 2378/3212/2573 2384/3213/2574
f 2381/3214/2575 2382/3215/2576 2378/3212/2573 2380/3216/2572
f 2383/3217/2577 2384/3218/2574 2378/3212/2573 2382/3219/2576
f 120/1609/1187 835/3220/2578 2379/3210/2571 841/3221/1188
f 835/3220/2578 834/3222/2579 2380/3211/2572 2379/3210/2571
f 841/3221/1188 2379/3210/2571 2384/3213/2574 840/1632/1190
f 118/1604/2580 847/1672/2581 2381/3214/2575 833/3223/2582
f 847/1672/2581 846/1667/2583 2382/3215/2576 2381/3214/2575
f 833/3223/2582 2381/3214/2575 2380/3216/2572 834/1613/2579
f 117/1628/1192 839/3224/1194 2383/3217/2577 845/1665/2584
f 839/3224/1194 840/1632/1190 2384/3218/2574 2383/3217/2577
f 845/1665/2584 2383/3217/2577 2382/3219/2576 846/1667/2583
f 2386/3225/2585 2387/3226/2586 2385/3227/2587 2391/3228/2588
f 2388/3229/2589 2389/3230/2590 2385/3227/2587 2387/3231/2586
f 2390/3232/2591 2391/3233/2588 2385/3227/2587 2389/3234/2590
f 118/1424/1206 1042/1426/2592 2386/3225/2585 850/3235/1207
f 1042/1426/2592 1041/1428/2593 2387/3226/2586 2386/3225/2585
f 850/3235/1207 2386/3225/2585 2391/3228/2588 849/3236/87
f 113/3237/2594 1037/3238/2595 2388/3229/2589 1040/1435/2596
f 1037/3238/2595 1038/3239/2597 2389/3230/2590 2388/3229/2589
f 1040/1435/2596 2388/3229/2589 2387/3231/2586 1041/1428/2593
f 114/1558/1210 848/3240/1212 2390/3232/2591 1039/3241/2598
f 848/3240/1212 849/1647/87 2391/3233/2588 2390/3232/2591
f 1039/3241/2598 2390/3232/2591 2389/3234/2590 1038/3239/2597
f 2393/3242/2599 2394/3243/2600 2392/3244/2601 2398/3245/2602
f 2395/3246/2603 2396/3247/2604 2392/3244/2601 2394/3243/2600
f 2397/3248/2605 2398/3249/2602 2392/3244/2601 2396/3250/2604
f 116/1628/1224 820/1653/2606 2393/3242/2599 854/3251/1225
f 820/1653/2606 819/1648/2607 2394/3243/2600 2393/3242/2599
f 854/3251/1225 2393/3242/2599 2398/3245/2602 855/3252/106
f 115/3253/2608 827/1499/2609 2395/3246/2603 818/1646/2610
f 827/1499/2609 828/1494/2611 2396/3247/2604 2395/3246/2603
f 818/1646/2610 2395/3246/2603 2394/3243/2600 819/1648/2607
f 120/1476/1228 856/1669/1230 2397/3248/2605 829/1492/2612
f 856/1669/1230 855/3254/106 2398/3249/2602 2397/3248/2605
f 829/1492/2612 2397/3248/2605 2396/3250/2604 828/1494/2611
f 2400/3255/2783 2401/3256/2784 2399/3257/2785 2405/3258/2786
f 2402/3259/2787 2403/3260/2788 2399/3257/2785 2401/3256/2784
f 2404/3261/2789 2405/3262/2786 2399/3257/2785 2403/3260/2788
f 127/1683/1467 892/3263/2790 2400/3255/2783 862/3264/1468
f 892/3263/2790 891/3265/2791 2401/3256/2784 2400/3255/2783
f 862/3264/1468 2400/3255/2783 2405/3258/2786 861/3266/1470
f 125/1755/2792 901/3267/2793 2402/3259/2787 890/3268/2794
f 901/3267/2793 900/3269/2795 2403/3260/2788 2402/3259/2787
f 890/3268/2794 2402/3259/2787 2401/3256/2784 891/3270/2791
f 122/1688/1472 860/3271/1474 2404/3261/2789 899/1775/2796
f 860/3271/1474 861/1686/1470 2405/3262/2786 2404/3261/2789
f 899/1775/2796 2404/3261/2789 2403/3260/2788 900/3269/2795
f 2407/3272/2797 2408/3273/2798 2406/3274/2799 2412/3275/2800
f 2409/3276/2801 2410/3277/2802 2406/3274/2799 2408/3278/2798
f 2411/3279/2803 2412/3280/2800 2406/3274/2799 2410/3281/2802
f 124/1693/1486 865/3282/2804 2407/3272/2797 871/3283/1487
f 865/3282/2804 864/3284/2805 2408/3273/2798 2407/3272/2797
f 871/3283/1487 2407/3272/2797 2412/3275/2800 870/3285/1489
f 122/1688/2806 1045/3286/2807 2409/3276/2801 863/3287/2808
f 1045/3286/2807 1044/3288/2809 2410/3277/2802 2409/3276/2801
f 863/3287/2808 2409/3276/2801 2408/3278/2798 864/1691/2805
f 121/1710/1491 869/3289/1493 2411/3279/2803 1043/3290/2810
f 869/3289/1493 870/3285/1489 2412/3280/2800 2411/3279/2803
f 1043/3290/2810 2411/3279/2803 2410/3281/2802 1044/3288/2809
f 2414/3291/2811 2415/3292/2812 2413/3293/2813 2419/3294/2814
f 2416/3295/2815 2417/3296/2816 2413/3293/2813 2415/3297/2812
f 2418/3298/2817 2419/3299/2814 2413/3293/2813 2417/3296/2816
f 123/1726/1505 874/3300/2818 2414/3291/2811 878/3301/1506
f 874/3300/2818 873/3302/2819 2415/3292/2812 2414/3291/2811
f 878/3301/1506 2414/3291/2811 2419/3294/2814 879/3303/1508
f 121/3304/2820 1046/3305/2821 2416/3295/2815 872/3306/2822
f 1046/3305/2821 1047/3307/2823 2417/3296/2816 2416/3295/2815
f 872/3306/2822 2416/3295/2815 2415/3297/2812 873/3302/2819
f 126/1731/1510 880/3308/1512 2418/3298/2817 1048/3309/2824
f 880/3308/1512 879/3310/1508 2419/3299/2814 2418/3298/2817
f 1048/3309/2824 2418/3298/2817 2417/3296/2816 1047/3311/2823
f 2421/3312/2825 2422/3313/2826 2420/3314/2827 2426/3315/2828
f 2423/3316/2829 2424/3317/2830 2420/3314/2827 2422/3318/2826
f 2425/3319/2831 2426/3320/2828 2420/3314/2827 2424/3321/2830
f 128/1736/1524 883/3322/2832 2421/3312/2825 889/3323/1525
f 883/3322/2832 882/3324/2833 2422/3313/2826 2421/3312/2825
f 889/3323/1525 2421/3312/2825 2426/3315/2828 888/1753/1527
f 126/1731/2834 895/1800/2835 2423/3316/2829 881/3325/2836
f 895/1800/2835 894/1794/2837 2424/3317/2830 2423/3316/2829
f 881/3325/2836 2423/3316/2829 2422/3318/2826 882/1740/2833
f 125/1755/1529 887/3326/1531 2425/3319/2831 893/1792/2838
f 887/3326/1531 888/1753/1527 2426/3320/2828 2425/3319/2831
f 893/1792/2838 2425/3319/2831 2424/3321/2830 894/1794/2837
f 2428/3327/2839 2429/3328/2840 2427/3329/2841 2433/3330/2842
f 2430/3331/2843 2431/3332/2844 2427/3329/2841 2429/3333/2840
f 2432/3334/2845 2433/3330/2842 2427/3329/2841 2431/3335/2844
f 126/1553/1543 1048/1555/2846 2428/3327/2839 898/1771/1544
f 1048/1555/2846 1047/1557/2847 2429/3328/2840 2428/3327/2839
f 898/1771/1544 2428/3327/2839 2433/3330/2842 897/3336/87
f 121/3337/2848 1043/3338/2849 2430/3331/2843 1046/1564/2850
f 1043/3338/2849 1044/3339/2851 2431/3332/2844 2430/3331/2843
f 1046/1564/2850 2430/3331/2843 2429/3333/2840 1047/1557/2847
f 122/1688/1547 896/3340/1549 2432/3334/2845 1045/3341/2852
f 896/3340/1549 897/1773/87 2433/3330/2842 2432/3334/2845
f 1045/3341/2852 2432/3334/2845 2431/3335/2844 1044/3339/2851
f 2435/3342/2853 2436/3343/2854 2434/3344/2855 2440/3345/2856
f 2437/3346/2857 2438/3347/2858 2434/3344/2855 2436/3343/2854
f 2439/3348/2859 2440/3349/2856 2434/3344/2855 2438/3350/2858
f 124/1755/1561 868/1779/2860 2435/3342/2853 902/3351/1562
f 868/1779/2860 867/1774/2861 2436/3343/2854 2435/3342/2853
f 902/3351/1562 2435/3342/2853 2440/3345/2856 903/3352/106
f 123/3353/2862 875/1633/2863 2437/3346/2857 866/1772/2864
f 875/1633/2863 876/1627/2865 2438/3347/2858 2437/3346/2857
f 866/1772/2864 2437/3346/2857 2436/3343/2854 867/1774/2861
f 128/1609/1565 904/1796/1567 2439/3348/2859 877/1625/2866
f 904/1796/1567 903/3354/106 2440/3349/2856 2439/3348/2859
f 877/1625/2866 2439/3348/2859 2438/3350/2858 876/1627/2865
f 2442/3355/2867 2443/3356/2868 2441/3357/2869 2447/3358/2870
f 2444/3359/2871 2445/3360/2872 2441/3357/2869 2443/3356/2868
f 2446/3361/2873 2447/3362/2870 2441/3357/2869 2445/3363/2872
f 135/1811/1579 940/3364/2874 2442/3355/2867 910/1812/1580
f 940/3364/2874 939/3365/2875 2443/3356/2868 2442/3355/2867
f 910/1812/1580 2442/3355/2867 2447/3358/2870 909/3366/11
f 133/1879/2876 1051/3367/2877 2444/3359/2871 938/3368/2878
f 1051/3367/2877 1050/3369/2879 2445/3360/2872 2444/3359/2871
f 938/3368/2878 2444/3359/2871 2443/3356/2868 939/3370/2875
f 130/1815/1583 908/3371/1585 2446/3361/2873 1049/3372/2880
f 908/3371/1585 909/3373/11 2447/3362/2870 2446/3361/2873
f 1049/3372/2880 2446/3361/2873 2445/3363/2872 1050/3374/2879
f 2449/3375/2881 2450/3376/2882 2448/3377/2883 2454/3378/2884
f 2451/3379/2885 2452/3380/2886 2448/3377/2883 2450/3376/2882
f 2453/3381/2887 2454/3382/2884 2448/3377/2883 2452/3380/2886
f 132/1820/1597 913/3383/2888 2449/3375/2881 919/1831/1598
f 913/3383/2888 912/3384/2889 2450/3376/2882 2449/3375/2881
f 919/1831/1598 2449/3375/2881 2454/3378/2884 918/1833/30
f 130/1815/2890 1054/3385/2891 2451/3379/2885 911/3386/2892
f 1054/3385/2891 1053/3387/2893 2452/3380/2886 2451/3379/2885
f 911/3386/2892 2451/3379/2885 2450/3376/2882 912/3388/2889
f 129/1835/1601 917/3389/1603 2453/3381/2887 1052/3390/2894
f 917/3389/1603 918/1839/30 2454/3382/2884 2453/3381/2887
f 1052/3390/2894 2453/3381/2887 2452/3380/2886 1053/3387/2893
f 2456/3391/2895 2457/3392/2896 2455/3393/2897 2461/3394/2898
f 2458/3395/2899 2459/3396/2900 2455/3393/2897 2457/3392/2896
f 2460/3397/2901 2461/3394/2898 2455/3393/2897 2459/3396/2900
f 131/1853/1615 922/3398/2902 2456/3391/2895 926/1854/1616
f 922/3398/2902 921/3399/2903 2457/3392/2896 2456/3391/2895
f 926/1854/1616 2456/3391/2895 2461/3394/2898 927/1856/49
f 129/3400/2904 941/3401/2905 2458/3395/2899 920/3402/2906
f 941/3401/2905 942/3403/2907 2459/3396/2900 2458/3395/2899
f 920/3402/2906 2458/3395/2899 2457/3392/2896 921/3399/2903
f 134/1858/1619 928/1860/1621 2460/3397/2901 943/3404/2908
f 928/1860/1621 927/3405/49 2461/3394/2898 2460/3397/2901
f 943/3404/2908 2460/3397/2901 2459/3396/2900 942/3403/2907
f 2463/3406/2909 2464/3407/2910 2462/3408/2911 2468/3409/2912
f 2465/3410/2913 2466/3411/2914 2462/3408/2911 2464/3407/2910
f 2467/3412/2915 2468/3409/2912 2462/3408/2911 2466/3413/2914
f 136/1863/1633 931/1865/2916 2463/3406/2909 937/1875/1634
f 931/1865/2916 930/3414/2917 2464/3407/2910 2463/3406/2909
f 937/1875/1634 2463/3406/2909 2468/3409/2912 936/1877/68
f 134/1858/2918 949/1921/2919 2465/3410/2913 929/3415/2920
f 949/1921/2919 948/1916/2921 2466/3411/2914 2465/3410/2913
f 929/3415/2920 2465/3410/2913 2464/3407/2910 930/3414/2917
f 133/1879/1637 935/3416/1639 2467/3412/2915 947/1914/2922
f 935/3416/1639 936/1883/68 2468/3409/2912 2467/3412/2915
f 947/1914/2922 2467/3412/2915 2466/3413/2914 948/1916/2921
f 2470/3417/2923 2471/3418/2924 2469/3419/2925 2475/3420/2926
f 2472/3421/2927 2473/3422/2928 2469/3419/2925 2471/3423/2924
f 2474/3424/2929 2475/3425/2926 2469/3419/2925 2473/3426/2928
f 129/657/1651 1052/3427/2930 2470/3417/2923 944/3428/1652
f 1052/3427/2930 1053/3429/2931 2471/3418/2924 2470/3417/2923
f 944/3428/1652 2470/3417/2923 2475/3420/2926 945/1897/87
f 130/1815/2932 1049/3430/2933 2472/3421/2927 1054/3431/2934
f 1049/3430/2933 1050/3432/2935 2473/3422/2928 2472/3421/2927
f 1054/3431/2934 2472/3421/2927 2471/3423/2924 1053/3429/2931
f 133/1879/1655 946/3433/1657 2474/3424/2929 1051/3367/2936
f 946/3433/1657 945/3434/87 2475/3425/2926 2474/3424/2929
f 1051/3367/2936 2474/3424/2929 2473/3426/2928 1050/3435/2935
f 2477/3436/2937 2478/3437/2938 2476/3438/2939 2482/3439/2940
f 2479/3440/2941 2480/3441/2942 2476/3438/2939 2478/3442/2938
f 2481/3443/2943 2482/3444/2940 2476/3438/2939 2480/3441/2942
f 132/1879/1669 916/1898/2944 2477/3436/2937 950/3445/1670
f 916/1898/2944 915/1900/2945 2478/3437/2938 2477/3436/2937
f 950/3445/1670 2477/3436/2937 2482/3439/2940 951/3446/106
f 131/1902/2946 923/724/2947 2479/3440/2941 914/1903/2948
f 923/724/2947 924/718/2949 2480/3441/2942 2479/3440/2941
f 914/1903/2948 2479/3440/2941 2478/3442/2938 915/1900/2945
f 136/702/1673 952/1918/1675 2481/3443/2943 925/716/2950
f 952/1918/1675 951/1915/106 2482/3444/2940 2481/3443/2943
f 925/716/2950 2481/3443/2943 2480/3441/2942 924/718/2949
